Workbook
Name AnnullaInseriscidata: #REF!
Name AnnullaInseriscidata: #REF!
Name InserisciData: #REF!
Name InserisciData: #REF!

Sheet CI
W1: HEAD OFFICE & CHANGWON PLANT
W2: 22, DoosanVolvo-ro, Seongsan-gu, Changwon-Si,
W3: Gyeongsangnam-do, Korea
W4: (P.O.BOX 77, Changwon, Korea)
W5: TEL:(055)278-6114,7114 FAX:(055)264-5551/2
A6: PROFORMA INVOICE ПРОФОРМА ИНВОЙС
A8: 1. Shipper / Грузоотправитель | R8: 11. Invoice № : | V8: PGU-DE-0336
B9: Doosan Enerbility Co., Ltd (DOOSAN) | R9: Инвойс №
B10: 22, DoosanVolvo-ro, Seongsan-gu, Changwon-si, Gyeongsangnam-do | R10: 12. Date : | V10: 45756
B11: Republic of Korea | R11: Дата
A12: 2. Consignee / Грузополучатель | R12: 13. Remarks / Примечания
B13: Branch of JSC "Doosan Enerbility" in the Turkestan region
B14: 321 Tauke Khan Avenue, Turkestan region, Turkestan, Kazakhstan, 161200 | S14: *Project Name / Название Проекта
B15: BIN: 230741006561 | S15: Construction of a 1000 MW CCGT Power Plant in the Sairam District of Turkistan Region, Main Site. Without External Engineering Networks
S17: *MANUFACTURER'S NAME / НАЗВАНИЕ ПРОИЗВОДИТЕЛЯ
A18: 3. Notify party / Уведомляемая сторона | S18: Dasan DTS
B19: =CI!B19 -> Wise Logistics | S19: *MANUFACTURE YEAR / ГОД ИЗГОТОВЛЕНИЯ
B20: =CI!B20 -> ATTAN: MS. Aliya | S20: 2025
B21: =CI!B21 -> (E): a.kipshakbayeva@wiselogistics.kz | S21: *COUNTRY OF ORIGIN / СТРАНА ПРОИСХОЖДЕНИЯ
B22: =CI!B22 -> (T): +7 701 512 19 69 | S22: Republic of Korea
S23: *INCOTERMS / УСЛОВИЯ ПОСТАВКИ СОГЛАСНО ИНКОТЕРМС
S24: DDP Turkistan
A25: 4. Port of Loading / Порт погрузки | I25: 5. Carrier / Перевозчик
B26: Masan, Korea | J26: Later
A28: 6. Port of Unloading / Порт разгрузки | I28: 7. Final Destination / Конечный пункт назначения | R28: 14. Mark and Numbers of PKGS / Маркировка и количество упаковок
B30: Later | I30: Turkestan region, Sairam district, Karamurt rural district, quarter 171 | S30: PKG No. | X30: : | Y30: PGU-DE-0336-FGSS-001~187
S31: Q-ty of Package | X31: : | Y31: 129 | AC31: PKGS
A32: 8. Voyage No / Рейс № | I32: 9. Sailing on or about / Дата или ожидаемая дата | S32: Net Weight (kg) | X32: : | Y32: ='Summary PL'!L144 -> 503160.48 | AC32: KG
B33: Later | S33: Gross Weight (kg) | X33: : | Y33: ='Summary PL'!M144 -> 524302.3 | AC33: KG
J34: Later | S34: Dimension (m3) | X34: : | Y34: =PL!Y34 -> 2823.041 | AC34: m3
A36: 10. Customs Place / Место таможенного оформления
B37: Turkestan Oblast, Sairam district, Karamurt rural district, quarter 171
A39: 15. Description of Goods / Описание товара | R39: 16. HS CODE / | W39: 17. Quantity / | AA39: 18. Total Price (USD)
R40: Код ТН ВЭД | W40: Количество | AA40: Общая сумма (Дол. США)
B41: Fuel Gas Supply System | W41: 1 SET | AC41: =CI_BD!I138 -> 8581723
B42: Пункт подготовки газа | AD42: CD #5 Item 6.1
I44: Total (DDP Value)
S52: Signed by
A53: Doosan Enerbility Co., Ltd
A54: 155, Jeongjail-ro, Bundang-gu, Seongnam-si, Gyeonggi-do, Korea
A55: Tel. +82 31 5179 2045 | V55: Gihun Bek / Project Director
A56: Fax. +82 31 5179 2197
A58: Doosan Enerbility Co., Ltd.

Sheet CI_BD
J1: HEAD OFFICE & CHANGWON PLANT
J2: 22, DoosanVolvo-ro, Seongsan-gu, Changwon-Si,
J3: Gyeongsangnam-do, Korea
J4: (P.O.BOX 77, Changwon, Korea)
J5: TEL:(055)278-6114,7114 FAX:(055)264-5551/2
A6: PROFORMA INVOICE (Break-down) ПРОФОРМА-ИНВОЙС (Разбивка)
A7: Invoice № : | B7: PGU-DE-0XX
A8: № | B8: № Package | C8: Description of Goods Specification | D8: Material | E8: HS CODE | F8: Quantity | G8: Unit | H8: U/Price (USD) | I8: Amount (USD) | J8: Country of Origin | K8: Remark
A9: 1 | B9: PGU-DE-0336-FGSS-001 | C9: ESDV Skid | F9: 1 | G9: EA / ШТ. | H9: 235367 | I9: =F9*H9 -> 235367 | J9: Korea | M9: 5
A10: 2 | B10: PGU-DE-0336-FGSS-002 | C10: Filter Separator Skid | F10: 1 | G10: EA / ШТ. | H10: 573069 | I10: =F10*H10 -> 573069 | J10: Korea | M10: 1
A11: 3 | B11: PGU-DE-0336-FGSS-003 | C11: Filter Separator Skid | F11: 1 | G11: EA / ШТ. | H11: 573069 | I11: =F11*H11 -> 573069 | J11: Korea | M11: 1
A12: 4 | B12: PGU-DE-0336-FGSS-004 | C12: Metering Skid | F12: 1 | G12: EA / ШТ. | H12: 245601 | I12: =F12*H12 -> 245601 | J12: Korea | M12: 2
A13: 5 | B13: PGU-DE-0336-FGSS-005 | C13: Metering Skid | F13: 1 | G13: EA / ШТ. | H13: 245601 | I13: =F13*H13 -> 245601 | J13: Korea | M13: 2
A14: 6 | B14: PGU-DE-0336-FGSS-006 | C14: Gas Pre-Heater Piping Skid | F14: 1 | G14: EA / ШТ. | H14: 220017 | I14: =F14*H14 -> 220017 | J14: Korea | M14: 6
A15: 7 | B15: PGU-DE-0336-FGSS-007 | C15: PRV Skid | F15: 1 | G15: EA / ШТ. | H15: 479264 | I15: =F15*H15 -> 479264 | J15: Korea | M15: 4
A16: 8 | B16: PGU-DE-0336-FGSS-008 | C16: PRV Skid | F16: 1 | G16: EA / ШТ. | H16: 100628 | I16: =F16*H16 -> 100628 | J16: Korea | M16: 4
A17: 9 | B17: PGU-DE-0336-FGSS-009 | C17: Performance Heater Skid | F17: 1 | G17: EA / ШТ. | H17: 230251 | I17: =F17*H17 -> 230251 | J17: Korea | M17: 7
A18: 10 | B18: PGU-DE-0336-FGSS-010 | C18: Performance Heater Skid | F18: 1 | G18: EA / ШТ. | H18: 230251 | I18: =F18*H18 -> 230251 | J18: Korea | M18: 7
A19: 11 | B19: PGU-DE-0336-FGSS-011 | C19: Performance Heater Skid | F19: 1 | G19: EA / ШТ. | H19: 230251 | I19: =F19*H19 -> 230251 | J19: Korea | M19: 7
A20: 12 | B20: PGU-DE-0336-FGSS-012 | C20: Performance Heater Skid | F20: 1 | G20: EA / ШТ. | H20: 230251 | I20: =F20*H20 -> 230251 | J20: Korea | M20: 7
... A26: 18 | B26: PGU-DE-0336-FGSS-020 | C26: Final Filter & Drain Tank Skid Ladder Access | F26: 1 | G26: EA / ШТ. | H26: 11938 | I26: =F26*H26 -> 11938 | J26: Korea | M26: 8
A27: 19 | B27: PGU-DE-0336-FGSS-021 | C27: Filter Separator Skid Ladder Access | F27: 1 | G27: EA / ШТ. | H27: 10197 | I27: =F27*H27 -> 10197 | J27: Korea
A28: 20 | B28: PGU-DE-0336-FGSS-022 | C28: POV | F28: 1 | G28: EA / ШТ. | H28: 17141 | I28: =F28*H28 -> 17141 | J28: Korea
A29: 21 | B29: PGU-DE-0336-FGSS-023 | C29: POV | F29: 1 | G29: EA / ШТ. | H29: 17141 | I29: =F29*H29 -> 17141 | J29: Korea
A30: 22 | B30: PGU-DE-0336-FGSS-024 | C30: POV | F30: 1 | G30: EA / ШТ. | H30: 17141 | I30: =F30*H30 -> 17141 | J30: Korea
A31: 23 | B31: PGU-DE-0336-FGSS-025 | C31: POV | F31: 1 | G31: EA / ШТ. | H31: 17141 | I31: =F31*H31 -> 17141 | J31: Korea
A32: 24 | B32: PGU-DE-0336-FGSS-026 | C32: Pipe spool | F32: 1 | G32: EA / ШТ. | H32: 76206 | I32: =F32*H32 -> 76206 | J32: Korea | M32: 9
A33: 25 | B33: PGU-DE-0336-FGSS-027 | C33: Pipe spool | F33: 1 | G33: EA / ШТ. | H33: 65357 | I33: =F33*H33 -> 65357 | J33: Korea | M33: 9
A34: 26 | B34: PGU-DE-0336-FGSS-028 | C34: Pipe spool | F34: 1 | G34: EA / ШТ. | H34: 16015 | I34: =F34*H34 -> 16015 | J34: Korea | M34: 9
A35: 27 | B35: PGU-DE-0336-FGSS-029 | C35: Pipe spool | F35: 1 | G35: EA / ШТ. | H35: 58364 | I35: =F35*H35 -> 58364 | J35: Korea | M35: 9
A36: 28 | B36: PGU-DE-0336-FGSS-030 | C36: Pipe spool | F36: 1 | G36: EA / ШТ. | H36: 49120 | I36: =F36*H36 -> 49120 | J36: Korea | M36: 9
A37: 29 | B37: PGU-DE-0336-FGSS-031 | C37: Pipe spool | F37: 1 | G37: EA / ШТ. | H37: 80452 | I37: =F37*H37 -> 80452 | J37: Korea | M37: 9
A38: 30 | B38: PGU-DE-0336-FGSS-032 | C38: Pipe spool | F38: 1 | G38: EA / ШТ. | H38: 87402 | I38: =F38*H38 -> 87402 | J38: Korea | M38: 9
A39: 31 | B39: PGU-DE-0336-FGSS-033 | C39: Pipe spool | F39: 1 | G39: EA / ШТ. | H39: 80639 | I39: =F39*H39 -> 80639 | J39: Korea | M39: 9
A40: 32 | B40: PGU-DE-0336-FGSS-034 | C40: Pipe spool | F40: 1 | G40: EA / ШТ. | H40: 93311 | I40: =F40*H40 -> 93311 | J40: Korea | M40: 9
A41: 33 | B41: PGU-DE-0336-FGSS-035 | C41: Pipe spool | F41: 1 | G41: EA / ШТ. | H41: 26538 | I41: =F41*H41 -> 26538 | J41: Korea | M41: 9
A42: 34 | B42: PGU-DE-0336-FGSS-036 | C42: Pipe spool | F42: 1 | G42: EA / ШТ. | H42: 14669 | I42: =F42*H42 -> 14669 | J42: Korea | M42: 9
A43: 35 | B43: PGU-DE-0336-FGSS-037 | C43: Pipe spool | F43: 1 | G43: EA / ШТ. | H43: 9179 | I43: =F43*H43 -> 9179 | J43: Korea | M43: 9
... A48: 40 | B48: PGU-DE-0336-FGSS-042 | C48: Pipe support | F48: 1 | G48: EA / ШТ. | H48: 29772 | I48: =F48*H48 -> 29772 | J48: Korea | M48: 9
A49: 41 | B49: PGU-DE-0336-FGSS-047 | C49: Bolt & Nut | F49: 1 | G49: EA / ШТ. | H49: 31903 | I49: =F49*H49 -> 31903 | J49: Korea
A50: 42 | B50: PGU-DE-0336-FGSS-048 | C50: Flange & Gasket | F50: 1 | G50: EA / ШТ. | H50: 9193 | I50: =F50*H50 -> 9193 | J50: Korea
A51: 43 | B51: PGU-DE-0336-FGSS-049 | C51: Commissioining Parts | F51: 1 | G51: EA / ШТ. | H51: 25745 | I51: =F51*H51 -> 25745 | J51: Korea
A52: 44 | B52: PGU-DE-0336-FGSS-051 | C52: Commissioining Parts | F52: 1 | G52: EA / ШТ. | H52: 1705 | I52: =F52*H52 -> 1705 | J52: Korea
A53: 45 | B53: PGU-DE-0336-FGSS-052 | C53: Commissioining Parts | F53: 1 | G53: EA / ШТ. | H53: 1978 | I53: =F53*H53 -> 1978 | J53: Korea
A54: 46 | B54: PGU-DE-0336-FGSS-053 | C54: Commissioining Parts | F54: 1 | G54: EA / ШТ. | H54: 1535 | I54: =F54*H54 -> 1535 | J54: Korea
A55: 47 | B55: PGU-DE-0336-FGSS-061 | C55: Analyzer Cabinet | F55: 1 | G55: EA / ШТ. | H55: 20807 | I55: =F55*H55 -> 20807 | J55: Korea | M55: 3
A56: 48 | B56: PGU-DE-0336-FGSS-062 | C56: Analyzer Cabinet Bulk & Loose | F56: 1 | G56: EA / ШТ. | H56: 2560 | I56: =F56*H56 -> 2560 | J56: Korea | M56: 3
A57: 49 | B57: PGU-DE-0336-FGSS-063 | C57: PLC PANEL | F57: 1 | G57: EA / ШТ. | H57: 7675 | I57: =F57*H57 -> 7675 | J57: Korea | M57: 3
A58: 50 | B58: PGU-DE-0336-FGSS-064 | C58: GDS PANEL | F58: 1 | G58: EA / ШТ. | H58: 1705 | I58: =F58*H58 -> 1705 | J58: Korea | M58: 3
A59: 51 | B59: PGU-DE-0336-FGSS-065 | C59: EHT PANEL | F59: 1 | G59: EA / ШТ. | H59: 5969 | I59: =F59*H59 -> 5969 | J59: Korea | M59: 3
A60: 52 | B60: PGU-DE-0336-FGSS-066 | C60: EHT Accessories | F60: 1 | G60: EA / ШТ. | H60: 3413 | I60: =F60*H60 -> 3413 | J60: Korea | M60: 3
A61: 53 | B61: PGU-DE-0336-FGSS-067 | C61: MCC & UPS PANEL | F61: 1 | G61: EA / ШТ. | H61: 13645 | I61: =F61*H61 -> 13645 | J61: Korea | M61: 3
A62: 54 | B62: PGU-DE-0336-FGSS-069 | C62: PUMP LCP PANEL | F62: 1 | G62: EA / ШТ. | H62: 9381 | I62: =F62*H62 -> 9381 | J62: Korea | M62: 3
A63: 55 | B63: PGU-DE-0336-FGSS-070 | C63: Control System | F63: 1 | G63: EA / ШТ. | H63: 649 | I63: =F63*H63 -> 649 | J63: Korea | M63: 3
A64: 56 | B64: PGU-DE-0336-FGSS-071 | C64: Junction Box with Rack | F64: 1 | G64: EA / ШТ. | H64: 1705 | I64: =F64*H64 -> 1705 | J64: Korea | M64: 3
A65: 57 | B65: PGU-DE-0336-FGSS-072 | C65: Cable Wooden Rolls | F65: 1 | G65: EA / ШТ. | H65: 342 | I65: =F65*H65 -> 342 | J65: Korea
A66: 58 | B66: PGU-DE-0336-FGSS-073 | C66: Cable Wooden Rolls | F66: 1 | G66: EA / ШТ. | H66: 12245 | I66: =F66*H66 -> 12245 | J66: Korea
A67: 59 | B67: PGU-DE-0336-FGSS-074 | C67: Cable Wooden Rolls | F67: 1 | G67: EA / ШТ. | H67: 7572 | I67: =F67*H67 -> 7572 | J67: Korea
A68: 60 | B68: PGU-DE-0336-FGSS-075 | C68: Cable Wooden Rolls | F68: 1 | G68: EA / ШТ. | H68: 19171 | I68: =F68*H68 -> 19171 | J68: Korea
A69: 61 | B69: PGU-DE-0336-FGSS-076 | C69: Cable Wooden Rolls | F69: 1 | G69: EA / ШТ. | H69: 7419 | I69: =F69*H69 -> 7419 | J69: Korea
A70: 62 | B70: PGU-DE-0336-FGSS-077 | C70: Cable Wooden Rolls | F70: 1 | G70: EA / ШТ. | H70: 342 | I70: =F70*H70 -> 342 | J70: Korea
A71: 63 | B71: PGU-DE-0336-FGSS-078 | C71: Cable Wooden Rolls | F71: 1 | G71: EA / ШТ. | H71: 8152 | I71: =F71*H71 -> 8152 | J71: Korea
A72: 64 | B72: PGU-DE-0336-FGSS-079 | C72: Cable Wooden Rolls | F72: 1 | G72: EA / ШТ. | H72: 10216 | I72: =F72*H72 -> 10216 | J72: Korea
A73: 65 | B73: PGU-DE-0336-FGSS-080 | C73: Cable Wooden Rolls | F73: 1 | G73: EA / ШТ. | H73: 18062 | I73: =F73*H73 -> 18062 | J73: Korea
A74: 66 | B74: PGU-DE-0336-FGSS-081 | C74: Cable Wooden Rolls | F74: 1 | G74: EA / ШТ. | H74: 11120 | I74: =F74*H74 -> 11120 | J74: Korea
A75: 67 | B75: PGU-DE-0336-FGSS-082 | C75: Cable Wooden Rolls | F75: 1 | G75: EA / ШТ. | H75: 11052 | I75: =F75*H75 -> 11052 | J75: Korea
A76: 68 | B76: PGU-DE-0336-FGSS-083 | C76: Cable Wooden Rolls | F76: 1 | G76: EA / ШТ. | H76: 22308 | I76: =F76*H76 -> 22308 | J76: Korea
... A91: 83 | B91: PGU-DE-0336-FGSS-098 | C91: Electrical Bulk Material & Loose Supply Instruments | F91: 1 | G91: EA / ШТ. | H91: 57122 | I91: =F91*H91 -> 57122 | J91: Korea
A92: 84 | B92: PGU-DE-0336-FGSS-101 | C92: Insulation Material | F92: 1 | G92: EA / ШТ. | H92: 5116 | I92: =F92*H92 -> 5116 | J92: Korea | M92: 9
A93: 85 | B93: PGU-DE-0336-FGSS-102 | C93: Insulation Material | F93: 1 | G93: EA / ШТ. | H93: 4263 | I93: =F93*H93 -> 4263 | J93: Korea | M93: 9
A94: 86 | B94: PGU-DE-0336-FGSS-106 | C94: Insulation Material | F94: 1 | G94: EA / ШТ. | H94: 9994 | I94: =F94*H94 -> 9994 | J94: Korea | M94: 9
A95: 87 | B95: PGU-DE-0336-FGSS-107 | C95: Insulation Material | F95: 1 | G95: EA / ШТ. | H95: 20466 | I95: =F95*H95 -> 20466 | J95: Korea | M95: 9
A96: 88 | B96: PGU-DE-0336-FGSS-108 | C96: Insulation Material | F96: 1 | G96: EA / ШТ. | H96: 8527 | I96: =F96*H96 -> 8527 | J96: Korea | M96: 9
A97: 89 | B97: PGU-DE-0336-FGSS-109 | C97: Insulation Material | F97: 1 | G97: EA / ШТ. | H97: 9039 | I97: =F97*H97 -> 9039 | J97: Korea | M97: 9
A98: 90 | B98: PGU-DE-0336-FGSS-110 | C98: Insulation Material | F98: 1 | G98: EA / ШТ. | H98: 18761 | I98: =F98*H98 -> 18761 | J98: Korea | M98: 9
A99: 91 | B99: PGU-DE-0336-FGSS-111 | C99: Insulation Material | F99: 1 | G99: EA / ШТ. | H99: 18761 | I99: =F99*H99 -> 18761 | J99: Korea | M99: 9
A100: 92 | B100: PGU-DE-0336-FGSS-112 | C100: Insulation Material | F100: 1 | G100: EA / ШТ. | H100: 16543 | I100: =F100*H100 -> 16543 | J100: Korea | M100: 9
A101: 93 | B101: PGU-DE-0336-FGSS-113 | C101: Insulation Material | F101: 1 | G101: EA / ШТ. | H101: 8527 | I101: =F101*H101 -> 8527 | J101: Korea | M101: 9
A102: 94 | B102: PGU-DE-0336-FGSS-114 | C102: Insulation Material | F102: 1 | G102: EA / ШТ. | H102: 17055 | I102: =F102*H102 -> 17055 | J102: Korea | M102: 9
A103: 95 | B103: PGU-DE-0336-FGSS-115 | C103: Insulation Material | F103: 1 | G103: EA / ШТ. | H103: 16543 | I103: =F103*H103 -> 16543 | J103: Korea | M103: 9
... A108: 100 | B108: PGU-DE-0336-FGSS-120 | C108: Insulation Material | F108: 1 | G108: EA / ШТ. | H108: 5116 | I108: =F108*H108 -> 5116 | J108: Korea | M108: 9
A109: 101 | B109: PGU-DE-0336-FGSS-151 | C109: Cold Vent Stack | F109: 1 | G109: EA / ШТ. | H109: 42639 | I109: =F109*H109 -> 42639 | J109: Korea
A110: 102 | B110: PGU-DE-0336-FGSS-152 | C110: Loose part for Cold Vent Stack | F110: 1 | G110: EA / ШТ. | H110: 2933 | I110: =F110*H110 -> 2933 | J110: Korea
A111: 103 | B111: PGU-DE-0336-FGSS-161 | C111: Water Bath Heater | F111: 1 | G111: EA / ШТ. | H111: 719748 | I111: =F111*H111 -> 719748 | J111: Korea | M111: 6
A112: 104 | B112: PGU-DE-0336-FGSS-162 | C112: Water Bath Heater | F112: 1 | G112: EA / ШТ. | H112: 719748 | I112: =F112*H112 -> 719748 | J112: Korea | M112: 6
A113: 105 | B113: PGU-DE-0336-FGSS-163 | C113: Expansion Tank | F113: 1 | G113: EA / ШТ. | H113: 34111 | I113: =F113*H113 -> 34111 | J113: Korea
A114: 106 | B114: PGU-DE-0336-FGSS-164 | C114: Stack | F114: 1 | G114: EA / ШТ. | H114: 55260 | I114: =F114*H114 -> 55260 | J114: Korea
A115: 107 | B115: PGU-DE-0336-FGSS-165 | C115: Valve Box | F115: 1 | G115: EA / ШТ. | H115: 17055 | I115: =F115*H115 -> 17055 | J115: Korea
A116: 108 | B116: PGU-DE-0336-FGSS-166 | C116: Valve Box | F116: 1 | G116: EA / ШТ. | H116: 17055 | I116: =F116*H116 -> 17055 | J116: Korea
A117: 109 | B117: PGU-DE-0336-FGSS-167 | C117: Burner Box | F117: 1 | G117: EA / ШТ. | H117: 5117 | I117: =F117*H117 -> 5117 | J117: Korea
A118: 110 | B118: PGU-DE-0336-FGSS-168 | C118: Burner Box | F118: 1 | G118: EA / ШТ. | H118: 5117 | I118: =F118*H118 -> 5117 | J118: Korea
A119: 111 | B119: PGU-DE-0336-FGSS-169 | C119: Blower Box | F119: 1 | G119: EA / ШТ. | H119: 3411 | I119: =F119*H119 -> 3411 | J119: Korea
A120: 112 | B120: PGU-DE-0336-FGSS-170 | C120: Blower Box | F120: 1 | G120: EA / ШТ. | H120: 3411 | I120: =F120*H120 -> 3411 | J120: Korea
A121: 113 | B121: PGU-DE-0336-FGSS-171 | C121: Platform | F121: 1 | G121: EA / ШТ. | H121: 20466 | I121: =F121*H121 -> 20466 | J121: Korea
A122: 114 | B122: PGU-DE-0336-FGSS-172 | C122: Platform | F122: 1 | G122: EA / ШТ. | H122: 27621 | I122: =F122*H122 -> 27621 | J122: Korea
A123: 115 | B123: PGU-DE-0336-FGSS-173 | C123: Platform | F123: 1 | G123: EA / ШТ. | H123: 27621 | I123: =F123*H123 -> 27621 | J123: Korea
A124: 116 | B124: PGU-DE-0336-FGSS-174 | C124: Landing Platform | F124: 1 | G124: EA / ШТ. | H124: 7675 | I124: =F124*H124 -> 7675 | J124: Korea
... A132: 124 | B132: PGU-DE-0336-FGSS-182 | C132: Sliding & Fixed Plate | F132: 1 | G132: EA / ШТ. | H132: 5126 | I132: =F132*H132 -> 5126 | J132: Korea
A133: 125 | B133: PGU-DE-0336-FGSS-183 | C133: Spool | F133: 1 | G133: EA / ШТ. | H133: 5117 | I133: =F133*H133 -> 5117 | J133: Korea | M133: 9
A134: 126 | B134: PGU-DE-0336-FGSS-184 | C134: Construction Parts | F134: 1 | G134: EA / ШТ. | H134: 172 | I134: =F134*H134 -> 172 | J134: Korea
...

Sheet PL
W1: HEAD OFFICE & CHANGWON PLANT
W2: 22, DoosanVolvo-ro, Seongsan-gu, Changwon-Si,
W3: Gyeongsangnam-do, Korea
W4: (P.O.BOX 77, Changwon, Korea)
W5: TEL:(055)278-6114,7114 FAX:(055)264-5551/2
A6: PACKING LIST УПАКОВОЧНЫЙ ЛИСТ
A8: 1. Shipper / Грузоотправитель | R8: 11. Invoice № : | V8: PGU-DE-0336
B9: Doosan Enerbility Co., Ltd (DOOSAN) | R9: Инвойс №
B10: 22, DoosanVolvo-ro, Seongsan-gu, Changwon-si, Gyeongsangnam-do, | R10: 12. Date : | V10: 45756
B11: Republic of Korea | R11: Дата
A12: 2. Consignee / Грузополучатель | R12: 13. Remarks / Примечания
B13: Branch of JSC "Doosan Enerbility" in the Turkestan region
B14: 321 Tauke Khan Avenue, Turkestan region, Turkestan, Kazakhstan, 161200 | S14: *Project Name / Название Проекта
B15: BIN: 230741006561 | S15: Construction of a 1000 MW CCGT Power Plant in the Sairam District of
S16: Turkistan Region, Main Site. Without External Engineering Networks
S17: *MANUFACTURER'S NAME / НАЗВАНИЕ ПРОИЗВОДИТЕЛЯ
A18: 3. Notify party / Уведомляемая сторона | S18: Dasan DTS
B19: =CI!B19 -> Wise Logistics | S19: *MANUFACTURE YEAR / ГОД ИЗГОТОВЛЕНИЯ
B20: =CI!B20 -> ATTAN: MS. Aliya | S20: 2025
B21: =CI!B21 -> (E): a.kipshakbayeva@wiselogistics.kz | S21: *COUNTRY OF ORIGIN / СТРАНА ПРОИСХОЖДЕНИЯ
B22: =CI!B22 -> (T): +7 701 512 19 69 | S22: Republic of Korea
S23: *INCOTERMS / УСЛОВИЯ ПОСТАВКИ СОГЛАСНО ИНКОТЕРМС
S24: =CI!S24 -> DDP Turkistan
A25: 4. Port of Loading / Порт погрузки | I25: 5. Carrier / Перевозчик
B26: Masan, Korea | J26: Later
A28: 6. Port of Unloading / Порт разгрузки | I28: 7. Final Destination / Конечный пункт назначения | R28: 14. Mark and Numbers of PKGS / Маркировка и количество упаковок
B30: Later | I30: Turkestan region, Sairam district, Karamurt rural district, quarter 171 | S30: PKG No. | X30: : | Y30: PGU-DE-0336-FGSS-001~187
S31: Q-ty of Package | X31: : | Y31: =COUNT('Summary PL'!A15:A271) -> 129 | AC31: PKGS
A32: 8. Voyage No / Рейс № | I32: 9. Sailing on or about / Дата или ожидаемая дата | S32: Net Weight (kg) | X32: : | Y32: ='Summary PL'!L144 -> 503160.48 | AC32: KG
B33: Later | S33: Gross Weight (kg) | X33: : | Y33: ='Summary PL'!M144 -> 524302.3 | AC33: KG
J34: Later | S34: Dimension (m3) | X34: : | Y34: ='Summary PL'!K144 -> 2823.041 | AC34: m3
A36: 10. Customs Place / Место таможенного оформления
B37: Turkestan Oblast, Sairam district, Karamurt rural district, quarter 171
A39: 15. Description of Goods / Описание товара | R39: 16. Q-ty | U39: 17. Net Weight | Y39: 18. Gross Weight | AC39: 19. Measurement
R40: (EA) | U40: (kg) | Y40: (kg) | AC40: (CBM)
B41: =CI!B41 -> Fuel Gas Supply System | R41: 1 SET | U41: ='Summary PL'!L144 -> 503160.48 | Y41: ='Summary PL'!M144 -> 524302.3 | AC41: ='Summary PL'!K144 -> 2823.041
B42: Пункт подготовки газа
U44: =U41 -> 503160.48 | Y44: =Y41 -> 524302.3 | AC44: =AC41 -> 2823.041
S52: Signed by
A53: Doosan Enerbility Co., Ltd
A54: 155, Jeongjail-ro, Bundang-gu, Seongnam-si, Gyeonggi-do, Korea
A55: Tel. +82 31 5179 2041 | V55: Gihun Bek / Project Director
A56: Fax. +82 31 5179 2197
A58: Doosan Enerbility Co., Ltd.

Sheet Summary PL
O1: HEAD OFFICE & CHANGWON PLANT | R1: Storage Classification "A" : | S1: Indoor with Air-conditioning
O2: 22, DoosanVolvo-ro, Seongsan-gu, Changwon-Si, | Q2: Note> | R2: Storage Classification "B" : | S2: Indoor without Air-conditioning
O3: Gyeongsangnam-do, Korea | R3: Storage Classification "C" : | S3: Outdoor with Waterproofing
O4: (P.O.BOX 77, Changwon, Korea) | R4: Storage Classification "D" : | S4: Outdoor without Waterproofing
O5: TEL:(055)278-6114,7114 FAX:(055)264-5551/2
A6: SUMMARY PACKING LIST CВОДНЫЙ УПАКОВОЧНЫЙ ЛИСТ
A8: Project Name: | B8: Construction of a 1000 MW CCGT Power Plant in the Sairam District of the Turkistan Region
B9: Main Site. Without External Engineering Networks
A10: Invoice №: | B10: PGU-DE-0336
A11: Name of Consignee: Branch of JSC "Doosan Enerbility" in the Turkistan region
A12: Consignee address: 321 Tauke Khan Avenue, Turkistan region, Turkistan, Kazakhstan, 161200
A13: № | B13: CNTR No. / Seal No. / № контейнера / № пломбы | C13: Package No. / № упаковки | D13: Description / Описание | E13: Packing Style / Вид упаковки | F13: Quantity / Количество | H13: Shipping Dimension / Отгрузочные параметры | L13: Net Weight (kg) / Вес нетто (кг) | M13: Gross Weight (kg) / Вес брутто (кг) | N13: Hazardous Material (UN Number) | O13: Storage Class / Класс хранения | P13: Stackable / Штабелируемый
F14: Q'ty / Количество | G14: Unit / Ед. изм. | H14: L (cm) / Д (см) | I14: W (cm) / Ш (см) | J14: H (cm) / В (см) | K14: CBM (m3) / Объем (м3)
A15: 1 | C15: PGU-DE-0336-FGSS-001 | D15: ESDV Skid | E15: Skid | F15: 1 | G15: EA / ШТ. | H15: 1091 | I15: 194 | J15: 281 | K15: 59.475 | L15: 13800 | M15: 14000
A16: 2 | C16: PGU-DE-0336-FGSS-002 | D16: Filter Separator Skid | E16: Skid | F16: 1 | G16: EA / ШТ. | H16: 1291 | I16: 301 | J16: 447 | K16: 173.7 | L16: 33600 | M16: 33800
A17: 3 | C17: PGU-DE-0336-FGSS-003 | D17: Filter Separator Skid | E17: Skid | F17: 1 | G17: EA / ШТ. | H17: 1291 | I17: 301 | J17: 447 | K17: 173.7 | L17: 33600 | M17: 33800
A18: 4 | C18: PGU-DE-0336-FGSS-004 | D18: Metering Skid | E18: Skid | F18: 1 | G18: EA / ШТ. | H18: 590 | I18: 310 | J18: 251.5 | K18: 45.999 | L18: 14400 | M18: 14600
A19: 5 | C19: PGU-DE-0336-FGSS-005 | D19: Metering Skid | E19: Skid | F19: 1 | G19: EA / ШТ. | H19: 571 | I19: 310 | J19: 375 | K19: 66.379 | L19: 14400 | M19: 14600
A20: 6 | C20: PGU-DE-0336-FGSS-006 | D20: Gas Pre-Heater Piping Skid | E20: Skid | F20: 1 | G20: EA / ШТ. | H20: 891 | I20: 180 | J20: 211.2 | K20: 33.872 | L20: 12900 | M20: 13100
A21: 7 | C21: PGU-DE-0336-FGSS-007 | D21: PRV Skid | E21: Skid | F21: 1 | G21: EA / ШТ. | H21: 1601 | I21: 290 | J21: 231.1 | K21: 107.297 | L21: 28100 | M21: 28300
A22: 8 | C22: PGU-DE-0336-FGSS-008 | D22: PRV Skid | E22: Skid | F22: 1 | G22: EA / ШТ. | H22: 491 | I22: 231 | J22: 280 | K22: 31.758 | L22: 5900 | M22: 6000
A23: 9 | C23: PGU-DE-0336-FGSS-009 | D23: Performance Heater Skid | E23: Skid | F23: 1 | G23: EA / ШТ. | H23: 747 | I23: 380 | J23: 344 | K23: 97.648 | L23: 13500 | M23: 13700
A24: 10 | C24: PGU-DE-0336-FGSS-010 | D24: Performance Heater Skid | E24: Skid | F24: 1 | G24: EA / ШТ. | H24: 747 | I24: 380 | J24: 344 | K24: 97.648 | L24: 13500 | M24: 13700
A25: 11 | C25: PGU-DE-0336-FGSS-011 | D25: Performance Heater Skid | E25: Skid | F25: 1 | G25: EA / ШТ. | H25: 747 | I25: 380 | J25: 344 | K25: 97.648 | L25: 13500 | M25: 13700
A26: 12 | C26: PGU-DE-0336-FGSS-012 | D26: Performance Heater Skid | E26: Skid | F26: 1 | G26: EA / ШТ. | H26: 747 | I26: 380 | J26: 344 | K26: 97.648 | L26: 13500 | M26: 13700
... A114: 100 | C114: PGU-DE-0336-FGSS-120 | D114: Insulation Material | E114: Wooden | F114: 1 | G114: EA / ШТ. | H114: 130 | I114: 100 | J114: 80 | K114: 1.04 | L114: 300 | M114: 400
A115: 101 | C115: PGU-DE-0336-FGSS-151 | D115: Cold Vent Stack | E115: Skid | F115: 1 | G115: EA / ШТ. | H115: 1580 | I115: 110 | J115: 140 | K115: 24.332 | L115: 2500 | M115: 2850 | N115: N | O115: B | P115: N
A116: 102 | C116: PGU-DE-0336-FGSS-152 | D116: Loose part for Cold Vent Stack | E116: Wooden | F116: 1 | G116: EA / ШТ. | H116: 110 | I116: 130 | J116: 125 | K116: 1.788 | L116: 172 | M116: 372 | N116: N | O116: B | P116: N
A117: 103 | C117: PGU-DE-0336-FGSS-161 | D117: Water Bath Heater | E117: Skid | F117: 1 | G117: EA / ШТ. | H117: 1300 | I117: 350 | J117: 402.5 | K117: 183.138 | L117: 42200 | M117: 42700
A118: 104 | C118: PGU-DE-0336-FGSS-162 | D118: Water Bath Heater | E118: Skid | F118: 1 | G118: EA / ШТ. | H118: 1300 | I118: 350 | J118: 402.5 | K118: 183.138 | L118: 42200 | M118: 42700
A119: 105 | C119: PGU-DE-0336-FGSS-163 | D119: Expansion Tank | E119: Pallet | F119: 1 | G119: EA / ШТ. | H119: 455 | I119: 250 | J119: 230 | K119: 26.163 | L119: 2000 | M119: 2200
A120: 106 | C120: PGU-DE-0336-FGSS-164 | D120: Stack | E120: Pallet | F120: 1 | G120: EA / ШТ. | H120: 605 | I120: 255 | J120: 170 | K120: 26.227 | L120: 3240 | M120: 3500
A121: 107 | C121: PGU-DE-0336-FGSS-165 | D121: Valve Box | E121: Pallet | F121: 1 | G121: EA / ШТ. | H121: 310 | I121: 165 | J121: 270 | K121: 13.811 | L121: 1000 | M121: 1200
A122: 108 | C122: PGU-DE-0336-FGSS-166 | D122: Valve Box | E122: Pallet | F122: 1 | G122: EA / ШТ. | H122: 310 | I122: 165 | J122: 270 | K122: 13.811 | L122: 1000 | M122: 1200
A123: 109 | C123: PGU-DE-0336-FGSS-167 | D123: Burner Box | E123: Pallet | F123: 1 | G123: EA / ШТ. | H123: 300 | I123: 235 | J123: 300 | K123: 21.15 | L123: 300 | M123: 500
A124: 110 | C124: PGU-DE-0336-FGSS-168 | D124: Burner Box | E124: Pallet | F124: 1 | G124: EA / ШТ. | H124: 300 | I124: 230 | J124: 300 | K124: 20.7 | L124: 300 | M124: 500
A125: 111 | C125: PGU-DE-0336-FGSS-169 | D125: Blower Box | E125: Pallet | F125: 1 | G125: EA / ШТ. | H125: 220 | I125: 180 | J125: 215 | K125: 8.514 | L125: 200 | M125: 400
A126: 112 | C126: PGU-DE-0336-FGSS-170 | D126: Blower Box | E126: Pallet | F126: 1 | G126: EA / ШТ. | H126: 220 | I126: 180 | J126: 215 | K126: 8.514 | L126: 200 | M126: 400
A127: 113 | C127: PGU-DE-0336-FGSS-171 | D127: Platform | E127: Pallet | F127: 1 | G127: EA / ШТ. | H127: 480 | I127: 240 | J127: 165 | K127: 19.008 | L127: 1200 | M127: 1400
A128: 114 | C128: PGU-DE-0336-FGSS-172 | D128: Platform | E128: Pallet | F128: 1 | G128: EA / ШТ. | H128: 310 | I128: 300 | J128: 165 | K128: 15.345 | L128: 1619.5 | M128: 2000
... A143: 129 | C143: PGU-DE-0336-FGSS-187 | D143: Burner | E143: Wooden | F143: 1 | G143: EA / ШТ. | H143: 270 | I143: 190 | J143: 170 | K143: 8.721 | L143: 1100 | M143: 1600
A144: TOTAL / ИТОГО | F144: 1 | G144: SET | K144: =SUM(K15:K143) -> 2823.041 | L144: =SUM(L15:L143) -> 503160.48 | M144: =SUM(M15:M143) -> 524302.3

Sheet Detail PL 
P1: HEAD OFFICE & CHANGWON PLANT
P2: 22, DoosanVolvo-ro, Seongsan-gu, Changwon-Si, | R2: Note> | S2: Storage Classification "A" : | T2: Indoor with Air-conditioning
P3: Gyeongsangnam-do, Korea | S3: Storage Classification "B" : | T3: Indoor without Air-conditioning
P4: (P.O.BOX 77, Changwon, Korea) | S4: Storage Classification "C" : | T4: Outdoor with Waterproofing
P5: TEL:(055)278-6114,7114 FAX:(055)264-5551/2 | S5: Storage Classification "D" : | T5: Outdoor without Waterproofing
A6: DETAILED PACKING LIST ПОДРОБНЫЙ УПАКОВОЧНЫЙ ЛИСТ
A8: Project Name: | B8: Construction of a 1000 MW CCGT Power Plant in the Sairam District of the Turkistan Region
B9: Main Site. Without External Engineering Networks
A10: Invoice №: | B10: PGU-DE-0336
A11: Name of Consignee: Branch of JSC "Doosan Enerbility" in the Turkistan region
A12: Consignee address: 321 Tauke Khan Avenue, Turkistan region, Turkistan, Kazakhstan, 161200
A13: № | B13: Package No./ Номер упаковки | C13: Description / Описание | D13: HS Code / Код ТН ВЭД | E13: Quantity / Количество | G13: Shipping Dimension / Отгрузочные параметры | K13: Net Weight (kg) / Вес нетто (кг) | L13: Gross Weight (kg) / Вес брутто (кг) | M13: Drawing No. / № чертежа | N13: Tag No. / № Тег | O13: Unit Price (US$) / цена заединицу | P13: Total Price (US$) / Общая цена | Q13: Remark / Примечания
E14: Q'ty / Кол-во | F14: Unit / Ед. изм. | G14: L (cm) / Д (см) | H14: W (cm) / Ш (см) | I14: H (cm) / В (см) | J14: CBM (m3) / Объем (м3)
A15: 1 | B15: PGU-DE-0336-FGSS-001 | C15: ESDV Skid_1 | E15: 1 | F15: EA
G16: 1091 | H16: 194 | I16: 281 | J16: =ROUND(I16*H16*G16/1000000,3) -> 59.475 | K16: 13800 | L16: 14000
A17: 1 | B17: PGU-DE-0336-FGSS-002 | C17: Filter Separator Skid_2 | E17: 1 | F17: EA
G18: 1291 | H18: 301 | I18: 447 | J18: =ROUND(I18*H18*G18/1000000,3) -> 173.7 | K18: 33600 | L18: 33800
A19: 1 | B19: PGU-DE-0336-FGSS-003 | C19: Filter Separator Skid_3 | E19: 1 | F19: EA
G20: 1291 | H20: 301 | I20: 447 | J20: =ROUND(I20*H20*G20/1000000,3) -> 173.7 | K20: 33600 | L20: 33800
A21: 1 | B21: PGU-DE-0336-FGSS-004 | C21: Metering Skid_4 | E21: 1 | F21: EA
G22: 590 | H22: 310 | I22: 251.5 | J22: =ROUND(I22*H22*G22/1000000,3) -> 45.999 | K22: 14400 | L22: 14600
A23: 1 | B23: PGU-DE-0336-FGSS-005 | C23: Metering Skid_5 | E23: 1 | F23: EA
G24: 571 | H24: 310 | I24: 375 | J24: =ROUND(I24*H24*G24/1000000,3) -> 66.379 | K24: 14400 | L24: 14600
A25: 1 | B25: PGU-DE-0336-FGSS-006 | C25: Gas Pre-Heater Piping Skid_6 | E25: 1 | F25: EA
G26: 891 | H26: 180 | I26: 211.2 | J26: =ROUND(I26*H26*G26/1000000,3) -> 33.872 | K26: 12900 | L26: 13100
A27: 1 | B27: PGU-DE-0336-FGSS-007 | C27: PRV Skid_7 | E27: 1 | F27: EA
G28: 1601 | H28: 290 | I28: 231.1 | J28: =ROUND(I28*H28*G28/1000000,3) -> 107.297 | K28: 28100 | L28: 28300
A29: 1 | B29: PGU-DE-0336-FGSS-008 | C29: PRV Skid_8 | E29: 1 | F29: EA
G30: 491 | H30: 231 | I30: 280 | J30: =ROUND(I30*H30*G30/1000000,3) -> 31.758 | K30: 5900 | L30: 6000
A31: 1 | B31: PGU-DE-0336-FGSS-009 | C31: Performance Heater Skid_11 | E31: 1 | F31: EA
G32: 747 | H32: 380 | I32: 344 | J32: =ROUND(I32*H32*G32/1000000,3) -> 97.648 | K32: 13500 | L32: 13700
A33: 1 | B33: PGU-DE-0336-FGSS-010 | C33: Performance Heater Skid_13 | E33: 1 | F33: EA
G34: 747 | H34: 380 | I34: 344 | J34: =ROUND(I34*H34*G34/1000000,3) -> 97.648 | K34: 13500 | L34: 13700
A35: 1 | B35: PGU-DE-0336-FGSS-011 | C35: Performance Heater Skid_15 | E35: 1 | F35: EA
G36: 747 | H36: 380 | I36: 344 | J36: =ROUND(I36*H36*G36/1000000,3) -> 97.648 | K36: 13500 | L36: 13700
A37: 1 | B37: PGU-DE-0336-FGSS-012 | C37: Performance Heater Skid_17 | E37: 1 | F37: EA
G38: 747 | H38: 380 | I38: 344 | J38: =ROUND(I38*H38*G38/1000000,3) -> 97.648 | K38: 13500 | L38: 13700
A39: 1 | B39: PGU-DE-0336-FGSS-013 | C39: Final Filter & Drain Tank Skid_12 | E39: 1 | F39: EA
G40: 785 | H40: 305 | I40: 423.5 | J40: =ROUND(I40*H40*G40/1000000,3) -> 101.396 | K40: 21400 | L40: 21600
A41: 1 | B41: PGU-DE-0336-FGSS-014 | C41: Final Filter & Drain Tank Skid_14 | E41: 1 | F41: EA
G42: 785 | H42: 305 | I42: 423.5 | J42: =ROUND(I42*H42*G42/1000000,3) -> 101.396 | K42: 21400 | L42: 21600
A43: 1 | B43: PGU-DE-0336-FGSS-015 | C43: Final Filter & Drain Tank Skid_16 | E43: 1 | F43: EA
G44: 785 | H44: 305 | I44: 423.5 | J44: =ROUND(I44*H44*G44/1000000,3) -> 101.396 | K44: 21400 | L44: 21600
A45: 1 | B45: PGU-DE-0336-FGSS-016 | C45: Final Filter & Drain Tank Skid_18 | E45: 1 | F45: EA
G46: 785 | H46: 305 | I46: 423.5 | J46: =ROUND(I46*H46*G46/1000000,3) -> 101.396 | K46: 21400 | L46: 21600
A47: 1 | B47: PGU-DE-0336-FGSS-017 | C47: Drain Tank (B0-TK-44001) | E47: 1 | F47: EA | J47: =ROUND(I47*H47*G47/1000000,3) -> 0 | K47: 1097 | N47: 017-0001
A48: 2 | B48: PGU-DE-0336-FGSS-017 | C48: Pump | E48: 1 | F48: EA | J48: =ROUND(I48*H48*G48/1000000,3) -> 0 | K48: 123 | N48: 017-0002
A49: 3 | B49: PGU-DE-0336-FGSS-017 | C49: Drain Tank Anchor Bolt - M24 x 700L | E49: 4 | F49: SET | J49: =ROUND(I49*H49*G49/1000000,3) -> 0 | K49: 16 | N49: 017-0003
A50: 4 | B50: PGU-DE-0336-FGSS-017 | C50: SLIDING PLATE FOR CONDENSATE DRAIN TANK FGSS 3M3 | E50: 1 | F50: SET | J50: =ROUND(I50*H50*G50/1000000,3) -> 0 | K50: 11 | N50: 017-0004
A51: 5 | B51: PGU-DE-0336-FGSS-017 | C51: TEFLON PLATE FOR CONDENSATE DRAIN TANK FGSS 3M3 | E51: 1 | F51: SET | J51: =ROUND(I51*H51*G51/1000000,3) -> 0 | K51: 2.5 | N51: 017-0005
A52: 6 | B52: PGU-DE-0336-FGSS-017 | C52: Pump Anchor Bolt - M12 x 200L | E52: 4 | F52: SET | J52: =ROUND(I52*H52*G52/1000000,3) -> 0 | K52: 1 | N52: 017-0006
G53: 360 | H53: 170 | I53: 163 | J53: =ROUND(I53*H53*G53/1000000,3) -> 9.976 | K53: 1250.5 | L53: 1350.5
A54: 1 | B54: PGU-DE-0336-FGSS-020 | C54: LADDER(SKID-12) | E54: 1 | F54: EA | J54: =ROUND(I54*H54*G54/1000000,3) -> 0 | K54: 175 | N54: 020-0001
A55: 2 | B55: PGU-DE-0336-FGSS-020 | C55: LADDER(SKID-14) | E55: 1 | F55: EA | J55: =ROUND(I55*H55*G55/1000000,3) -> 0 | K55: 175 | N55: 020-0002
A56: 3 | B56: PGU-DE-0336-FGSS-020 | C56: LADDER(SKID-16) | E56: 1 | F56: EA | J56: =ROUND(I56*H56*G56/1000000,3) -> 0 | K56: 175 | N56: 020-0003
A57: 4 | B57: PGU-DE-0336-FGSS-020 | C57: LADDER(SKID-18) | E57: 1 | F57: EA | J57: =ROUND(I57*H57*G57/1000000,3) -> 0 | K57: 175 | N57: 020-0004
G58: 500 | H58: 220 | I58: 160 | J58: =ROUND(I58*H58*G58/1000000,3) -> 17.6 | K58: 700 | L58: 800
A59: 1 | B59: PGU-DE-0336-FGSS-021 | C59: PLATFORM | E59: 1 | F59: EA | J59: =ROUND(I59*H59*G59/1000000,3) -> 0 | K59: 328 | N59: 021-0001
A60: 2 | B60: PGU-DE-0336-FGSS-021 | C60: LADDER | E60: 1 | F60: EA | J60: =ROUND(I60*H60*G60/1000000,3) -> 0 | K60: 209 | N60: 021-0002
A61: 3 | B61: PGU-DE-0336-FGSS-021 | C61: HAND RAIL_1 | E61: 1 | F61: EA | J61: =ROUND(I61*H61*G61/1000000,3) -> 0 | K61: 25 | N61: 021-0003
A62: 4 | B62: PGU-DE-0336-FGSS-021 | C62: HAND RAIL_2 | E62: 1 | F62: EA | J62: =ROUND(I62*H62*G62/1000000,3) -> 0 | K62: 16.9 | N62: 021-0004
A63: 5 | B63: PGU-DE-0336-FGSS-021 | C63: HAND RAIL_3 | E63: 1 | F63: EA | J63: =ROUND(I63*H63*G63/1000000,3) -> 0 | K63: 19 | N63: 021-0005
G64: 465 | H64: 188 | I64: 130.6 | J64: =ROUND(I64*H64*G64/1000000,3) -> 11.417 | K64: 597.9 | L64: 697.9
A65: 1 | B65: PGU-DE-0336-FGSS-022 | C65: POV_1 (B0-XV-44060) | E65: 1 | F65: EA
G66: 255 | H66: 145 | I66: 235 | J66: =ROUND(I66*H66*G66/1000000,3) -> 8.689 | K66: 1005 | L66: 1105
A67: 1 | B67: PGU-DE-0336-FGSS-023 | C67: POV_2 (B0-XV-44061) | E67: 1 | F67: EA
G68: 255 | H68: 145 | I68: 235 | J68: =ROUND(I68*H68*G68/1000000,3) -> 8.689 | K68: 1005 | L68: 1105
A69: 1 | B69: PGU-DE-0336-FGSS-024 | C69: POV_3 (B0-XV-44062) | E69: 1 | F69: EA
G70: 255 | H70: 145 | I70: 235 | J70: =ROUND(I70*H70*G70/1000000,3) -> 8.689 | K70: 1005 | L70: 1105
A71: 1 | B71: PGU-DE-0336-FGSS-025 | C71: POV_4 (B0-XV-44063) | E71: 1 | F71: EA
G72: 255 | H72: 145 | I72: 235 | J72: =ROUND(I72*H72*G72/1000000,3) -> 8.689 | K72: 1005 | L72: 1105
A73: 1 | B73: PGU-DE-0336-FGSS-026 | C73: 16"-FG-BO-44/101-FB2-002 | E73: 1 | F73: EA | J73: =ROUND(I73*H73*G73/1000000,3) -> 0 | K73: 741 | M73: CCP-W-B044-25-ME-P01-0003(1/59) | N73: 026-0001
A74: 2 | B74: PGU-DE-0336-FGSS-026 | C74: 16"-FG-BO-44/101-FB2-003 | E74: 1 | F74: EA | J74: =ROUND(I74*H74*G74/1000000,3) -> 0 | K74: 745 | M74: CCP-W-B044-25-ME-P01-0003(1/59) | N74: 026-0002
A75: 3 | B75: PGU-DE-0336-FGSS-026 | C75: 16"-FG-BO-44/101-FB2-004 | E75: 1 | F75: EA | J75: =ROUND(I75*H75*G75/1000000,3) -> 0 | K75: 741 | M75: CCP-W-B044-25-ME-P01-0003(1/59) | N75: 026-0003
A76: 4 | B76: PGU-DE-0336-FGSS-026 | C76: 16"-FG-BO-44/101-FB2-005 | E76: 1 | F76: EA | J76: =ROUND(I76*H76*G76/1000000,3) -> 0 | K76: 745 | M76: CCP-W-B044-25-ME-P01-0003(1/59) | N76: 026-0004
A77: 5 | B77: PGU-DE-0336-FGSS-026 | C77: 16"-FG-BO-44/109-FB2-006 | E77: 1 | F77: EA | J77: =ROUND(I77*H77*G77/1000000,3) -> 0 | K77: 747 | M77: CCP-W-B044-25-ME-P01-0003(14/59) | N77: 026-0005
A78: 6 | B78: PGU-DE-0336-FGSS-026 | C78: 16"-FG-BO-44/110-FB2-005 | E78: 1 | F78: EA | J78: =ROUND(I78*H78*G78/1000000,3) -> 0 | K78: 749 | M78: CCP-W-B044-25-ME-P01-0003(16/59) | N78: 026-0006
G79: 610 | H79: 150 | I79: 110 | J79: =ROUND(I79*H79*G79/1000000,3) -> 10.065 | K79: =SUM(K73:K78) -> 4468 | L79: =K79+100 -> 4568
A80: 1 | B80: PGU-DE-0336-FGSS-027 | C80: 16"-FG-BO-44/108-FB2-001 | E80: 1 | F80: EA | J80: =ROUND(I80*H80*G80/1000000,3) -> 0 | K80: 424 | M80: CCP-W-B044-25-ME-P01-0003(12/59) | N80: 027-0001
A81: 2 | B81: PGU-DE-0336-FGSS-027 | C81: 16"-FG-BO-44/117-FB2-003 | E81: 1 | F81: EA | J81: =ROUND(I81*H81*G81/1000000,3) -> 0 | K81: 747 | M81: CCP-W-B044-25-ME-P01-0003(25/59) | N81: 027-0002
A82: 3 | B82: PGU-DE-0336-FGSS-027 | C82: 16"-FG-BO-44/117-FB2-004 | E82: 1 | F82: EA | J82: =ROUND(I82*H82*G82/1000000,3) -> 0 | K82: 741 | M82: CCP-W-B044-25-ME-P01-0003(25/59) | N82: 027-0003
A83: 4 | B83: PGU-DE-0336-FGSS-027 | C83: 16"-FG-BO-44/117-FB2-005 | E83: 1 | F83: EA | J83: =ROUND(I83*H83*G83/1000000,3) -> 0 | K83: 747 | M83: CCP-W-B044-25-ME-P01-0003(25/59) | N83: 027-0004
A84: 5 | B84: PGU-DE-0336-FGSS-027 | C84: 16"-FG-BO-44/117-FB2-006 | E84: 1 | F84: EA | J84: =ROUND(I84*H84*G84/1000000,3) -> 0 | K84: 743 | M84: CCP-W-B044-25-ME-P01-0003(25/59) | N84: 027-0005
A85: 6 | B85: PGU-DE-0336-FGSS-027 | C85: 16"-FG-BO-44/117-FB2-007 | E85: 1 | F85: EA | J85: =ROUND(I85*H85*G85/1000000,3) -> 0 | K85: 430 | M85: CCP-W-B044-25-ME-P01-0003(25/59) | N85: 027-0006
G86: 610 | H86: 150 | I86: 110 | J86: =ROUND(I86*H86*G86/1000000,3) -> 10.065 | K86: =SUM(K80:K85) -> 3832 | L86: =K86+100 -> 3932
A87: 1 | B87: PGU-DE-0336-FGSS-028 | C87: 6"-SV-BO-44/525-GB1-001 | E87: 1 | F87: EA | J87: =ROUND(I87*H87*G87/1000000,3) -> 0 | K87: 72 | M87: CCP-W-B044-25-ME-P01-0003(30/59) | N87: 028-0001
A88: 2 | B88: PGU-DE-0336-FGSS-028 | C88: 6"-SV-BO-44/525-GB1-002 | E88: 1 | F88: EA | J88: =ROUND(I88*H88*G88/1000000,3) -> 0 | K88: 119 | M88: CCP-W-B044-25-ME-P01-0003(30/59) | N88: 028-0002
A89: 3 | B89: PGU-DE-0336-FGSS-028 | C89: 6"-AV-BO-44/530-GB1-001 | E89: 1 | F89: EA | J89: =ROUND(I89*H89*G89/1000000,3) -> 0 | K89: 170 | M89: CCP-W-B044-25-ME-P01-0003(32/59) | N89: 028-0003
A90: 4 | B90: PGU-DE-0336-FGSS-028 | C90: 6"-AV-BO-44/530-GB1-008 | E90: 1 | F90: EA | J90: =ROUND(I90*H90*G90/1000000,3) -> 0 | K90: 170 | M90: CCP-W-B044-25-ME-P01-0003(33/59) | N90: 028-0004
A91: 5 | B91: PGU-DE-0336-FGSS-028 | C91: 6"-AV-BO-44/530-GB1-011 | E91: 1 | F91: EA | J91: =ROUND(I91*H91*G91/1000000,3) -> 0 | K91: 170 | M91: CCP-W-B044-25-ME-P01-0003(33/59) | N91: 028-0005
A92: 6 | B92: PGU-DE-0336-FGSS-028 | C92: 6"-AV-BO-44/530-GB1-012 | E92: 1 | F92: EA | J92: =ROUND(I92*H92*G92/1000000,3) -> 0 | K92: 170 | M92: CCP-W-B044-25-ME-P01-0003(33/59) | N92: 028-0006
A93: 7 | B93: PGU-DE-0336-FGSS-028 | C93: 2"-AV-BO-44/517-GB1-001 | E93: 1 | F93: EA | J93: =ROUND(I93*H93*G93/1000000,3) -> 0 | K93: 14 | M93: CCP-W-B044-25-ME-P01-0003(36/59) | N93: 028-0007
A94: 8 | B94: PGU-DE-0336-FGSS-028 | C94: 2"-AV-BO-44/517-GB1-002 | E94: 1 | F94: EA | J94: =ROUND(I94*H94*G94/1000000,3) -> 0 | K94: 8.5 | M94: CCP-W-B044-25-ME-P01-0003(36/59) | N94: 028-0008
A95: 9 | B95: PGU-DE-0336-FGSS-028 | C95: 2"-LN-BO-44/501-GB1-005 | E95: 1 | F95: EA | J95: =ROUND(I95*H95*G95/1000000,3) -> 0 | K95: 23 | M95: CCP-W-B044-25-ME-P01-0003(34/59) | N95: 028-0009
A96: 10 | B96: PGU-DE-0336-FGSS-028 | C96: 2"-LN-BO-44/501-GB1-021 | E96: 1 | F96: EA | J96: =ROUND(I96*H96*G96/1000000,3) -> 0 | K96: 8.5 | M96: CCP-W-B044-25-ME-P01-0003(40/59) | N96: 028-00010
A97: 11 | B97: PGU-DE-0336-FGSS-028 | C97: 2"-LN-BO-44/501-GB1-020 | E97: 1 | F97: EA | J97: =ROUND(I97*H97*G97/1000000,3) -> 0 | K97: 14 | M97: CCP-W-B044-25-ME-P01-0003(40/59) | N97: 028-00011
G98: 625 | H98: 115 | I98: 75 | J98: =ROUND(I98*H98*G98/1000000,3) -> 5.391 | K98: =SUM(K87:K97) -> 939 | L98: =K98+100 -> 1039
A99: 1 | B99: PGU-DE-0336-FGSS-029 | C99: 16"-FG-BO-44/101-FB2-001 | E99: 1 | F99: EA | J99: =ROUND(I99*H99*G99/1000000,3) -> 0 | K99: 497.8 | M99: CCP-W-B044-25-ME-P01-0003(1/59) | N99: 029-0001
A100: 2 | B100: PGU-DE-0336-FGSS-029 | C100: 16"-FG-BO-44/101-FB2-006 | E100: 1 | F100: EA | J100: =ROUND(I100*H100*G100/1000000,3) -> 0 | K100: 478 | M100: CCP-W-B044-25-ME-P01-0003(1/59) | N100: 029-0002
A101: 3 | B101: PGU-DE-0336-FGSS-029 | C101: 16"-FG-BO-44/101-FB2-007 | E101: 1 | F101: EA | J101: =ROUND(I101*H101*G101/1000000,3) -> 0 | K101: 979 | M101: CCP-W-B044-25-ME-P01-0003(1/59) | N101: 029-0003
...

Sheet Marking
A1: SHIPPING MARK ГРУЗОВАЯ МАРКИРОВКА | P1: SHIPPING MARK ГРУЗОВАЯ МАРКИРОВКА
A2: ● NAME OF THE PROJECT | F2: : | G2: Construction of a 1000 MW CCGT Power Plant in the Sairam District of the | P2: ● NAME OF THE PROJECT | U2: : | V2: Construction of a 1000 MW CCGT Power Plant in the Sairam District of the
A3: НАЗВАНИЕ ПРОЕКТА | G3: Turkistan Region, Main Site. Without External Engineering Networks | P3: НАЗВАНИЕ ПРОЕКТА | V3: Turkistan Region, Main Site. Without External Engineering Networks
A5: ● CONSIGNEE | F5: : | G5: CCGT Turkestan LLP | P5: ● CONSIGNEE | U5: : | V5: CCGT Turkestan LLP
A6: ГРУЗОПОЛУЧАТЕЛЬ | P6: ГРУЗОПОЛУЧАТЕЛЬ
A8: ● Shipper/Exporter | F8: : Doosan Enerbility Co., LTD | P8: ● Shipper/Exporter | U8: : Doosan Enerbility Co., LTD
A9: Грузоотправитель/Экспортер | F9: 22, Doosan Volvo-ro, Sengsan-gu, Changwon, Gyeongnam, South Korea | P9: Грузоотправитель/Экспортер | U9: 22, Doosan Volvo-ro, Sengsan-gu, Changwon, Gyeongnam, South Korea
A11: ● Number of Invoice | F11: : | G11: PGU-DE-0336 | P11: ● Number of Invoice | U11: : | V11: PGU-DE-0336
A12: № инвойса | P12: № инвойса
A14: ● CARGO DESCRIPTION | F14: : | G14: ='Detail PL '!C66 -> 0 | P14: ● CARGO DESCRIPTION | U14: : | V14: ='Detail PL '!C68 -> 0
A15: ОПИСАНИЕ ГРУЗА | P15: ОПИСАНИЕ ГРУЗА
A17: ● PACKAGE NO. | F17: : | G17: ='Detail PL '!B66 -> 0 | P17: ● PACKAGE NO. | U17: : | V17: ='Detail PL '!B68 -> 0
A18: УПАКОВОЧНЫЙ НОМЕР | P18: УПАКОВОЧНЫЙ НОМЕР
A20: ● NET WEIGHT | F20: : | G20: ='Detail PL '!K66 -> 1005 | H20: Kg | P20: ● NET WEIGHT | U20: : | V20: ='Detail PL '!K68 -> 1005 | W20: Kg
A21: ВЕС НЕТТО | P21: ВЕС НЕТТО
A23: ● GROSS WEIGHT | F23: : | G23: ='Detail PL '!L66 -> 1105 | H23: Kg | P23: ● GROSS WEIGHT | U23: : | V23: ='Detail PL '!L68 -> 1105 | W23: Kg
A24: ВЕС БРУТТО | P24: ВЕС БРУТТО
A26: ● CBM(m3) | F26: : | G26: ='Detail PL '!J66 -> 8.689 | H26: m3 | P26: ● CBM(m3) | U26: : | V26: ='Detail PL '!J68 -> 8.689 | W26: m3
A27: РАЗМЕРЫ | P27: РАЗМЕРЫ
A29: ● FINAL DESTINATION | F29: : | G29: Turkestan Oblast, Sairam district, Karamurt rural district, quarter 171, Republic of Kazakhstan | P29: ● FINAL DESTINATION | U29: : | V29: Turkestan Oblast, Sairam district, Karamurt rural district, quarter 171, Republic of Kazakhstan
A30: КОНЕЧНЫЙ ПУНКТ НАЗНАЧЕНИЯ | P30: КОНЕЧНЫЙ ПУНКТ НАЗНАЧЕНИЯ
E31: Doosan Enerbility | T31: Doosan Enerbility
A33: SHIPPING MARK ГРУЗОВАЯ МАРКИРОВКА | P33: SHIPPING MARK ГРУЗОВАЯ МАРКИРОВКА
A34: ● NAME OF THE PROJECT | F34: : | G34: Construction of a 1000 MW CCGT Power Plant in the Sairam District of the | P34: ● NAME OF THE PROJECT | U34: : | V34: Construction of a 1000 MW CCGT Power Plant in the Sairam District of the
A35: НАЗВАНИЕ ПРОЕКТА | G35: Turkistan Region, Main Site. Without External Engineering Networks | P35: НАЗВАНИЕ ПРОЕКТА | V35: Turkistan Region, Main Site. Without External Engineering Networks
A37: ● CONSIGNEE | F37: : | G37: CCGT Turkestan LLP | P37: ● CONSIGNEE | U37: : | V37: CCGT Turkestan LLP
A38: ГРУЗОПОЛУЧАТЕЛЬ | P38: ГРУЗОПОЛУЧАТЕЛЬ
A40: ● Shipper/Exporter | F40: : Doosan Enerbility Co., LTD | P40: ● Shipper/Exporter | U40: : Doosan Enerbility Co., LTD
A41: Грузоотправитель/Экспортер | F41: 22, Doosan Volvo-ro, Sengsan-gu, Changwon, Gyeongnam, South Korea | P41: Грузоотправитель/Экспортер | U41: 22, Doosan Volvo-ro, Sengsan-gu, Changwon, Gyeongnam, South Korea
A43: ● Number of Invoice | F43: : | G43: PGU-DE-0336 | P43: ● Number of Invoice | U43: : | V43: PGU-DE-0336
A44: № инвойса | P44: № инвойса
A46: ● CARGO DESCRIPTION | F46: : | G46: ='Detail PL '!C70 -> 0 | P46: ● CARGO DESCRIPTION | U46: : | V46: ='Detail PL '!C72 -> 0
A47: ОПИСАНИЕ ГРУЗА | P47: ОПИСАНИЕ ГРУЗА
A49: ● PACKAGE NO. | F49: : | G49: ='Detail PL '!B70 -> 0 | P49: ● PACKAGE NO. | U49: : | V49: ='Detail PL '!B72 -> 0
A50: УПАКОВОЧНЫЙ НОМЕР | P50: УПАКОВОЧНЫЙ НОМЕР
A52: ● NET WEIGHT | F52: : | G52: ='Detail PL '!K70 -> 1005 | H52: Kg | P52: ● NET WEIGHT | U52: : | V52: ='Detail PL '!K72 -> 1005 | W52: Kg
A53: ВЕС НЕТТО | P53: ВЕС НЕТТО
A55: ● GROSS WEIGHT | F55: : | G55: ='Detail PL '!L70 -> 1105 | H55: Kg | P55: ● GROSS WEIGHT | U55: : | V55: ='Detail PL '!L72 -> 1105 | W55: Kg
A56: ВЕС БРУТТО | P56: ВЕС БРУТТО
A58: ● CBM(m3) | F58: : | G58: ='Detail PL '!J70 -> 8.689 | H58: m3 | P58: ● CBM(m3) | U58: : | V58: ='Detail PL '!J72 -> 8.689 | W58: m3
A59: РАЗМЕРЫ | P59: РАЗМЕРЫ
A61: ● FINAL DESTINATION | F61: : | G61: Turkestan Oblast, Sairam district, Karamurt rural district, quarter 171, Republic of Kazakhstan | P61: ● FINAL DESTINATION | U61: : | V61: Turkestan Oblast, Sairam district, Karamurt rural district, quarter 171, Republic of Kazakhstan
A62: КОНЕЧНЫЙ ПУНКТ НАЗНАЧЕНИЯ | P62: КОНЕЧНЫЙ ПУНКТ НАЗНАЧЕНИЯ
E63: Doosan Enerbility | T63: Doosan Enerbility
A65: SHIPPING MARK ГРУЗОВАЯ МАРКИРОВКА | P65: SHIPPING MARK ГРУЗОВАЯ МАРКИРОВКА
A66: ● NAME OF THE PROJECT | F66: : | G66: Construction of a 1000 MW CCGT Power Plant in the Sairam District of the | P66: ● NAME OF THE PROJECT | U66: : | V66: Construction of a 1000 MW CCGT Power Plant in the Sairam District of the
A67: НАЗВАНИЕ ПРОЕКТА | G67: Turkistan Region, Main Site. Without External Engineering Networks | P67: НАЗВАНИЕ ПРОЕКТА | V67: Turkistan Region, Main Site. Without External Engineering Networks
A69: ● CONSIGNEE | F69: : | G69: CCGT Turkestan LLP | P69: ● CONSIGNEE | U69: : | V69: CCGT Turkestan LLP
A70: ГРУЗОПОЛУЧАТЕЛЬ | P70: ГРУЗОПОЛУЧАТЕЛЬ
A72: ● Shipper/Exporter | F72: : Doosan Enerbility Co., LTD | P72: ● Shipper/Exporter | U72: : Doosan Enerbility Co., LTD
A73: Грузоотправитель/Экспортер | F73: 22, Doosan Volvo-ro, Sengsan-gu, Changwon, Gyeongnam, South Korea | P73: Грузоотправитель/Экспортер | U73: 22, Doosan Volvo-ro, Sengsan-gu, Changwon, Gyeongnam, South Korea
A75: ● Number of Invoice | F75: : | G75: PGU-DE-0336 | P75: ● Number of Invoice | U75: : | V75: PGU-DE-0336
A76: № инвойса | P76: № инвойса
A78: ● CARGO DESCRIPTION | F78: : | G78: ='Detail PL '!C425 -> 0 | P78: ● CARGO DESCRIPTION | U78: : | V78: ='Detail PL '!C440 -> 0
A79: ОПИСАНИЕ ГРУЗА | P79: ОПИСАНИЕ ГРУЗА
A81: ● PACKAGE NO. | F81: : | G81: ='Detail PL '!B425 -> 0 | P81: ● PACKAGE NO. | U81: : | V81: ='Detail PL '!B440 -> 0
A82: УПАКОВОЧНЫЙ НОМЕР | P82: УПАКОВОЧНЫЙ НОМЕР
A84: ● NET WEIGHT | F84: : | G84: ='Detail PL '!K425 -> 1870.5 | H84: Kg | P84: ● NET WEIGHT | U84: : | V84: ='Detail PL '!K440 -> 539 | W84: Kg
A85: ВЕС НЕТТО | P85: ВЕС НЕТТО
A87: ● GROSS WEIGHT | F87: : | G87: ='Detail PL '!L425 -> 1970.5 | H87: Kg | P87: ● GROSS WEIGHT | U87: : | V87: ='Detail PL '!L440 -> 600 | W87: Kg
A88: ВЕС БРУТТО | P88: ВЕС БРУТТО
A90: ● CBM(m3) | F90: : | G90: ='Detail PL '!J425 -> 2.973 | H90: m3 | P90: ● CBM(m3) | U90: : | V90: ='Detail PL '!J440 -> 1.575 | W90: m3
A91: РАЗМЕРЫ | P91: РАЗМЕРЫ
A93: ● FINAL DESTINATION | F93: : | G93: Turkestan Oblast, Sairam district, Karamurt rural district, quarter 171, Republic of Kazakhstan | P93: ● FINAL DESTINATION | U93: : | V93: Turkestan Oblast, Sairam district, Karamurt rural district, quarter 171, Republic of Kazakhstan
A94: КОНЕЧНЫЙ ПУНКТ НАЗНАЧЕНИЯ | P94: КОНЕЧНЫЙ ПУНКТ НАЗНАЧЕНИЯ
E95: Doosan Enerbility | T95: Doosan Enerbility
