Workbook
Name _____THK1: #REF!
Name ____THK1: #REF!
Name ___THK1: #REF!
Name __THK1: #REF!
Name _LV4: #REF!
Name _Order1: 255
Name _Order2: 255
Name _Regression_Int: 1
Name _THK1: #REF!
Name \a: #N/A
Name \q: #N/A
Name \z: #N/A
Name Access_Button: "PJTFINAL_F02F11_List"
Name ALLOY: [1]TABLE!$C$5:$D$1005
Name asd: #REF!
Name B: [0]!B
Name cable: #REF!
Name cal: #REF!
Name calculation: [0]!calculation
Name CALCULATION_1: [0]!CALCULATION_1
Name CARBON: [1]TABLE!$A$5:$B$765
Name D: [0]!D
Name d_cooler_flow: #REF!
Name DATA_1: #REF!
Name DATA_10: #REF!
Name DATA_11: #REF!
Name DATA_114: #REF!
Name DATA_12: #REF!
Name DATA_13: #REF!
Name DATA_14: #REF!
Name DATA_15: #REF!
Name DATA_16: #REF!
Name DATA_17: #REF!
Name DATA_18: #REF!
Name DATA_19: #REF!
Name DATA_2: #REF!
Name DATA_20: #REF!
Name DATA_21: #REF!
Name DATA_22: #REF!
Name DATA_23: #REF!
Name DATA_24: #REF!
Name DATA_25: #REF!
Name DATA_3: #REF!
Name DATA_4: #REF!
Name DATA_5: #REF!
Name DATA_6: #REF!
Name DATA_7: #REF!
Name DATA_8: #REF!
Name DATA_9: #REF!
Name dcooler_pdrop: #REF!
Name design: #REF!
Name DFSF: [0]!DFSF
Name dgn: #REF!
Name dtnps: #REF!
Name ECL: [2]ECL!$A$1:$L$65536
Name f_a: #REF!
Name ff: #REF!
Name FIL: #REF!
Name FINC2: #REF!
Name flow: #REF!

Sheet 1. IO Database (HW) Legend
A1: 1. INPUT & OUTPUT DATABASE
A2: LEGEND (HARDWIRED)
A3: PJT Name : Turkistan CCGT Project, Date : 2023-03-30, Revision : A
A4: COLUMN NUMBER | B4: DESCRIPTION
A6: 1 | B6: NO. : This column shows a serial sequence of the measurements in the list.
B7: This number has no relation with the signal numbers.
A9: 2 | B9: TAG NO. : Instrument Identification Number as following NUMBERING METHOD for Instrument Tag and Equipment Tag.
A11: 3 | B11: SIGNAL NO. : Signal Status Number
B12: A B nn | D12: A: Signal Origin | F12: B: Signal Area | H12: nn: Serial Number (01~99)
D13: X : Input signal | F13: B : Binary Input Signal
D14: Y : Output signal | F14: G: Binary Set Value
F15: N: Binary Output Signal
F16: Q : Analog Signal
C18: SIGANAL | E18: PROCESS | F18: VALVE | I18: MOTOR (PP, FAN, etc.) | J18: ELECTRICAL | K18: HARDWIRED INTERFACE WITH DCS | L18: REMARK
C19: TYPE | D19: NO. | F19: MOV, ACTUATOR | G19: SOV | H19: CV
C20: AO | D20: YQ01 | E20: ANALOG OUTPUT INTERFACE | H20: POSITION DEMAND | I20: VARIABLE SPEED CONTROL COMMAND | J20: ELECTRICAL EQUIPMENT INTERFACE | K20: PACKAGE INTERFACE | L20: MULTIPLE AO: YQ01~99
C21: AI | D21: XQ01 | E21: ANALOG INPUT | F21: POSITION FEEDBACK | H21: POSITION FEEDBACK | I21: VARIABLE SPEED CONTROL FEEDBACK | J21: ELECTRICAL EQUIPMENT INTERFACE | K21: PACKAGE INTERFACE
D22: XQ02 | E22: ANALOG INPUT (RTD) | L22: IN CASE OF DIRECT CONNECTION BETWEEN FIELD AND DCS.
D23: XQ03 | E23: ANALOG INPUT (THERMOCOUPLE) | L23: IN CASE OF DIRECT CONNECTION BETWEEN FIELD AND DCS.
D24: XQ11 | I24: CURRENT | J24: CURRENT | K24: CURRENT | L24: MULTIPLE AI (XQ11, XQ12, XQ13, ~)
D25: XQ21 | I25: VOLTAGE | J25: VOLTAGE | K25: VOLTAGE | L25: MULTIPLE AI (XQ21, XQ22, XQ23, ~)
D26: XQ31 | J26: ACTIVE POWER (W, KW, MW)
D27: XQ32 | J27: REACTIVE POWER (VAR, MVAR)
D28: XQ41 | J28: FREQUENCY
D29: XQ42 | J29: POWER FACTOR
D30: XQ61~99 | J30: OTHER ELECTRICAL INTERFACE | K30: OTHER PACKAGE INTERFACE (IF REQUIRED)
C31: DO | D31: YN51 | F31: OPEN COMMAND | G31: SOV ENERGIZE TO OPEN COMMAND
D32: YN52 | F32: CLOSE COMMAND | G32: SOV ENERGIZE TO CLOSE COMMAND
D33: YN54 | I33: PP START COMMAND | J33: BKR CLOSE COMMAND
D34: YN55 | I34: PP STOP COMMAND | J34: BKR OPEN COMMAND
D35: YBn1 | K35: - GROUP START COMMAND - PP/FAN START COMMAND - VALVE OPEN COMMAND - VFD(INVERTER) ON COMMAND | L35: n = 0~3 (YB01, YB11, YB21, YB31)
D36: YBn2 | K36: - GROUP STOP COMMAND - PP/FAN STOP COMMAND - VALVE CLOSE COMMAND - VFD(INVERTER) OFF COMMAND | L36: n = 0~3 (YB02, YB12, YB22, YB32)
D37: YB51~60 | K37: STATUS FEEDBACK TO LCP (IF REQUIRED) | L37: EX. LCP LAMP POWER (PUMP RUNNING, STOPPED, FAULT, etc.)
D38: YB61~99 | J38: OTHER ELECTRICAL EQUIPMENT INTERFACE (IF REQUIRED) | K38: OTHER PACKAGE INTERFACE (IF REQUIRED)
C39: DI | D39: XB01 | F39: VLV OPENED FEEDBACK | G39: VLV OPENED FEEDBACK | H39: VLV OPENED FEEDBACK | I39: PP RUNNING FEEDBACK | J39: BKR CLOSED FEEDBACK
D40: XB02 | F40: VLV CLOSED FEEDBACK | G40: VLV CLOSED FEEDBACK | H40: VLV CLOSED FEEDBACK | I40: PP STOPPED FEEDBACK | J40: BKR OPENED FEEDBACK
D41: XB03 | F41: MOV INTERMEDIATE OPENED FEEDBACK
D42: XB06 | E42: PULSE INPUT | J42: PULSE INPUT
D43: XB11 | F43: MOV TOQ OPEN FEEDBACK
D44: XB12 | F44: MOV TOQ CLOSE FEEDBACK
D45: XB21 | F45: OPEN PUSHBUTTON | G45: OPEN PUSHBUTTON | I45: START PUSHBUTTON
D46: XB22 | F46: CLOSE PUSHBUTTON | G46: CLOSE PUSHBUTTON | I46: STOP PUSHBUTTON
D47: XB23 | I47: PP EMERGENCY STOP BUTTON
D48: XB41 | I48: LOCAL | J48: LOCAL
D49: XB42 | I49: REMOTE | J49: REMOTE
D50: XB43 | I50: TEST POSITION | J50: TEST POSITION
D51: XB44 | I51: SERVICE POSITION | J51: SERVICE POSITION
D52: XB45 | I52: SWGR/MCC READY | J52: SWGR/MCC READY
D53: XB48 | F53: SWGR/MCC FAULT/PROTECTION ACTIVATED | G53: NOT POWER AVAILABLE | I53: -SWGR/MCC FAULT -PROTECTION ACTIVATED | J53: -SWGR/MCC FAULT -PROTECTION ACTIVATED
D54: XB49 | J54: UNDER VOLTAGE
D55: XB50 | E55: PROCESS TRIP (MFT, etc.) | I55: TRIP | J55: TRIP | L55: X48의 FAULT/PROTECTION의 상황으로 표현 불가한 TRIP SIGNAL
D56: XB6n | J56: OTHER INTERFACE
D57: XNn1 | K57: - GROUP STARTED FEEDBACK - PP/FAN RUNNING FEEDBACK - VALVE OPENED FEEDBACK - VFD(INVERTER) ON FEEDBACK | L57: n = 0~3 (XN01, XN11, XN21, XN31)
D58: XNn2 | K58: - GROUP STOPPED FEEDBACK - PP/FAN STOPPED FEEDBACK - VALVE CLOSED FEEDBACK - VFD(INVERTER) OFF FEEDBACK | L58: n = 0~3 (XN02, XN12, XN22, XN32)
D59: XN41 | K59: LOCAL
D60: XN42 | K60: REMOTE
D61: XN43 | K61: TEST POSITION
D62: XN44 | K62: SERVICE POSITION
D63: XN45 | K63: READY
D64: XN48 | K64: - SWGR/MCC FAULT - PROTECTION ACTIVATED
D65: XN50 | K65: TRIP
D66: XN61~99 | K66: OTHER PACKAGE INTERFACE (IF REQUIRED)
D67: XG01 | E67: HI ALARM
D68: XG03 | E68: HIHI ALARM
D69: XG05 | E69: HIHIHI ALARM
D70: XG52 | E70: LO ALARM
D71: XG54 | E71: LOLO ALARM
D72: XG56 | E72: LOLOLO ALARM
A74: 4 | B74: SIGNAL SERVICE DESCRIPTION : Service Description of the instruments or devices
B75: SIGNAL STATUS : Signal status is described only for DI signal on.
A77: 5 | B77: DEVICE TYPE : Deatail description of signal sources or interface devices
C78: DGI | D78: : Digital Indicator or Annunciator | H78: MOV | I78: : On-Off Type Motor Operated Valve
C79: AIT | D79: : Analyzer | H79: IMOV | I79: : Inching Type Motor Operated Valve
C80: CV | D80: : Control Valve (Modulating Type) | H80: SOV | I80: : Solenoid Valve
C81: CV(SOV) | D81: : Control Valve (On-Off Type) | H81: PP | I81: : Pump
C82: TIT (TT) | D82: : Temperature Element with Transmitter | H82: FAN | I82: : Fan
C83: PIT | D83: : Pressure Transmitter | H83: PLC | I83: : Programmable Logic Controller
C84: LIT | D84: : Level Transmitter | H84: LCP | I84: : Local Control Panel
C85: FIT | D85: : Flow Transmitter | H85: HT | I85: : Humidity / Moisture Transmitter
C86: PDIS | D86: : Diff. Pressure Switch | H86: ZT | I86: : Position Transmitter
C87: FS | D87: : Flow Switch | H87: ZS | I87: : Position Switch i.e. limit switch
C88: LS | D88: : Level Switch | H88: YS | I88: : Vibration Feedback
C89: PDIT | D89: : Diff. Pressure Transmitter | H89: KT | I89: : Key Phasor
... C95: DMPR | D95: : Damper | H95: DET | I95: : Detector
A97: 6 | B97: I/O TYPE : The Signal type of the measurements is specified as follows;
C98: AI | D98: : Analogue Input | H98: DI | I98: : Binary Input
C99: AO | D99: : Analogue Output | H99: DO | I99: : Binary Output
H100: PI | I100: : Pulse Input
A102: 7 | B102: SIGNAL TYPE : The type of input signal from the measurements is specified as
C103: 4 ~ 20 mA | D103: : Analog | H103: PT100 | I103: : Analog signal for RTD (in case of direct connection without transmitter)
C104: 24V DC | D104: : Digital Contact input or output | H104: K-Type | I104: : Analog signal for Thermocouple (in case of direct connection without transmitter)
C105: 220VAC | D105: : Solenoid Valve
A107: 8 | B107: CONTACT TYPE : The Normal Contact of Binary signals
C108: NO | D108: : Normal Open Contact | H108: NC | I108: : Normal Close Contact
A110: 9 | B110: PWR SRC : The Power Source for the signal is specified.
C111: I | D111: : Internal Power (from PLC) | H111: E | I111: : External Power (from outside of PLC, Field equipment / DCS / etc..)
A113: 10 | B113: FROM / TO : ‘FROM’ means the location of the source of measurements, and ‘TO’ means the final destination of the measurements.
C114: FLD | D114: : Field (or Local) | H114: GCP | I114: : Generator Control Panel
C115: SWGR | D115: : Switchgear (or Motor Control Center) | H115: GCB | I115: : Generator Circuit Breaker
C116: IRP | D116: : DCS Interposing Relay Panel | H116: GSUT | I116: : Generator Step-Up Transformer
...

Sheet FI_CS_Cable_list
A1: FI CS CABLE LIST
A2: (TCS/TPS SYSTEM)
A3: PJT Name : Turkistan CCGT Project, Date : 2024-06-04, Revision: R03
A4: Ele | B4: SYSTEM | C4: CABLE | D4: CABLE | F4: SIGNAL | G4: LENGTH | H4: FROM | K4: TO | N4: CABLE ROUTE | O4: REMARK
C5: NUMBER | D5: TYPE | E5: SPEC. | F5: TYPE | G5: (M) | H5: KKS NO. | I5: DESCRIPTION | J5: LOCATION / DWG NO | K5: KKS NO. | L5: DESCRIPTION | M5: LOCATION / DWG NO
A6: =Query!A3 -> 20000 | B6: =MID(Query!B3,1,2) -> B1 | C6: =MID(Query!B3,4,50) -> CP-13501-C4003 | D6: =Query!C3 -> 1- C5XFE-R /ST/ | E6: =Query!D3 -> 2 x 2 x 1.0 mm² | F6: 24V DC | G6: =Query!E3 -> 30 | H6: =Query!F3 -> B1-TCS-1301B-XD54 | I6: =Query!G3 -> TCS I/O and marshaling cabinet | J6: Eletric room | K6: =Query!K3 -> B1-CP-13501+ER-X100 | L6: =Query!L3 -> BOX OF GEN.EXCITATION | M6: Eletric room | O6: =Query!O3 -> DSPW/SUPP.FI
A7: =Query!A4 -> 20001 | B7: =MID(Query!B4,1,2) -> B1 | C7: =MID(Query!B4,4,50) -> CP-13501-C4004 | D7: =Query!C4 -> 1- C5XFE-R /ST/ | E7: =Query!D4 -> 2 x 2 x 1.0 mm² | F7: 24V DC | G7: =Query!E4 -> 30 | H7: =Query!F4 -> B1-TCS-1301B-XD45 | I7: =Query!G4 -> TCS I/O and marshaling cabinet | J7: Eletric room | K7: =Query!K4 -> B1-CP-13501+ER-X110 | L7: =Query!L4 -> BOX OF GEN.EXCITATION | M7: Eletric room | O7: =Query!O4 -> DSPW/SUPP.FI
A8: =Query!A5 -> 20002 | B8: =MID(Query!B5,1,2) -> B1 | C8: =MID(Query!B5,4,50) -> CP-13501-C4005 | D8: =Query!C5 -> 1- C5XFE-R /ST/ | E8: =Query!D5 -> 5 x 2 x 1.0 mm² | F8: 24V DC | G8: =Query!E5 -> 30 | H8: =Query!F5 -> B1-TCS-1301B-XD54 | I8: =Query!G5 -> TCS I/O and marshaling cabinet | J8: Eletric room | K8: =Query!K5 -> B1-CP-13501+ER-X200 | L8: =Query!L5 -> BOX OF GEN.EXCITATION | M8: Eletric room | O8: =Query!O5 -> DSPW/SUPP.FI
A9: =Query!A6 -> 20003 | B9: =MID(Query!B6,1,2) -> B1 | C9: =MID(Query!B6,4,50) -> CP-13501-C4006 | D9: =Query!C6 -> 1- C5XFE-R /ST/ | E9: =Query!D6 -> 10 x 2 x 1.0 mm² | F9: 24V DC | G9: =Query!E6 -> 30 | H9: =Query!F6 -> B1-TCS-1301B-XD45 | I9: =Query!G6 -> TCS I/O and marshaling cabinet | J9: Eletric room | K9: =Query!K6 -> B1-CP-13501+ER-X210 | L9: =Query!L6 -> BOX OF GEN.EXCITATION | M9: Eletric room | O9: =Query!O6 -> DSPW/SUPP.FI
A10: =Query!A7 -> 20004 | B10: =MID(Query!B7,1,2) -> B1 | C10: =MID(Query!B7,4,50) -> CP-13501-C4007 | D10: =Query!C7 -> 1- C5XFE-R /ST/ | E10: =Query!D7 -> 10 x 2 x 1.0 mm² | F10: 24V DC | G10: =Query!E7 -> 30 | H10: =Query!F7 -> B1-TCS-1301B-XD54 | I10: =Query!G7 -> TCS I/O and marshaling cabinet | J10: Eletric room | K10: =Query!K7 -> B1-CP-13501+ER-X300 | L10: =Query!L7 -> BOX OF GEN.EXCITATION | M10: Eletric room | O10: =Query!O7 -> DSPW/SUPP.FI
A11: =Query!A8 -> 20005 | B11: =MID(Query!B8,1,2) -> B1 | C11: =MID(Query!B8,4,50) -> CP-13501-C4008 | D11: =Query!C8 -> 1- C5XFE-R /ST/ | E11: =Query!D8 -> 10 x 2 x 1.0 mm² | F11: 24V DC | G11: =Query!E8 -> 30 | H11: =Query!F8 -> B1-TCS-1301B-XD45 | I11: =Query!G8 -> TCS I/O and marshaling cabinet | J11: Eletric room | K11: =Query!K8 -> B1-CP-13501+ER-X310 | L11: =Query!L8 -> BOX OF GEN.EXCITATION | M11: Eletric room | O11: =Query!O8 -> DSPW/SUPP.FI
A12: =Query!A9 -> 20006 | B12: =MID(Query!B9,1,2) -> B1 | C12: =MID(Query!B9,4,50) -> CP-13501-I6001 | D12: =Query!C9 -> 1- C5XFE-R /ST/ | E12: =Query!D9 -> 2 x 2 x 1.0 mm² | F12: 4-20mA | G12: =Query!E9 -> 30 | H12: =Query!F9 -> B1-TCS-1301B-XD44 | I12: =Query!G9 -> TCS I/O and marshaling cabinet | J12: Eletric room | K12: =Query!K9 -> B1-CP-13501+ER-U514 | L12: =Query!L9 -> BOX OF GEN.EXCITATION | M12: Eletric room | O12: =Query!O9 -> DSPW/SUPP.FI
A13: =Query!A10 -> 20007 | B13: =MID(Query!B10,1,2) -> B1 | C13: =MID(Query!B10,4,50) -> CP-13501-I6003 | D13: =Query!C10 -> 1- C5XFE-R /ST/ | E13: =Query!D10 -> 2 x 2 x 1.0 mm² | F13: 4-20mA | G13: =Query!E10 -> 30 | H13: =Query!F10 -> B1-TCS-1301B-XD44 | I13: =Query!G10 -> TCS I/O and marshaling cabinet | J13: Eletric room | K13: =Query!K10 -> B1-CP-13501+ER-U501 | L13: =Query!L10 -> BOX OF GEN.EXCITATION | M13: Eletric room | O13: =Query!O10 -> DSPW/SUPP.FI
A14: =Query!A11 -> 20008 | B14: =MID(Query!B11,1,2) -> B1 | C14: =MID(Query!B11,4,50) -> CP-13701-C4006 | D14: =Query!C11 -> 1- C5XFE-R /ST/ | E14: =Query!D11 -> 5 x 2 x 1.0 mm² | F14: 24V DC | G14: =Query!E11 -> 30 | H14: =Query!F11 -> B1-TCS-1301B-XD52 | I14: =Query!G11 -> TCS I/O and marshaling cabinet | J14: Eletric room | K14: =Query!K11 -> B1-CP-13701-XC4 | L14: =Query!L11 -> BOX OF GEN.AVR, SYNCHR.AND MEAS. | M14: Eletric room | O14: =Query!O11 -> DSPW/SUPP.FI
A15: =Query!A12 -> 20009 | B15: =MID(Query!B12,1,2) -> B1 | C15: =MID(Query!B12,4,50) -> CP-13701-C4008 | D15: =Query!C12 -> 1- C5XFE-R /ST/ | E15: =Query!D12 -> 5 x 2 x 1.0 mm² | F15: 24V DC | G15: =Query!E12 -> 30 | H15: =Query!F12 -> B1-TCS-1301B-XD42 | I15: =Query!G12 -> TCS I/O and marshaling cabinet | J15: Eletric room | K15: =Query!K12 -> B1-CP-13701-XS4 | L15: =Query!L12 -> BOX OF GEN.AVR, SYNCHR.AND MEAS. | M15: Eletric room | O15: =Query!O12 -> DSPW/SUPP.FI
A16: =Query!A13 -> 20010 | B16: =MID(Query!B13,1,2) -> B1 | C16: =MID(Query!B13,4,50) -> CP-13701-C4010 | D16: =Query!C13 -> 1- C5XFE-R /ST/ | E16: =Query!D13 -> 5 x 2 x 1.0 mm² | F16: 24V DC | G16: =Query!E13 -> 30 | H16: =Query!F13 -> B1-TCS-1301B-XD42 | I16: =Query!G13 -> TCS I/O and marshaling cabinet | J16: Eletric room | K16: =Query!K13 -> B1-CP-13701-XS4 | L16: =Query!L13 -> BOX OF GEN.AVR, SYNCHR.AND MEAS. | M16: Eletric room | O16: =Query!O13 -> DSPW/SUPP.FI
A17: =Query!A14 -> 20011 | B17: =MID(Query!B14,1,2) -> B1 | C17: =MID(Query!B14,4,50) -> CP-13701-C4011 | D17: =Query!C14 -> 1- C5XFE-R /ST/ | E17: =Query!D14 -> 5 x 2 x 1.0 mm² | F17: 24V DC | G17: =Query!E14 -> 30 | H17: =Query!F14 -> B1-TCS-1301B-XD42 | I17: =Query!G14 -> TCS I/O and marshaling cabinet | J17: Eletric room | K17: =Query!K14 -> B1-CP-13701-XS4 | L17: =Query!L14 -> BOX OF GEN.AVR, SYNCHR.AND MEAS. | M17: Eletric room | O17: =Query!O14 -> DSPW/SUPP.FI
... A56: =Query!A53 -> 20050 | B56: =MID(Query!B53,1,2) -> B1 | C56: =MID(Query!B53,4,50) -> PI-I-5235 | D56: =Query!C53 -> 1- C5XFE-R /ST/ | E56: =Query!D53 -> 2 x 2 x 1.0 mm² | F56: 4-20mA | G56: =Query!E53 -> 200 | H56: =Query!F53 -> B1-TCS-1311-X11 | I56: =Query!G53 -> BOX TPC/OPS | J56: Eletric room | K56: =Query!K53 -> B1JB10-13311C HAN 6A | L56: =Query!L53 -> HARTING Speed OPS | M56: Machine hall | O56: =Query!O53 -> DSPW/SUPP.FI
A57: =Query!A54 -> 20051 | B57: =MID(Query!B54,1,2) -> B1 | C57: =MID(Query!B54,4,50) -> PI-I-5236 | D57: =Query!C54 -> 1- C5XFE-R /ST/ | E57: =Query!D54 -> 5 x 2 x 1.0 mm² | F57: 4-20mA | G57: =Query!E54 -> 200 | H57: =Query!F54 -> B1-TCS-1311-X12 | I57: =Query!G54 -> BOX TPC/OPS | J57: Eletric room | K57: =Query!K54 -> B1-HZ-13303-S01 | L57: =Query!L54 -> PUSH-BUTTON CONTROL ROOM | M57: =Query!M54 -> ++Control room | O57: =Query!O54 -> DSPW/SUPP.FI
A58: =Query!A55 -> 20052 | B58: =MID(Query!B55,1,2) -> B1 | C58: =MID(Query!B55,4,50) -> PI-I-5237 | D58: =Query!C55 -> 1- C5XFE-R /ST/ | E58: =Query!D55 -> 5 x 2 x 1.0 mm² | F58: 4-20mA | G58: =Query!E55 -> 100 | H58: =Query!F55 -> B1-TCS-1311-X12 | I58: =Query!G55 -> BOX TPC/OPS | J58: Eletric room | K58: =Query!K55 -> B1-HZ-13302-S01 | L58: =Query!L55 -> PUSH-BUTTON STG TRIP - MACHINE HALL | M58: Machine hall | O58: =Query!O55 -> DSPW/SUPP.FI
A59: =Query!A56 -> 20053 | B59: =MID(Query!B56,1,2) -> B1 | C59: =MID(Query!B56,4,50) -> PI-I-5241 | D59: =Query!C56 -> Cu | E59: =Query!D56 -> 2 x 2.5 mm² | F59: 4-20mA | G59: =Query!E56 -> 100 | H59: =Query!F56 -> B1-TCS-1311-X21 | I59: =Query!G56 -> BOX TPC/OPS | J59: Eletric room | K59: =Query!K56 -> B1-JBAY-1341-X01 | L59: =Query!L56 -> JB HPH FI | M59: Machine hall | O59: =Query!O56 -> DSPW/SUPP.FI
A60: =Query!A57 -> 20054 | B60: =MID(Query!B57,1,2) -> B1 | C60: =MID(Query!B57,4,50) -> PI-I-5243 | D60: =Query!C57 -> Cu | E60: =Query!D57 -> 2 x 2.5 mm² | F60: 4-20mA | G60: =Query!E57 -> 100 | H60: =Query!F57 -> B1-TCS-1311-X21 | I60: =Query!G57 -> BOX TPC/OPS | J60: Eletric room | K60: =Query!K57 -> B1-JBAY-1341-X01 | L60: =Query!L57 -> JB HPH FI | M60: Machine hall | O60: =Query!O57 -> DSPW/SUPP.FI
A61: =Query!A58 -> 20055 | B61: =MID(Query!B58,1,2) -> B1 | C61: =MID(Query!B58,4,50) -> PI-I-5245 | D61: =Query!C58 -> Cu | E61: =Query!D58 -> 2 x 2.5 mm² | F61: 4-20mA | G61: =Query!E58 -> 100 | H61: =Query!F58 -> B1-TCS-1311-X21 | I61: =Query!G58 -> BOX TPC/OPS | J61: Eletric room | K61: =Query!K58 -> B1-JBAY-1341-X01 | L61: =Query!L58 -> JB HPH FI | M61: Machine hall | O61: =Query!O58 -> DSPW/SUPP.FI
A62: =Query!A59 -> 20056 | B62: =MID(Query!B59,1,2) -> B1 | C62: =MID(Query!B59,4,50) -> PRP-13701-C4001 | D62: =Query!C59 -> 1- C5XFE-R /ST/ | E62: =Query!D59 -> 2 x 2 x 1.0 mm² | F62: 24V DC | G62: =Query!E59 -> 30 | H62: =Query!F59 -> B1-TCS-1301B-XD53 | I62: =Query!G59 -> TCS I/O and marshaling cabinet | J62: Eletric room | K62: =Query!K59 -> B1-PRP-13701-XC7 | L62: =Query!L59 -> BOX OF GEN.PROTECTIONS | M62: Eletric room | O62: =Query!O59 -> DSPW/SUPP.FI
A63: =Query!A60 -> 20057 | B63: =MID(Query!B60,1,2) -> B1 | C63: =MID(Query!B60,4,50) -> PRP-13701-C4002 | D63: =Query!C60 -> 1- C5XFE-R /ST/ | E63: =Query!D60 -> 2 x 2 x 1.0 mm² | F63: 24V DC | G63: =Query!E60 -> 30 | H63: =Query!F60 -> B1-TCS-1301B-XD53 | I63: =Query!G60 -> TCS I/O and marshaling cabinet | J63: Eletric room | K63: =Query!K60 -> B1-PRP-13701-XC7 | L63: =Query!L60 -> BOX OF GEN.PROTECTIONS | M63: Eletric room | O63: =Query!O60 -> DSPW/SUPP.FI
A64: =Query!A61 -> 20058 | B64: =MID(Query!B61,1,2) -> B1 | C64: =MID(Query!B61,4,50) -> PRP-13701-C4010 | D64: =Query!C61 -> 1- C5XFE-R /ST/ | E64: =Query!D61 -> 2 x 2 x 1.0 mm² | F64: 24V DC | G64: =Query!E61 -> 30 | H64: =Query!F61 -> B1-TCS-1301C-XD55 | I64: =Query!G61 -> TPS I/O and marshaling cabinet | J64: Eletric room | K64: =Query!K61 -> B1-PRP-13701-XS1 | L64: =Query!L61 -> BOX OF GEN.PROTECTIONS | M64: Eletric room | O64: =Query!O61 -> DSPW/SUPP.FI
A65: =Query!A62 -> 20059 | B65: =MID(Query!B62,1,2) -> B1 | C65: =MID(Query!B62,4,50) -> PRP-13701-C4011 | D65: =Query!C62 -> 1- C5XFE-R /ST/ | E65: =Query!D62 -> 2 x 2 x 1.0 mm² | F65: 24V DC | G65: =Query!E62 -> 30 | H65: =Query!F62 -> B1-TCS-1301C-XD55 | I65: =Query!G62 -> TPS I/O and marshaling cabinet | J65: Eletric room | K65: =Query!K62 -> B1-PRP-13701-XS1 | L65: =Query!L62 -> BOX OF GEN.PROTECTIONS | M65: Eletric room | O65: =Query!O62 -> DSPW/SUPP.FI
A66: =Query!A63 -> 20060 | B66: =MID(Query!B63,1,2) -> B1 | C66: =MID(Query!B63,4,50) -> PRP-13701-C4012 | D66: =Query!C63 -> 1- C5XFE-R /ST/ | E66: =Query!D63 -> 2 x 2 x 1.0 mm² | F66: 24V DC | G66: =Query!E63 -> 30 | H66: =Query!F63 -> B1-TCS-1301C-XD55 | I66: =Query!G63 -> TPS I/O and marshaling cabinet | J66: Eletric room | K66: =Query!K63 -> B1-PRP-13701-XS1 | L66: =Query!L63 -> BOX OF GEN.PROTECTIONS | M66: Eletric room | O66: =Query!O63 -> DSPW/SUPP.FI
A67: =Query!A64 -> 20061 | B67: =MID(Query!B64,1,2) -> B1 | C67: =MID(Query!B64,4,50) -> PRP-13701-C4013 | D67: =Query!C64 -> 1- C5XFE-R /ST/ | E67: =Query!D64 -> 2 x 2 x 1.0 mm² | F67: 24V DC | G67: =Query!E64 -> 30 | H67: =Query!F64 -> B1-TCS-1301B-XD43 | I67: =Query!G64 -> TCS I/O and marshaling cabinet | J67: Eletric room | K67: =Query!K64 -> B1-PRP-13701-XS1 | L67: =Query!L64 -> BOX OF GEN.PROTECTIONS | M67: Eletric room | O67: =Query!O64 -> DSPW/SUPP.FI
A68: =Query!A65 -> 20062 | B68: =MID(Query!B65,1,2) -> B1 | C68: =MID(Query!B65,4,50) -> PRP-13701-C4014 | D68: =Query!C65 -> 1- C5XFE-R /ST/ | E68: =Query!D65 -> 2 x 2 x 1.0 mm² | F68: 24V DC | G68: =Query!E65 -> 30 | H68: =Query!F65 -> B1-TCS-1301B-XD43 | I68: =Query!G65 -> TCS I/O and marshaling cabinet | J68: Eletric room | K68: =Query!K65 -> B1-PRP-13701-XS1 | L68: =Query!L65 -> BOX OF GEN.PROTECTIONS | M68: Eletric room | O68: =Query!O65 -> DSPW/SUPP.FI
A69: =Query!A66 -> 20063 | B69: =MID(Query!B66,1,2) -> B1 | C69: =MID(Query!B66,4,50) -> PRP-13701-C4024 | D69: =Query!C66 -> 1- C5XFE-R /ST/ | E69: =Query!D66 -> 10 x 2 x 1.0 mm² | F69: 24V DC | G69: =Query!E66 -> 30 | H69: =Query!F66 -> B1-TCS-1301B-XD43 | I69: =Query!G66 -> TCS I/O and marshaling cabinet | J69: Eletric room | K69: =Query!K66 -> B1-PRP-13701-XS4 | L69: =Query!L66 -> BOX OF GEN.PROTECTIONS | M69: Eletric room | O69: =Query!O66 -> DSPW/SUPP.FI
... A116: =Query!A113 -> 20110 | B116: =MID(Query!B113,1,2) -> B1 | C116: =MID(Query!B113,4,50) -> SKD-13107-PYV02-C4002 | D116: =Query!C113 -> Cu | E116: =Query!D113 -> 2 x 2.5 mm² | F116: 24V DC | G116: =Query!E113 -> 100 | H116: =Query!F113 -> B1-TCS-1311-X31 | I116: =Query!G113 -> BOX TPC/OPS | J116: Eletric room | K116: =Query!K113 -> B1-SKD-13107-PYV02 HAN 3A | L116: =Query!L113 -> SOLENOID PopV LPCF | M116: Machine hall | O116: =Query!O113 -> DSPW/SUPP.FI
A117: =Query!A114 -> 20111 | B117: =MID(Query!B114,1,2) -> B1 | C117: =MID(Query!B114,4,50) -> TCS-1301A-E8001 | D117: Ethernet | E117: CAT6 | F117: 4-20mA | G117: =Query!E114 -> 30 | H117: =Query!F114 -> B1-TCS-1301A-A21 | I117: =Query!G114 -> TCS/TPS CPU and PWR cabinet | J117: Eletric room | K117: =Query!K114 -> B1-CP-13701-P4 | L117: =Query!L114 -> BOX OF GEN.AVR, SYNCHR.AND MEAS. | M117: Eletric room | O117: =Query!O114 -> DSPW/SUPP.FI
A118: =Query!A115 -> 20112 | B118: =MID(Query!B115,1,2) -> B1 | C118: =MID(Query!B115,4,50) -> TCS-1301A-E8002 | D118: Ethernet | E118: CAT6 | F118: 4-20mA | G118: =Query!E115 -> 30 | H118: =Query!F115 -> B1-TCS-1301A-A21 | I118: =Query!G115 -> TCS/TPS CPU and PWR cabinet | J118: Eletric room | K118: =Query!K115 -> B1-CP-13501+ER-U100 | L118: =Query!L115 -> BOX OF GEN.EXCITATION | M118: Eletric room | O118: =Query!O115 -> DSPW/SUPP.FI
A119: =Query!A116 -> 20113 | B119: =MID(Query!B116,1,2) -> B1 | C119: =MID(Query!B116,4,50) -> TCS-1301A-E8003 | D119: Ethernet | E119: CAT6 | F119: 4-20mA | G119: =Query!E116 -> 30 | H119: =Query!F116 -> B1-TCS-1301A-A21 | I119: =Query!G116 -> TCS/TPS CPU and PWR cabinet | J119: Eletric room | K119: =Query!K116 -> B1-CP-13501+ER-U100 | L119: =Query!L116 -> BOX OF GEN.EXCITATION | M119: Eletric room | O119: =Query!O116 -> DSPW/SUPP.FI
A120: =Query!A117 -> 20114 | B120: =MID(Query!B117,1,2) -> B1 | C120: =MID(Query!B117,4,50) -> TCS-1301A-E8004 | D120: Ethernet | E120: CAT6 | F120: 4-20mA | G120: =Query!E117 -> 30 | H120: =Query!F117 -> B1-TCS-1301A-A21 | I120: =Query!G117 -> TCS/TPS CPU and PWR cabinet | J120: Eletric room | K120: =Query!K117 -> B1XXX-XXX | L120: =Query!L117 -> Generator monitoring | M120: Eletric room | O120: =Query!O117 -> DSPW/SUPP.FI
A121: =Query!A118 -> 20115 | B121: =MID(Query!B118,1,2) -> B1 | C121: =MID(Query!B118,4,50) -> TCS-1301A-E8005 | D121: Ethernet | E121: CAT6 | F121: 4-20mA | G121: =Query!E118 -> 30 | H121: B1-TCS-1320-A20 | I121: TCS SERVER CABINET | J121: Eletric room | K121: =Query!K118 -> B1-TCS-1320-A20 | L121: =Query!L118 -> TCS SERVER CABINET | M121: Eletric room | O121: =Query!O118 -> DSPW/SUPP.FI
A122: =Query!A119 -> 20116 | B122: =MID(Query!B119,1,2) -> B1 | C122: =MID(Query!B119,4,50) -> TCS-1301A-E8006 | D122: Ethernet | E122: CAT6 | F122: 4-20mA | G122: =Query!E119 -> 30 | H122: =Query!F119 -> B1-TCS-1320-A20 | I122: =Query!G119 -> TCS SERVER CABINET | J122: Eletric room | M122: Eletric room | O122: =Query!O119 -> DSPW/SUPP.FI
A123: =Query!A120 -> 20117 | B123: =MID(Query!B120,1,2) -> B1 | C123: =MID(Query!B120,4,50) -> TCS-1301A-E8007 | D123: Ethernet | E123: CAT6 | F123: 4-20mA | G123: =Query!E120 -> 30 | H123: =Query!F120 -> B1-TCS-1320-A21 | I123: =Query!G120 -> TCS SERVER CABINET | J123: Eletric room | M123: Eletric room | O123: =Query!O120 -> DSPW/SUPP.FI
A124: =Query!A121 -> 20118 | B124: =MID(Query!B121,1,2) -> B1 | C124: =MID(Query!B121,4,50) -> TCS-1301A-E8008 | D124: Ethernet | E124: CAT6 | F124: 4-20mA | G124: =Query!E121 -> 30 | H124: =Query!F121 -> B1-TCS-1320-A21 | I124: =Query!G121 -> TCS SERVER CABINET | J124: Eletric room | M124: Eletric room | O124: =Query!O121 -> DSPW/SUPP.FI
A125: =Query!A122 -> 20119 | B125: =MID(Query!B122,1,2) -> B1 | C125: =MID(Query!B122,4,50) -> TCS-1301A-E8009 | D125: Ethernet | E125: CAT6 | F125: 4-20mA | G125: =Query!E122 -> 30 | H125: B1-TCS-1320-A20 | I125: TCS SERVER CABINET | J125: Eletric room | K125: =Query!K122 -> B1-TCS-1301A-A21 | L125: =Query!L122 -> TCS/TPS CPU and PWR cabinet | M125: Eletric room | O125: =Query!O122 -> DSPW/SUPP.FI
A126: =Query!A123 -> 20120 | B126: =MID(Query!B123,1,2) -> B1 | C126: =MID(Query!B123,4,50) -> TCS-1301A-E8010 | D126: Ethernet | E126: CAT6 | F126: 4-20mA | G126: =Query!E123 -> 30 | H126: B1-TCS-1320-A20 | I126: TCS SERVER CABINET | J126: Eletric room | K126: =Query!K123 -> B1-TCS-1320-A20 | L126: =Query!L123 -> TCS SERVER CABINET | M126: Eletric room | O126: =Query!O123 -> DSPW/SUPP.FI
A127: =Query!A124 -> 20121 | B127: =MID(Query!B124,1,2) -> B1 | C127: =MID(Query!B124,4,50) -> TCS-1301A-E8011 | D127: Ethernet | E127: CAT6 | F127: 4-20mA | G127: =Query!E124 -> 30 | H127: =Query!F124 -> B1-TCS-1320-A30 | I127: =Query!G124 -> TCS SERVER CABINET | J127: Eletric room | M127: Eletric room | O127: =Query!O124 -> DSPW/SUPP.FI
A128: =Query!A125 -> 20122 | B128: =MID(Query!B125,1,2) -> B1 | C128: =MID(Query!B125,4,50) -> TCS-1301A-E8012 | D128: Ethernet | E128: CAT6 | F128: 4-20mA | G128: =Query!E125 -> 30 | H128: B1-TCS-1320-A21 | I128: TCS SERVER CABINET | J128: Eletric room | M128: Eletric room | O128: =Query!O125 -> DSPW/SUPP.FI
A129: =Query!A126 -> 20123 | B129: =MID(Query!B126,1,2) -> B1 | C129: =MID(Query!B126,4,50) -> TCS-1301A-E8013 | D129: Ethernet | E129: CAT6 | F129: 4-20mA | G129: =Query!E126 -> 30 | H129: B1-TCS-1320-A21 | I129: TCS SERVER CABINET | J129: Eletric room | M129: Eletric room | O129: =Query!O126 -> DSPW/SUPP.FI
A130: =Query!A131 -> 20128 | B130: =MID(Query!B131,1,2) -> B1 | C130: =MID(Query!B131,4,50) -> TCS-1301B-C4001 | D130: =Query!C131 -> 1- C5XFE-R /ST/ | E130: =Query!D131 -> 10 x 2 x 1.0 mm² | F130: 24V DC | G130: =Query!E131 -> 100 | H130: =Query!F131 -> B1-TCS-1301B-XD31 | I130: =Query!G131 -> TCS I/O and marshaling cabinet | J130: Eletric room | K130: =Query!K131 -> B1-LCV-13501-M01 | L130: =Query!L131 -> EDCV COND.MINIMAL FROM FLT TO COND. | M130: Machine hall | O130: =Query!O131 -> DSPW/SUPP.FI
A131: =Query!A132 -> 20129 | B131: =MID(Query!B132,1,2) -> B1 | C131: =MID(Query!B132,4,50) -> TCS-1301B-C4002 | D131: =Query!C132 -> 1- C5XFE-R /ST/ | E131: =Query!D132 -> 10 x 2 x 1.0 mm² | F131: 24V DC | G131: =Query!E132 -> 100 | H131: =Query!F132 -> B1-TCS-1301B-XD31 | I131: =Query!G132 -> TCS I/O and marshaling cabinet | J131: Eletric room | K131: =Query!K132 -> B1-MOV-13772-M01 | L131: =Query!L132 -> EDSV SPRAY.1 STG OUTLET | M131: Machine hall | O131: =Query!O132 -> DSPW/SUPP.FI
A132: =Query!A133 -> 20130 | B132: =MID(Query!B133,1,2) -> B1 | C132: =MID(Query!B133,4,50) -> TCS-1301B-C4003 | D132: =Query!C133 -> 1- C5XFE-R /ST/ | E132: =Query!D133 -> 10 x 2 x 1.0 mm² | F132: 24V DC | G132: =Query!E133 -> 100 | H132: =Query!F133 -> B1-TCS-1301B-XD31 | I132: =Query!G133 -> TCS I/O and marshaling cabinet | J132: Eletric room | K132: =Query!K133 -> B1-MOV-13777-M01 | L132: =Query!L133 -> EDSV SPRAY.2 STG OUTLET | M132: Machine hall | O132: =Query!O133 -> DSPW/SUPP.FI
A133: =Query!A134 -> 20131 | B133: =MID(Query!B134,1,2) -> B1 | C133: =MID(Query!B134,4,50) -> TCS-1301B-C4004 | D133: =Query!C134 -> 1- C5XFE-R /ST/ | E133: =Query!D134 -> 10 x 2 x 1.0 mm² | F133: 24V DC | G133: =Query!E134 -> 100 | H133: =Query!F134 -> B1-TCS-1301B-XD31 | I133: =Query!G134 -> TCS I/O and marshaling cabinet | J133: Eletric room | K133: =Query!K134 -> B1-PCV-13531-M01 | L133: =Query!L134 -> EDCV SPRAY.FLT | M133: Machine hall | O133: =Query!O134 -> DSPW/SUPP.FI
A134: =Query!A135 -> 20132 | B134: =MID(Query!B135,1,2) -> B1 | C134: =MID(Query!B135,4,50) -> TCS-1301B-C4005 | D134: =Query!C135 -> 1- C5XFE-R /ST/ | E134: =Query!D135 -> 10 x 2 x 1.0 mm² | F134: 24V DC | G134: =Query!E135 -> 100 | H134: =Query!F135 -> B1-TCS-1301B-XD31 | I134: =Query!G135 -> TCS I/O and marshaling cabinet | J134: Eletric room | K134: =Query!K135 -> B1-PCV-13601-M01 | L134: =Query!L135 -> EDCV INNER GLD.STEAM | M134: Machine hall | O134: =Query!O135 -> DSPW/SUPP.FI
A135: =Query!A136 -> 20133 | B135: =MID(Query!B136,1,2) -> B1 | C135: =MID(Query!B136,4,50) -> TCS-1301B-C4006 | D135: =Query!C136 -> 1- C5XFE-R /ST/ | E135: =Query!D136 -> 10 x 2 x 1.0 mm² | F135: 24V DC | G135: =Query!E136 -> 100 | H135: =Query!F136 -> B1-TCS-1301B-XD31 | I135: =Query!G136 -> TCS I/O and marshaling cabinet | J135: Eletric room | K135: =Query!K136 -> B1-PCV-13651-M01 | L135: =Query!L136 -> EDCV REAR GLAND TO FLT | M135: Machine hall | O135: =Query!O136 -> DSPW/SUPP.FI
A136: =Query!A137 -> 20134 | B136: =MID(Query!B137,1,2) -> B1 | C136: =MID(Query!B137,4,50) -> TCS-1301B-C4007 | D136: =Query!C137 -> 1- C5XFE-R /ST/ | E136: =Query!D137 -> 10 x 2 x 1.0 mm² | F136: 24V DC | G136: =Query!E137 -> 100 | H136: =Query!F137 -> B1-TCS-1301B-XD31 | I136: =Query!G137 -> TCS I/O and marshaling cabinet | J136: Eletric room | K136: =Query!K137 -> B1-PCV-13659-M01 | L136: =Query!L137 -> EDCV SEALING GLAND | M136: Machine hall | O136: =Query!O137 -> DSPW/SUPP.FI
A137: =Query!A138 -> 20135 | B137: =MID(Query!B138,1,2) -> B1 | C137: =MID(Query!B138,4,50) -> TCS-1301B-C4008 | D137: =Query!C138 -> 1- C5XFE-R /ST/ | E137: =Query!D138 -> 10 x 2 x 1.0 mm² | F137: 24V DC | G137: =Query!E138 -> 200 | H137: =Query!F138 -> B1-TCS-1301B-XD71 | I137: =Query!G138 -> TCS I/O and marshaling cabinet | J137: Eletric room | K137: =Query!K138 -> B1JBAY-1301-X03 | L137: =Query!L138 -> Junction box FI | M137: Machine hall | O137: =Query!O138 -> DSPW/SUPP.FI
A138: =Query!A139 -> 20136 | B138: =MID(Query!B139,1,2) -> B1 | C138: =MID(Query!B139,4,50) -> TCS-1301B-C4009 | D138: =Query!C139 -> 1- C5XFE-R /ST/ | E138: =Query!D139 -> 10 x 2 x 1.0 mm² | F138: 24V DC | G138: =Query!E139 -> 200 | H138: =Query!F139 -> B1-TCS-1301B-XD71 | I138: =Query!G139 -> TCS I/O and marshaling cabinet | J138: Eletric room | K138: =Query!K139 -> B1JBAY-1301-X03 | L138: =Query!L139 -> Junction box FI | M138: Machine hall | O138: =Query!O139 -> DSPW/SUPP.FI
A139: =Query!A140 -> 20137 | B139: =MID(Query!B140,1,2) -> B1 | C139: =MID(Query!B140,4,50) -> TCS-1301B-C4010 | D139: =Query!C140 -> 1- C5XFE-R /ST/ | E139: =Query!D140 -> 2 x 2 x 1.0 mm² | F139: 24V DC | G139: =Query!E140 -> 100 | H139: =Query!F140 -> B1-TCS-1301B-XA65 | I139: =Query!G140 -> TCS I/O and marshaling cabinet | J139: Eletric room | K139: =Query!K140 -> B1-ZT-13131A HAN 10A | L139: =Query!L140 -> POSITION 1 HP CONTROL VALVE 1 | M139: Machine hall | O139: =Query!O140 -> DSPW/SUPP.FI
A140: =Query!A141 -> 20138 | B140: =MID(Query!B141,1,2) -> B1 | C140: =MID(Query!B141,4,50) -> TCS-1301B-C4011 | D140: =Query!C141 -> 1- C5XFE-R /ST/ | E140: =Query!D141 -> 2 x 2 x 1.0 mm² | F140: 24V DC | G140: =Query!E141 -> 100 | H140: =Query!F141 -> B1-TCS-1301B-XA65 | I140: =Query!G141 -> TCS I/O and marshaling cabinet | J140: Eletric room | K140: =Query!K141 -> B1-ZT-13151A HAN 10A | L140: =Query!L141 -> POSITION 1 HP CONTROL VALVE 2 | M140: Machine hall | O140: =Query!O141 -> DSPW/SUPP.FI
A141: =Query!A142 -> 20139 | B141: =MID(Query!B142,1,2) -> B1 | C141: =MID(Query!B142,4,50) -> TCS-1301B-C4012 | D141: =Query!C142 -> 1- C5XFE-R /ST/ | E141: =Query!D142 -> 2 x 2 x 1.0 mm² | F141: 24V DC | G141: =Query!E142 -> 100 | H141: =Query!F142 -> B1-TCS-1301B-XA65 | I141: =Query!G142 -> TCS I/O and marshaling cabinet | J141: Eletric room | K141: =Query!K142 -> B1-ZT-13171A HAN 10A | L141: =Query!L142 -> POSITION 1 LP CONTROL FLAP | M141: Machine hall | O141: =Query!O142 -> DSPW/SUPP.FI
... A149: =Query!A150 -> 20147 | B149: =MID(Query!B150,1,2) -> B1 | C149: =MID(Query!B150,4,50) -> TCS-1301B-C4020 | D149: =Query!C150 -> 1- C5XFE-R /ST/ | E149: =Query!D150 -> 2 x 2 x 1.0 mm² | F149: 24V DC | G149: =Query!E150 -> 30 | H149: =Query!F150 -> B1-TCS-1301B-XD41 | I149: =Query!G150 -> TCS I/O and marshaling cabinet | J149: Eletric room | K149: =Query!K150 -> B1-TCS-1321-X93 | L149: =Query!L150 -> BOX OF VMS | M149: Eletric room | O149: =Query!O150 -> DSPW/SUPP.FI
A150: =Query!A151 -> 20148 | B150: =MID(Query!B151,1,2) -> B1 | C150: =MID(Query!B151,4,50) -> TCS-1301B-C4021 | D150: =Query!C151 -> 1- C5XFE-R /ST/ | E150: =Query!D151 -> 10 x 2 x 1.0 mm² | F150: 24V DC | G150: =Query!E151 -> 30 | H150: =Query!F151 -> B1-TCS-1301B-XD21 | I150: =Query!G151 -> TCS I/O and marshaling cabinet | J150: Eletric room | K150: DCS | L150: DCS | M150: Eletric room | O150: =Query!O151 -> DSPW/SUPP.FI
A151: =Query!A152 -> 20149 | B151: =MID(Query!B152,1,2) -> B1 | C151: =MID(Query!B152,4,50) -> TCS-1301B-C4022 | D151: =Query!C152 -> 1- C5XFE-R /ST/ | E151: =Query!D152 -> 10 x 2 x 1.0 mm² | F151: 24V DC | G151: =Query!E152 -> 30 | H151: =Query!F152 -> B1-TCS-1301B-XD21 | I151: =Query!G152 -> TCS I/O and marshaling cabinet | J151: Eletric room | K151: DCS | L151: DCS | M151: Eletric room | O151: =Query!O152 -> DSPW/SUPP.FI
A152: =Query!A153 -> 20150 | B152: =MID(Query!B153,1,2) -> B1 | C152: =MID(Query!B153,4,50) -> TCS-1301B-C4023 | D152: =Query!C153 -> 1- C5XFE-R /ST/ | E152: =Query!D153 -> 10 x 2 x 1.0 mm² | F152: 24V DC | G152: =Query!E153 -> 30 | H152: =Query!F153 -> B1-TCS-1301B-XD22 | I152: =Query!G153 -> TCS I/O and marshaling cabinet | J152: Eletric room | K152: DCS | L152: DCS | M152: Eletric room | O152: =Query!O153 -> DSPW/SUPP.FI
A153: =Query!A154 -> 20151 | B153: =MID(Query!B154,1,2) -> B1 | C153: =MID(Query!B154,4,50) -> TCS-1301B-C4024 | D153: =Query!C154 -> 1- C5XFE-R /ST/ | E153: =Query!D154 -> 10 x 2 x 1.0 mm² | F153: 24V DC | G153: =Query!E154 -> 30 | H153: =Query!F154 -> B1-TCS-1301B-XD22 | I153: =Query!G154 -> TCS I/O and marshaling cabinet | J153: Eletric room | K153: DCS | L153: DCS | M153: Eletric room | O153: =Query!O154 -> DSPW/SUPP.FI
A154: =Query!A155 -> 20152 | B154: =MID(Query!B155,1,2) -> B1 | C154: =MID(Query!B155,4,50) -> TCS-1301B-C4040 | D154: =Query!C155 -> Cu | E154: =Query!D155 -> 2 x 2.5 mm² | F154: 24V DC | G154: =Query!E155 -> 100 | H154: =Query!F155 -> B1-TCS-1301B-XD34 | I154: =Query!G155 -> TCS I/O and marshaling cabinet | J154: Eletric room | K154: =Query!K155 -> B1-XV-13604 X42 | L154: =Query!L155 -> EADSF GLAND TO TG | M154: Machine hall | O154: =Query!O155 -> DSPW/SUPP.FI
A155: =Query!A156 -> 20153 | B155: =MID(Query!B156,1,2) -> B1 | C155: =MID(Query!B156,4,50) -> TCS-1301B-C4041 | D155: =Query!C156 -> Cu | E155: =Query!D156 -> 2 x 2.5 mm² | F155: 24V DC | G155: =Query!E156 -> 100 | H155: =Query!F156 -> B1-TCS-1301B-XD34 | I155: =Query!G156 -> TCS I/O and marshaling cabinet | J155: Eletric room | K155: =Query!K156 -> B1-XV-13609 X42 | L155: =Query!L156 -> EADSF GLAND TO FLT | M155: Machine hall | O155: =Query!O156 -> DSPW/SUPP.FI
A156: =Query!A157 -> 20154 | B156: =MID(Query!B157,1,2) -> B1 | C156: =MID(Query!B157,4,50) -> TCS-1301B-C4042 | D156: =Query!C157 -> Cu | E156: =Query!D157 -> 2 x 2.5 mm² | F156: 24V DC | G156: =Query!E157 -> 100 | H156: =Query!F157 -> B1-TCS-1301B-XD34 | I156: =Query!G157 -> TCS I/O and marshaling cabinet | J156: Eletric room | K156: =Query!K157 -> B1-XV-13784 X42 | L156: =Query!L157 -> EADSV SPRAY FLT. | M156: Machine hall | O156: =Query!O157 -> DSPW/SUPP.FI
A157: =Query!A158 -> 20155 | B157: =MID(Query!B158,1,2) -> B1 | C157: =MID(Query!B158,4,50) -> TCS-1301B-C4043 | D157: =Query!C158 -> Cu | E157: =Query!D158 -> 2 x 2.5 mm² | F157: 24V DC | G157: =Query!E158 -> 100 | H157: =Query!F158 -> B1-TCS-1301B-XD34 | I157: =Query!G158 -> TCS I/O and marshaling cabinet | J157: Eletric room | K157: =Query!K158 -> B1-XV-13794 X42 | L157: =Query!L158 -> EADSV SPRAY FLT. | M157: Machine hall | O157: =Query!O158 -> DSPW/SUPP.FI
A158: =Query!A159 -> 20156 | B158: =MID(Query!B159,1,2) -> B1 | C158: =MID(Query!B159,4,50) -> TCS-1301B-C4060 | D158: =Query!C159 -> FR-CVV-AMS-I/C | E158: =Query!D159 -> 8 x 2 x 1 mm² | F158: 24V DC | G158: =Query!E159 -> 100 | H158: =Query!F159 -> B1-TCS-1301B-XD32 | I158: =Query!G159 -> TCS I/O and marshaling cabinet | J158: Eletric room | K158: =Query!K159 -> B1-P-13502A-MCC | L158: =Query!L159 -> MOTOR FLASH TANK PUMP 1 | M158: Eletric room | O158: =Query!O159 -> CLIENT
A159: =Query!A160 -> 20157 | B159: =MID(Query!B160,1,2) -> B1 | C159: =MID(Query!B160,4,50) -> TCS-1301B-C4061 | D159: =Query!C160 -> FR-CVV-AMS-I/C | E159: =Query!D160 -> 8 x 2 x 1 mm² | F159: 24V DC | G159: =Query!E160 -> 100 | H159: =Query!F160 -> B1-TCS-1301B-XD32 | I159: =Query!G160 -> TCS I/O and marshaling cabinet | J159: Eletric room | K159: =Query!K160 -> B1-P-13502B-MCC | L159: =Query!L160 -> MOTOR FLASH TANK PUMP 2 | M159: Eletric room | O159: =Query!O160 -> CLIENT
A160: =Query!A161 -> 20158 | B160: =MID(Query!B161,1,2) -> B1 | C160: =MID(Query!B161,4,50) -> TCS-1301B-C4062 | D160: =Query!C161 -> 1- C5XFE-R /ST/ | E160: =Query!D161 -> 2 x 2 x 1.0 mm² | F160: 24V DC | G160: =Query!E161 -> 100 | H160: =Query!F161 -> B1-TCS-1301B-XD32 | I160: =Query!G161 -> TCS I/O and marshaling cabinet | J160: Eletric room | K160: =Query!K161 -> B1-LCV-13501-MCC | L160: =Query!L161 -> EDCV COND.MINIMAL FROM FLT TO COND. | M160: Eletric room | O160: =Query!O161 -> CLIENT
A161: =Query!A162 -> 20159 | B161: =MID(Query!B162,1,2) -> B1 | C161: =MID(Query!B162,4,50) -> TCS-1301B-C4063 | D161: =Query!C162 -> 1- C5XFE-R /ST/ | E161: =Query!D162 -> 2 x 2 x 1.0 mm² | F161: 24V DC | G161: =Query!E162 -> 100 | H161: =Query!F162 -> B1-TCS-1301B-XD32 | I161: =Query!G162 -> TCS I/O and marshaling cabinet | J161: Eletric room | K161: =Query!K162 -> B1-MOV-13772-MCC | L161: =Query!L162 -> EDSV SPRAY.1 STG OUTLET | M161: Eletric room | O161: =Query!O162 -> CLIENT
A162: =Query!A163 -> 20160 | B162: =MID(Query!B163,1,2) -> B1 | C162: =MID(Query!B163,4,50) -> TCS-1301B-C4064 | D162: =Query!C163 -> 1- C5XFE-R /ST/ | E162: =Query!D163 -> 2 x 2 x 1.0 mm² | F162: 24V DC | G162: =Query!E163 -> 100 | H162: =Query!F163 -> B1-TCS-1301B-XD32 | I162: =Query!G163 -> TCS I/O and marshaling cabinet | J162: Eletric room | K162: =Query!K163 -> B1-MOV-13777-MCC | L162: =Query!L163 -> EDSV SPRAY.2 STG OUTLET | M162: Eletric room | O162: =Query!O163 -> CLIENT
A163: =Query!A164 -> 20161 | B163: =MID(Query!B164,1,2) -> B1 | C163: =MID(Query!B164,4,50) -> TCS-1301B-C4065 | D163: =Query!C164 -> 1- C5XFE-R /ST/ | E163: =Query!D164 -> 2 x 2 x 1.0 mm² | F163: 24V DC | G163: =Query!E164 -> 100 | H163: =Query!F164 -> B1-TCS-1301B-XD32 | I163: =Query!G164 -> TCS I/O and marshaling cabinet | J163: Eletric room | K163: =Query!K164 -> B1-PCV-13531-MCC | L163: =Query!L164 -> EDCV SPRAY.FLT | M163: Eletric room | O163: =Query!O164 -> CLIENT
A164: =Query!A165 -> 20162 | B164: =MID(Query!B165,1,2) -> B1 | C164: =MID(Query!B165,4,50) -> TCS-1301B-C4066 | D164: =Query!C165 -> 1- C5XFE-R /ST/ | E164: =Query!D165 -> 2 x 2 x 1.0 mm² | F164: 24V DC | G164: =Query!E165 -> 100 | H164: =Query!F165 -> B1-TCS-1301B-XD32 | I164: =Query!G165 -> TCS I/O and marshaling cabinet | J164: Eletric room | K164: =Query!K165 -> B1-PCV-13601-MCC | L164: =Query!L165 -> EDCV INNER GLD.STEAM | M164: Eletric room | O164: =Query!O165 -> CLIENT
A165: =Query!A166 -> 20163 | B165: =MID(Query!B166,1,2) -> B1 | C165: =MID(Query!B166,4,50) -> TCS-1301B-C4067 | D165: =Query!C166 -> 1- C5XFE-R /ST/ | E165: =Query!D166 -> 2 x 2 x 1.0 mm² | F165: 24V DC | G165: =Query!E166 -> 100 | H165: =Query!F166 -> B1-TCS-1301B-XD32 | I165: =Query!G166 -> TCS I/O and marshaling cabinet | J165: Eletric room | K165: =Query!K166 -> B1-PCV-13651-MCC | L165: =Query!L166 -> EDCV REAR GLAND TO FLT | M165: Eletric room | O165: =Query!O166 -> CLIENT
... A176: =Query!A177 -> 20174 | B176: =MID(Query!B177,1,2) -> B1 | C176: =MID(Query!B177,4,50) -> TCS-1301B-I6010 | D176: =Query!C177 -> 1- C5XFE-R /ST/ | E176: =Query!D177 -> 5 x 2 x 1.0 mm² | F176: 4-20mA | G176: =Query!E177 -> 30 | H176: =Query!F177 -> B1-TCS-1301B-XA10 | I176: =Query!G177 -> TCS I/O and marshaling cabinet | J176: Eletric room | K176: =Query!K177 -> B1-TCS-1321-X34 | L176: =Query!L177 -> BOX OF VMS | M176: Eletric room | O176: =Query!O177 -> DSPW/SUPP.FI
A177: =Query!A178 -> 20175 | B177: =MID(Query!B178,1,2) -> B1 | C177: =MID(Query!B178,4,50) -> TCS-1301B-I6011 | D177: =Query!C178 -> 1- C5XFE-R /ST/ | E177: =Query!D178 -> 10 x 2 x 1.0 mm² | F177: 4-20mA | G177: =Query!E178 -> 30 | H177: =Query!F178 -> B1-TCS-1301B-XA20 | I177: =Query!G178 -> TCS I/O and marshaling cabinet | J177: Eletric room | K177: DCS | L177: DCS | M177: Eletric room | O177: =Query!O178 -> DSPW/SUPP.FI
A178: =Query!A179 -> 20176 | B178: =MID(Query!B179,1,2) -> B1 | C178: =MID(Query!B179,4,50) -> TCS-1301B-I6012 | D178: =Query!C179 -> 1- C5XFE-R /ST/ | E178: =Query!D179 -> 10 x 2 x 1.0 mm² | F178: 4-20mA | G178: =Query!E179 -> 30 | H178: =Query!F179 -> B1-TCS-1301B-XA20 | I178: =Query!G179 -> TCS I/O and marshaling cabinet | J178: Eletric room | K178: DCS | L178: DCS | M178: Eletric room | O178: =Query!O179 -> DSPW/SUPP.FI
A179: =Query!A180 -> 20177 | B179: =MID(Query!B180,1,2) -> B1 | C179: =MID(Query!B180,4,50) -> TCS-1301B-I6013 | D179: =Query!C180 -> 1- C5XFE-R /ST/ | E179: =Query!D180 -> 2 x 2 x 1.0 mm² | F179: 4-20mA | G179: =Query!E180 -> 100 | H179: =Query!F180 -> B1-TCS-1301B-XD81 | I179: =Query!G180 -> TCS I/O and marshaling cabinet | J179: Eletric room | K179: =Query!K180 -> B1-SE-13301A HAN 6B | L179: =Query!L180 -> SPEED 1 HP TURBINE - TCS/TPS | M179: Machine hall | O179: =Query!O180 -> DSPW/SUPP.FI
A180: =Query!A181 -> 20178 | B180: =MID(Query!B181,1,2) -> B1 | C180: =MID(Query!B181,4,50) -> TCS-1301B-I6014 | D180: =Query!C181 -> 1- C5XFE-R /ST/ | E180: =Query!D181 -> 2 x 2 x 1.0 mm² | F180: 4-20mA | G180: =Query!E181 -> 100 | H180: =Query!F181 -> B1-TCS-1301B-XD81 | I180: =Query!G181 -> TCS I/O and marshaling cabinet | J180: Eletric room | K180: =Query!K181 -> B1-SE-13301B HAN 6B | L180: =Query!L181 -> SPEED 2 HP TURBINE - TCS/TPS | M180: Machine hall | O180: =Query!O181 -> DSPW/SUPP.FI
A181: =Query!A182 -> 20179 | B181: =MID(Query!B182,1,2) -> B1 | C181: =MID(Query!B182,4,50) -> TCS-1301B-I6015 | D181: =Query!C182 -> 1- C5XFE-R /ST/ | E181: =Query!D182 -> 2 x 2 x 1.0 mm² | F181: 4-20mA | G181: =Query!E182 -> 100 | H181: =Query!F182 -> B1-TCS-1301B-XD81 | I181: =Query!G182 -> TCS I/O and marshaling cabinet | J181: Eletric room | K181: =Query!K182 -> B1-SE-13301C HAN 6B | L181: =Query!L182 -> SPEED 3 HP TURBINE - TCS/TPS | M181: Machine hall | O181: =Query!O182 -> DSPW/SUPP.FI
A182: =Query!A183 -> 20180 | B182: =MID(Query!B183,1,2) -> B1 | C182: =MID(Query!B183,4,50) -> TCS-1301C-C4001 | D182: =Query!C183 -> 1- C5XFE-R /ST/ | E182: =Query!D183 -> 10 x 2 x 1.0 mm² | F182: 24V DC | G182: =Query!E183 -> 100 | H182: =Query!F183 -> B1-TCS-1301C-XD31 | I182: =Query!G183 -> TPS I/O and marshaling cabinet | J182: Eletric room | K182: =Query!K183 -> B1-MOV-13405-M01 | L182: =Query!L183 -> EDSV DRAIN L1 | M182: Machine hall | O182: =Query!O183 -> DSPW/SUPP.FI
A183: =Query!A184 -> 20181 | B183: =MID(Query!B184,1,2) -> B1 | C183: =MID(Query!B184,4,50) -> TCS-1301C-C4002 | D183: =Query!C184 -> 1- C5XFE-R /ST/ | E183: =Query!D184 -> 10 x 2 x 1.0 mm² | F183: 24V DC | G183: =Query!E184 -> 100 | H183: =Query!F184 -> B1-TCS-1301C-XD31 | I183: =Query!G184 -> TPS I/O and marshaling cabinet | J183: Eletric room | K183: =Query!K184 -> B1-MOV-13409-M01 | L183: =Query!L184 -> EDSV DRAIN L2 | M183: Machine hall | O183: =Query!O184 -> DSPW/SUPP.FI
A184: =Query!A185 -> 20182 | B184: =MID(Query!B185,1,2) -> B1 | C184: =MID(Query!B185,4,50) -> TCS-1301C-C4003 | D184: =Query!C185 -> 1- C5XFE-R /ST/ | E184: =Query!D185 -> 10 x 2 x 1.0 mm² | F184: 24V DC | G184: =Query!E185 -> 100 | H184: =Query!F185 -> B1-TCS-1301C-XD31 | I184: =Query!G185 -> TPS I/O and marshaling cabinet | J184: Eletric room | K184: =Query!K185 -> B1-MOV-13561-M01 | L184: =Query!L185 -> EDSV DRAIN T2 | M184: Machine hall | O184: =Query!O185 -> DSPW/SUPP.FI
A185: =Query!A186 -> 20183 | B185: =MID(Query!B186,1,2) -> B1 | C185: =MID(Query!B186,4,50) -> TCS-1301C-C4004 | D185: =Query!C186 -> 1- C5XFE-R /ST/ | E185: =Query!D186 -> 10 x 2 x 1.0 mm² | F185: 24V DC | G185: =Query!E186 -> 100 | H185: =Query!F186 -> B1-TCS-1301C-XD31 | I185: =Query!G186 -> TPS I/O and marshaling cabinet | J185: Eletric room | K185: =Query!K186 -> B1-MOV-13564-M01 | L185: =Query!L186 -> EDSV DRAIN T3 | M185: Machine hall | O185: =Query!O186 -> DSPW/SUPP.FI
A186: =Query!A187 -> 20184 | B186: =MID(Query!B187,1,2) -> B1 | C186: =MID(Query!B187,4,50) -> TCS-1301C-C4005 | D186: =Query!C187 -> 1- C5XFE-R /ST/ | E186: =Query!D187 -> 10 x 2 x 1.0 mm² | F186: 24V DC | G186: =Query!E187 -> 100 | H186: =Query!F187 -> B1-TCS-1301C-XD31 | I186: =Query!G187 -> TPS I/O and marshaling cabinet | J186: Eletric room | K186: =Query!K187 -> B1-MOV-13565-M01 | L186: =Query!L187 -> EDSV DRAIN T5 | M186: Machine hall | O186: =Query!O187 -> DSPW/SUPP.FI
A187: =Query!A188 -> 20185 | B187: =MID(Query!B188,1,2) -> B1 | C187: =MID(Query!B188,4,50) -> TCS-1301C-C4006 | D187: =Query!C188 -> 1- C5XFE-R /ST/ | E187: =Query!D188 -> 10 x 2 x 1.0 mm² | F187: 24V DC | G187: =Query!E188 -> 100 | H187: =Query!F188 -> B1-TCS-1301C-XD31 | I187: =Query!G188 -> TPS I/O and marshaling cabinet | J187: Eletric room | K187: =Query!K188 -> B1-MOV-13566-M01 | L187: =Query!L188 -> EDSV DRAIN T1 | M187: Machine hall | O187: =Query!O188 -> DSPW/SUPP.FI
A188: =Query!A189 -> 20186 | B188: =MID(Query!B189,1,2) -> B1 | C188: =MID(Query!B189,4,50) -> TCS-1301C-C4007 | D188: =Query!C189 -> 1- C5XFE-R /ST/ | E188: =Query!D189 -> 10 x 2 x 1.0 mm² | F188: 24V DC | G188: =Query!E189 -> 100 | H188: =Query!F189 -> B1-TCS-1301C-XD31 | I188: =Query!G189 -> TPS I/O and marshaling cabinet | J188: Eletric room | K188: =Query!K189 -> B1-MOV-13607-M01 | L188: =Query!L189 -> EDSV DRAIN G1 | M188: Machine hall | O188: =Query!O189 -> DSPW/SUPP.FI
A189: =Query!A190 -> 20187 | B189: =MID(Query!B190,1,2) -> B1 | C189: =MID(Query!B190,4,50) -> TCS-1301C-C4008 | D189: =Query!C190 -> 1- C5XFE-R /ST/ | E189: =Query!D190 -> 10 x 2 x 1.0 mm² | F189: 24V DC | G189: =Query!E190 -> 200 | H189: =Query!F190 -> B1-TCS-1301C-XD31 | I189: =Query!G190 -> TPS I/O and marshaling cabinet | J189: Eletric room | K189: =Query!K190 -> B1JBA-1309-TB3 | L189: =Query!L190 -> Junction box IOS | M189: Machine hall | O189: =Query!O190 -> DSPW/SUPP.FI
A190: =Query!A191 -> 20188 | B190: =MID(Query!B191,1,2) -> B1 | C190: =MID(Query!B191,4,50) -> TCS-1301C-C4009 | D190: =Query!C191 -> 1- C5XFE-R /ST/ | E190: =Query!D191 -> 10 x 2 x 1.0 mm² | F190: 24V DC | G190: =Query!E191 -> 200 | H190: =Query!F191 -> B1-TCS-1301C-XD31 | I190: =Query!G191 -> TPS I/O and marshaling cabinet | J190: Eletric room | K190: =Query!K191 -> B1JBA-1309-TB3 | L190: =Query!L191 -> Junction box IOS | M190: Machine hall | O190: =Query!O191 -> DSPW/SUPP.FI
... A208: =Query!A209 -> 20206 | B208: =MID(Query!B209,1,2) -> B1 | C208: =MID(Query!B209,4,50) -> TCS-1301C-C4027 | D208: =Query!C209 -> 1- C5XFE-R /ST/ | E208: =Query!D209 -> 2 x 2 x 1.0 mm² | F208: 24V DC | G208: =Query!E209 -> 30 | H208: =Query!F209 -> B1-TCS-1301C-XD42 | I208: =Query!G209 -> TPS I/O and marshaling cabinet | J208: Eletric room | K208: =Query!K209 -> B1-TCS-1311-X16 | L208: =Query!L209 -> BOX TPC/OPS | M208: Eletric room | O208: =Query!O209 -> DSPW/SUPP.FI
A209: =Query!A210 -> 20207 | B209: =MID(Query!B210,1,2) -> B1 | C209: =MID(Query!B210,4,50) -> TCS-1301C-C4028 | D209: =Query!C210 -> 1- C5XFE-R /ST/ | E209: =Query!D210 -> 10 x 2 x 1.0 mm² | F209: 24V DC | G209: =Query!E210 -> 30 | H209: =Query!F210 -> B1-TCS-1301C-XD42 | I209: =Query!G210 -> TPS I/O and marshaling cabinet | J209: Eletric room | K209: DCS | L209: DCS | M209: Eletric room | O209: =Query!O210 -> DSPW/SUPP.FI
A210: =Query!A211 -> 20208 | B210: =MID(Query!B211,1,2) -> B1 | C210: =MID(Query!B211,4,50) -> TCS-1301C-C4029 | D210: =Query!C211 -> 1- C5XFE-R /ST/ | E210: =Query!D211 -> 10 x 2 x 1.0 mm² | F210: 24V DC | G210: =Query!E211 -> 30 | H210: =Query!F211 -> B1-TCS-1301C-XD42 | I210: =Query!G211 -> TPS I/O and marshaling cabinet | J210: Eletric room | K210: =Query!K211 -> B1-TCS-1311-X23 | L210: =Query!L211 -> BOX TPC/OPS | M210: Eletric room | O210: =Query!O211 -> DSPW/SUPP.FI
A211: =Query!A212 -> 20209 | B211: =MID(Query!B212,1,2) -> B1 | C211: =MID(Query!B212,4,50) -> TCS-1301C-C4030 | D211: =Query!C212 -> 1- C5XFE-R /ST/ | E211: =Query!D212 -> 2 x 2 x 1.0 mm² | F211: 24V DC | G211: =Query!E212 -> 30 | H211: =Query!F212 -> B1-TCS-1301C-XD41 | I211: =Query!G212 -> TPS I/O and marshaling cabinet | J211: Eletric room | K211: =Query!K212 -> B1-TCS-1321-X92 | L211: =Query!L212 -> BOX OF VMS | M211: Eletric room | O211: =Query!O212 -> DSPW/SUPP.FI
A212: =Query!A213 -> 20210 | B212: =MID(Query!B213,1,2) -> B1 | C212: =MID(Query!B213,4,50) -> TCS-1301C-C4031 | D212: =Query!C213 -> 1- C5XFE-R /ST/ | E212: =Query!D213 -> 2 x 2 x 1.0 mm² | F212: 24V DC | G212: =Query!E213 -> 30 | H212: =Query!F213 -> B1-TCS-1301C-XD41 | I212: =Query!G213 -> TPS I/O and marshaling cabinet | J212: Eletric room | K212: =Query!K213 -> B1-TCS-1321-X92 | L212: =Query!L213 -> BOX OF VMS | M212: Eletric room | O212: =Query!O213 -> DSPW/SUPP.FI
A213: =Query!A214 -> 20211 | B213: =MID(Query!B214,1,2) -> B1 | C213: =MID(Query!B214,4,50) -> TCS-1301C-C4032 | D213: =Query!C214 -> 1- C5XFE-R /ST/ | E213: =Query!D214 -> 5 x 2 x 1.0 mm² | F213: 24V DC | G213: =Query!E214 -> 30 | H213: =Query!F214 -> B1-TCS-1301C-XD41 | I213: =Query!G214 -> TPS I/O and marshaling cabinet | J213: Eletric room | K213: =Query!K214 -> B1-TCS-1321-X92 | L213: =Query!L214 -> BOX OF VMS | M213: Eletric room | O213: =Query!O214 -> DSPW/SUPP.FI
A214: =Query!A215 -> 20212 | B214: =MID(Query!B215,1,2) -> B1 | C214: =MID(Query!B215,4,50) -> TCS-1301C-C4033 | D214: =Query!C215 -> 1- C5XFE-R /ST/ | E214: =Query!D215 -> 10 x 2 x 1.0 mm² | F214: 24V DC | G214: =Query!E215 -> 30 | H214: =Query!F215 -> B1-TCS-1301C-XD41 | I214: =Query!G215 -> TPS I/O and marshaling cabinet | J214: Eletric room | K214: =Query!K215 -> B1-GEM-13001-CB01-SYS | L214: =Query!L215 -> PD monitoring | M214: Eletric room | O214: =Query!O215 -> DSPW/SUPP.FI
A215: =Query!A216 -> 20213 | B215: =MID(Query!B216,1,2) -> B1 | C215: =MID(Query!B216,4,50) -> TCS-1301C-C4034 | D215: =Query!C216 -> 1- C5XFE-R /ST/ | E215: =Query!D216 -> 5 x 2 x 1.0 mm² | F215: 24V DC | G215: =Query!E216 -> 30 | H215: =Query!F216 -> B1-TCS-1301C-XD32 | I215: =Query!G216 -> TPS I/O and marshaling cabinet | J215: Eletric room | K215: =Query!K216 -> B1-VSD-13701-PLC01-MCC | L215: =Query!L216 -> MODULE SSTG | M215: Eletric room | O215: =Query!O216 -> DSPW/SUPP.FI
A216: =Query!A217 -> 20214 | B216: =MID(Query!B217,1,2) -> B1 | C216: =MID(Query!B217,4,50) -> TCS-1301C-C4035 | D216: =Query!C217 -> 1- C5XFE-R /ST/ | E216: =Query!D217 -> 5 x 2 x 1.0 mm² | F216: 24V DC | G216: =Query!E217 -> 30 | H216: =Query!F217 -> B1-TCS-1301C-XD51 | I216: =Query!G217 -> TPS I/O and marshaling cabinet | J216: Eletric room | K216: DCS | L216: DCS | M216: Eletric room | O216: =Query!O217 -> DSPW/SUPP.FI
A217: =Query!A218 -> 20215 | B217: =MID(Query!B218,1,2) -> B1 | C217: =MID(Query!B218,4,50) -> TCS-1301C-C4036 | D217: =Query!C218 -> 1- C5XFE-R /ST/ | E217: =Query!D218 -> 5 x 2 x 1.0 mm² | F217: 24V DC | G217: =Query!E218 -> 30 | H217: =Query!F218 -> B1-TCS-1301C-XD51 | I217: =Query!G218 -> TPS I/O and marshaling cabinet | J217: Eletric room | K217: DCS | L217: DCS | M217: Eletric room | O217: =Query!O218 -> DSPW/SUPP.FI
A218: =Query!A219 -> 20216 | B218: =MID(Query!B219,1,2) -> B1 | C218: =MID(Query!B219,4,50) -> TCS-1301C-C4037 | D218: =Query!C219 -> 1- C5XFE-R /ST/ | E218: =Query!D219 -> 5 x 2 x 1.0 mm² | F218: 24V DC | G218: =Query!E219 -> 30 | H218: =Query!F219 -> B1-TCS-1301C-XD51 | I218: =Query!G219 -> TPS I/O and marshaling cabinet | J218: Eletric room | K218: DCS | L218: DCS | M218: Eletric room | O218: =Query!O219 -> DSPW/SUPP.FI
...

Sheet Query
A1: F1 | B1: F2 | C1: F3 | D1: F4 | E1: F5 | F1: F6 | G1: F7 | H1: F8 | I1: F9 | J1: F10 | K1: F11 | L1: F12 | M1: F13 | N1: F14 | O1: F15 | P1: F16 | Q1: F17 | R1: F18 | S1: F19 | T1: F20 | U1: F21 | V1: F22 | W1: F23 | X1: F24 | Y1: F25 | Z1: F26 | AA1: F27 | AB1: ComosSystemInfo
A2: Origin key | B2: Cable number | C2: Cable type | D2: Cable cross-section | E2: Proj. max. length (m) | F2: Cable from | G2: Desc_from | H2: Location_From | I2: Connector from | J2: Connector to | K2: Cable to | L2: Desc_To | M2: Location_To | N2: Cable type code | O2: Supplier | P2: Number | Q2: Cable type | R2: Base object | S2: Output Prokabel | T2: Room from | U2: Function to | V2: Item to | W2: Function from | X2: Item from | Y2: Room to | Z2: Date / User | AA2: Remark | AB2: @@UU@@C@@AP/kAJrSYQxjHOc50IQhCUISpCFJSlK1JUlKVKSpKVLWpSlLWtTFrWtamLAtQGAWAAAMUwDAMYtYALWADAMWAAFgWwCwAYpS1qWBbGMApa1sYpjAMAAAGAAAAAAAAAAAAAAAAAAAGAAAAAAAAAAAAAAAAAAAAAAAAAAAAAAAAAAAAAAAAAAAAAAAAAAAAAAAAAAAGAYAAAAAAAAAAAAAAAAAAAYAAAi6ZX2w+4x8n9FZ8/+WYVPdn78A+7876UyR+1M/htnBP9P3JomKsJpH8E2TZOZP9U3psn703JuTZOZPyy1TemibJomUHQmifU1TGWLFLmjcqxVibJqn0pomiaJlbbVpR3hSOGFWk46Y6jV0url+b8/6vz/N/d+nrTnT/ZO+nP0cujm5tOjo6O0RddQxOpNE0TIxMJ2ywmmEyUYqxMTRNHexMyYxZMTMS/slX54oc2idqryJoWZDS+WtE/t2/L5uzHDTdvTZMTpYzMMTgmyb01TVNya2uLemhPyWDfk3sVZircoYnZP8cfrbJsmJhMVbiYmJpv9HH83Nq16eCcFXWVVcdOkzH5o3Nhq4xkcI3p86bJvKcszMzN/DWa4zMxmZw002479OPDlQU+W9i6lR+vr0J0+2+nw/U0dj0vIlO/rWet2XPFI/RQmFXqwVbLCLfirudqbtr5hxrH6cZplZHHNMM00rvtfQTWremYJmFmJxTNKb8rTGmDGM/ZH4Y/RTdhOlu0ExpExhhmYzJvrMsEa/RrrT3dMuFYxwTbOxOGsm9vym7WcU15tZ1dPPNd0TnaXCMTNS4+HSnma8/fTobk12+Ldy5JpvG7bR5ePHmtd1NDfXNx4byaDSMZx5bE7xOHPTye9/h9fx/Z97+P2Nvd5p2YWn2eOrdo5vRu3Dh0dPHo6NOnm5+nmp05GbtEp4cqKmkJG0TExkkxMixMV3Yqp38p3ZriTswnXg9jGZUjwZ24UG2fq9Pj/TsmgrVNUW2E+7gmyYqW4miYqtE5k1TQlNhpmiYmJiaKupNRVqmqaIske48kvmV/O91snb7b3WOLE10VU8xV1J86cn0bzknfT4Sp5086fQTd38k/YofA7z7TwR2KspirVN5MdLGNE0rinzE0Tu+jM771ngcU31OZPUn8k2VdbtTfqnyKuAn32qdd4pdaeJV7Ka13nNTUnOVaJxE3J3NS/a+18XrOl5E5J8bi0KniKm7nJqmykdH4XkVbE5J2lWze8VfCq2T0JyKuJNk52iZ5fA8Lmck8pNFXBNCr5E60xORon3+p3OCB7irvp5E1TknK7L6k2T10xOpNE0VYq+SPYeJz8nWniKvG9f1P3Pa6QnHCdKYngTCc6c6ap5k64pbk3JwdxV9eW7oc6eHiT0Jzp9YT6Typ401ryqvvKtU1u+nsIUfg3KtU9ZOuPfToTgKRom1qmV1Jqq5JulWonmTCeh3Jyfd8Blv2tL8Y+G9lzp2pwT2TrVfGmqfUVPhTCpibJ+Iqk9KpaoHrqqfCKmlPtIvUgeN9hNU1VdXuJ8BOZOD+Ux7yB/umqYmC60/90Vap5xiZdadpPM7fQi3UtW6QbCb011RcE2Twpqq24kTYmeZOuVOwTuT/lPURd9Vtbuwmqa1iaxs1enHlTE0ZvihoVYVViZgjCxMK37lVMlpWkGYTTSszNFIxJkUtE03lTQTimibk1E4pwVU8SfjQO3tbKvMTiTgnMn3iL1+5P+OTH3MalWj39E8KeHtTUnU6k17U6E3IvCncmiU6Orfppqnk2TuKvt6bJ4PaifKwnSnTQ7U8KcUDCak9BV2PSncE86ZJ2k+EynnTIqnPhedMVdyZsUW9NS1VF30nqJoVee7ye4nMTyp3Jqnq8jVNmielPvJ5XiJuil6NFWid6Jz1VgTSg+sTvJoVYm9P4pp3iYndedA3u+mthMT2mrwJ7Lwz1lWhMTTjA4KqYq4Ot8SeZV404aE0TTmKpONJ7Tcmj/OxuVXJs3ql3k6dU3bIH9T+smxTiT3qm9NOBMp0OKqmiJqTCbyrcmirsTgq0TXYTFXxp94mvJEtyrMFWJaZE/+wm9zCpvKvxE7Nk8ick6bWnDgnvE+ue2q8b7ZV6Sp6E17Q3p0KqbqTUwnWlHFSMT4FVPhTcnoJ5ydhNXJPgTRO1PAnrJ98RTuTOCeclsi3Oqg98nPU6Xo5qpOROKBp7ick95PXTZOZyoVrQalXBhbg8RibPxJtuTKq5iYnsJ7dPsM0T2VW5NetNU9ZNk4Ddw7taXxtWqdnaTSquDs//cxV1JwelOxOhOlOdNk2T105t2qLnTCroTeJwUOKeATZOSbJ405J3irsTkTROSBwTVPWd5VyTqJp0J05WMTCaJhNCdBO8yhXr8Ocm9O8nCp6nT0Cp2JoVSf9fCq6idKe3LdSeUq3CfE4pvd9Pf6XsuxO8xOlOKbJo/pbFXvKuUGhehF6iLViFGehOkq8Crwentfg+t+QiqH4P+9KkQ/8yoVUfl+5olFU0yqVQfLiqB/ftofzA=
A3: 20000 | B3: B1-CP-13501-C4003 | C3: 1- C5XFE-R /ST/ | D3: 2 x 2 x 1.0 mm² | E3: 30 | F3: B1-TCS-1301B-XD54 | G3: TCS I/O and marshaling cabinet | H3: B1 | I3: 002 | J3: 002 | K3: B1-CP-13501+ER-X100 | L3: BOX OF GEN.EXCITATION | M3: B1-CP-13501 | O3: DSPW/SUPP.FI | P3: -C4003 | Q3: 1- C5XFE-R /ST/ 2 x 2 x 1.0 | R3: LOCAL Base Objects|Cable|A30|Z20|0502 | V3: -X100 | X3: -XD54 | Z3: 2024-06-12 / Harasta, T. | AB3: @@UU@@C@@AA80AApOUQpTGOc5jHOcxjmMc6EpSo6EoSlCkoShSQHSlIEJQhCAJQACQKUpSgKApSgAUACgJUBSgHUpSUJAkCgJQBKFKQkAFJApSlIUACVJQlKgAAAAAAAAAAAAAAAAAAAAAAAAAAAAAAAAAAAAUAAAAAAAFAAAAAAAAAAAAAAAAAAAAAAAAAAAAAAAAAAAAAAAAAAAAAAAAAAAAAAAAAAAAAAAABCy/LwdJzifX+P8iebugnrE6fy9VH7b39fMfUZlj7l1mujxhr8ujonV6P78/kvKupLJ5fHL//t+/XTZIoljvQZ9SQD/wAdfb5UIt0gZbRay/DLAK8gl8frrpWM9UxYM3Myg/OUiUoIaYlAeQlKSzkT2ROSY0SAkAYoPMBYJAkimCiCUMEESCVHbiULSLyc9ASEgxMAaRIw4aYm0rnCROzLjrSEOXBbKQHKhTT1aNq5CoTOVlLzdnmtaydWAFw4vPOjcADiBH9w4hOIhZMPaEiURBwQko4eUThG6AkJAnokJPdsAkJ+jtZOtp6wksGiJbaHHuYEKjnsEsFaF7AGoTH3+usvhEg+C/LV4e7sV459Am9k4ajjnnEnVXGjNqrLaaC23ToUPTqx019y/v3asuPFxlsUbgmwJtZdE9JZXit2KekTEhdMKLr8mQTJxXSq7Adm7K7fvmHPmwZATtgUaNrcxR/HiE3YEv0XCZM9GzwRi3YbIEp6DfEjueoTZBMlvVEsE3qxNswb/gEj4vaJWJ7BIE/wTtAl4JVm92Yx7MHpADCJb6+99EyYllArozgl4khM6kwTNME+mVIlImFSDBg9j3tnYE90CUGITdP9E9tVZjEgqaQSsSfyABgEvBIEuE8QkCXVkHx3CagTwCHzxHhTfYdH4fYIoK+8A
A4: 20001 | B4: B1-CP-13501-C4004 | C4: 1- C5XFE-R /ST/ | D4: 2 x 2 x 1.0 mm² | E4: 30 | F4: B1-TCS-1301B-XD45 | G4: TCS I/O and marshaling cabinet | H4: B1 | I4: 002 | J4: 002 | K4: B1-CP-13501+ER-X110 | L4: BOX OF GEN.EXCITATION | M4: B1-CP-13501 | O4: DSPW/SUPP.FI | P4: -C4004 | Q4: 1- C5XFE-R /ST/ 2 x 2 x 1.0 | R4: LOCAL Base Objects|Cable|A30|Z20|0502 | V4: -X110 | X4: -XD45 | Z4: 2024-06-12 / Harasta, T. | AB4: @@UU@@C@@AA80AApMSQpjGMc5jHOc6DGMc5zpSk6DgShCEJOBAEoSBCUIShCAJQkClKUBSgKUoCgAUBQAJUBSgHAlSkJAkCgJQBCVKQBQFKApSlIUACVJQlKgAAAAAAAAAAAAAAAAAAAAAAAAAAAAAAAAAAAAUAAAAAAAFAAAAAAAAAAAAAAAAAAAAAAAAAAAAAAAAAAAAAAAAAAAAAAAAAAAAAAAAAAAAAAAABCxfJx9h1CfV5/5E9PhBPYJ2ff+0/68P9fKfSWLH2rrNc/mDX6MvXNV0/36vwuKs8sPo+zzf/H3a58cieWC5BmzyAf+ADTt9CEbGgDFYLWXXpUivOJdH566FjzyF9bbgkfjKRKUEBREoCIzk0LIm2RJc8DRICQBfg9IGMSBJFEE8EoYIIkyiJ9UShaBefqnCQkF1TIDQJF+/TEzQtLNjxYK0hC90EPQhPP257YWxC+JcTk73un142onoBab3qmr74AcoI/uHKJykLJh3BIlEQccJKOToE5BtgJCQJ0yEm1YwJCfk6cPc7vdElTliW0hzbtKFR1YxMYrOvCBviYODSst4SDcuxVeTw5q8E231icOLkrOabKJNWaM92/WW0zltltWZQp2eKj9PBZ4oy4q8PMYYn74mYTvZMs2yYKy/oz0dgl9CyYJ7O5hwictuzVtO3didzSZLKMIJqAny7Wo/j4BN6BNGTNK0TDkmo08kVb0OOBKOs8YkeDUJpBMVnbE2BPFWJuFPFwiR8PuErE9okCf4JuglwJVZ77DBpg6gAvCbHs4PnmJhMc4rlyAlwkhMikwJZMCfRKgSgS8pBTT7Xg2cwnvgScvibp/onuqrMAkFTQCViTfGAFIlwJAlonjEgS2sg+K0TfBOIQ+aI8nlDjYc2v6xFBXtA==
A5: 20002 | B5: B1-CP-13501-C4005 | C5: 1- C5XFE-R /ST/ | D5: 5 x 2 x 1.0 mm² | E5: 30 | F5: B1-TCS-1301B-XD54 | G5: TCS I/O and marshaling cabinet | H5: B1 | I5: 002 | J5: 002 | K5: B1-CP-13501+ER-X200 | L5: BOX OF GEN.EXCITATION | M5: B1-CP-13501 | O5: DSPW/SUPP.FI | P5: -C4005 | Q5: 1- C5XFE-R /ST/ 5 x 2 x 1.0 | R5: LOCAL Base Objects|Cable|A30|Z20|0505 | V5: -X200 | X5: -XD54 | Z5: 2024-06-12 / Harasta, T. | AB5: @@UU@@C@@AA80AApNSQpTGMc5jHOc5znMdCFIQdJznUlCkIQlAFIShKkJShBwJQBSVAUpSgASoCgAUBQAKUBSgHAlSkJAkCgJQBCVKQBQFKApSlIUACVJQlKgAAAAAAAAAAAAAAAAAAAAAAAAAAAAAAAAAAAAUAAAAAAAFAAAAAAAAAAAAAAAAAAAAAAAAAAAAAAAAAAAAAAAAAAAAAAAAAAAAAAAAAAAAAAAABCwfLydh1CfT5f5E8/eBPUJ2ff+1H68f9fN5PoMix9q6zXR9Ya/Ns9c6+n+/R+GUr2pX/Nkt//7Pu10wYqIv5UGd2QD/wAaNzoQjF2wMGMWwtuSqFecS2Pz10rHlkL6WyD8ZWzJzghpiUJES50JE9Am3MaZASQLsHnAwiQJIpgogllkyIImEqd+JQtQvP1UBISCtgDtiRcii5JpXYCeLDesSELnQR0IUUbdF2DEhdEtylCyIfd6bjdJ0KPpiq56J2bwAagR/cNQmohZMO6JEoiDkhJRy9AnKNsBISBOmQk+7hAkJ+Tov7ebMJKrYiXcQ5t2pCs6sImEVoXjA7wl7v6FlwCQdy3BX4uLZsvT6xOK/y1nNPKJOs2MfDWd3HVSY8WfZUNuNGDh7/H8Fv6YM1mDmMcU74m0Jue5tT0mey7mzU9gl1C2YUW5798TVku+87uS+z0aS3FVeBNIFGXTvn8eMTggTJl1WiX8tOjPVKvghwwFMDVLrOQSPf3hM4Jgx7QmITjvCbhV4fAJHxewSwT1iQJ/gm8CWgleP24y9og6gAuCYvVxeSZMTDQK7GUEtEkJlUmCY5gnzypEpEuKQVVet4s+yJ7YEoLomk/0T2V2F4SCtpBLBJ/IAFQloJAmQTxiQJksIPjyCcIJ4BD4YjxQHhYdjX9Qigr2gA==
A6: 20003 | B6: B1-CP-13501-C4006 | C6: 1- C5XFE-R /ST/ | D6: 10 x 2 x 1.0 mm² | E6: 30 | F6: B1-TCS-1301B-XD45 | G6: TCS I/O and marshaling cabinet | H6: B1 | I6: 003 | J6: 003 | K6: B1-CP-13501+ER-X210 | L6: BOX OF GEN.EXCITATION | M6: B1-CP-13501 | O6: DSPW/SUPP.FI | P6: -C4006 | Q6: 1- C5XFE-R /ST/ 10 x 2 x 1.0 | R6: LOCAL Base Objects|Cable|A30|Z20|0510 | V6: -X210 | X6: -XD45 | Z6: 2024-06-12 / Harasta, T. | AB6: @@UU@@C@@AA82AApTSQpTGMc5jnMgxznMc50KQhCEnSlClIShR1KQhIEJQhCAISBSVAUpSlAUoCgAUBQAKUpIAHApSUJAkClKQBCVKQAAFJApSlIUACVJQlKgAAAAAAAAAAAAAAAAAAAAAAAAAAAAAAAAAAAAUAAAAAAAFAAAAAAAAAAAAAAAAAAAAAAAAAAAAAAAAAAAAAAAAAAAAAAAAAAAAAAAAAAAAAAAABC1vk4+w6hPq+/+RPNvgnpE7Pw9FH7cP9fLi+khY8a6jVR9gavL15519P9/n5LivXlZ5fH9v//dPVFsicsNyDPXkA/8AHb3OhCMW0BZjFwF16VQrziXR+uqkCM0hfO4IPxlIldORDTEoSIl5CRCz2xOegaZASEvwh5gLRIEkUwUQShggiQSo70SgCkXn6qAkJBf14JAbQkX6b82laswTox22YUhCm90S6EKNiqiq3GhWJlKcsRDEL3LOnE2FFILVe/KeDz7oAcoI/uHKJykpLBD7gkSiIOOElHJ0Ccg3QEhIE6ZCT3sQEhP0e5Zs6NkTPO9KJe2h4dFSFZ1WiWitC8IG+Jh7+hZaRINF2tXzcGfBhn1ie7ZyVnNPKJOszY9+sxU0GK3azKEadNen3tjgyVWYMPMWxRuiZhNFuWe2bGC/kz09gl9DJMKMntWWCcmS/3ceFzhubJ3cuO9YCd4CjNo3T+PgE3oEuzXCYctHb8EX96HWgSnrOISNPoE2wSzFriWicOATcKuLwCR8PrEwCeoSBP8E3QS4Erx+zGYduDqAC8Ji9Pf+eZMS2gVzZQS4SQmVSYJjmCfRKkSkS8pBVV6ng284nsgSgvicR/onrrwGESCtpBMAk/jACoS4EgTIJ4hIEyYCD4sgnvgnEIfNEeHxBxsOfV9aigr2g==
A7: 20004 | B7: B1-CP-13501-C4007 | C7: 1- C5XFE-R /ST/ | D7: 10 x 2 x 1.0 mm² | E7: 30 | F7: B1-TCS-1301B-XD54 | G7: TCS I/O and marshaling cabinet | H7: B1 | I7: 001 | J7: 001 | K7: B1-CP-13501+ER-X300 | L7: BOX OF GEN.EXCITATION | M7: B1-CP-13501 | O7: DSPW/SUPP.FI | P7: -C4007 | Q7: 1- C5XFE-R /ST/ 10 x 2 x 1.0 | R7: LOCAL Base Objects|Cable|A30|Z20|0510 | V7: -X300 | X7: -XD54 | Z7: 2024-06-12 / Harasta, T. | AB7: @@UU@@C@@AA82AApRUQpjGOY5zGOc5zHMZJ0oSo50HUA51IUgCQIQlCkJQg4AISBSFKUBSgAUoCgAUBQAKAlSlHUpKlIAkCgJQlKVKQAAFJApSlIUACVJQlKgAAAAAAAAAAAAAAAAAAAAAAAAAAAAAAAAAAAAUAAAAAAAFAAAAAAAAAAAAAAAAAAAAAAAAAAAAAAAAAAAAAAAAAAAAAAAAAAAAAAAAAAAAAAAABCxfJy9h1CfT+H8iePhBPSJ2eL0T/tx/18uT6CFj7F2m2f6w29HXmmweb+/J+Npg7csPR9vh//w/dtoySJ5YbkGbckA/8AGnX0oRZoAxZRai6mV4V/IS6P1++gCPFIXztUH5ykSlbIk0RKAiCUHcQm3ROicaJASAvwp4wMYkCSKIJ4JQwQRIJT78SgCgXo6pwkJBfYAziRTPTM0LcE2TFXUkIU9MHShNuUT5EKRPbuLihmg9zzYZ6KFxtZTMo0RRf1TV+6AGwEf3DYJsJSWCHWJEoiDkhJRy+QTlG2AkJAnlkJN72MCQnnf004s+7oElTmiWpDwb15DAdWQTIKzrxgcIlfFpWXdEgttxYObvZqq5usTew7MBzTXCTdyqqM2XhrLKJyynPmUOLRKvCcHFZgrplzGKJ9Ylwmm26bOblV/g7dHYJfQsmCey7DhE2Zb+qyt1BrzluS9WCbwE92nRrj+PgE34Et7VomG6fd5Iv78OOBKOs74kd30CaATDk3BMYnv1Cai93+MSPh9YlQnqEgT/BN4EtBMFnssK9EHUAFImT08XzTEwmOcV7VwJaJIS5SYEsmBPnlQJQJSpBevep72jMJ7IEnL4nIf6J68FRWJBgaASoSb4wAvCWgkCZROcSBMtRB8WUTgBOQQ54jwc4bGHNt+pRQV9oA=
A8: 20005 | B8: B1-CP-13501-C4008 | C8: 1- C5XFE-R /ST/ | D8: 10 x 2 x 1.0 mm² | E8: 30 | F8: B1-TCS-1301B-XD45 | G8: TCS I/O and marshaling cabinet | H8: B1 | I8: 001 | J8: 001 | K8: B1-CP-13501+ER-X310 | L8: BOX OF GEN.EXCITATION | M8: B1-CP-13501 | O8: DSPW/SUPP.FI | P8: -C4008 | Q8: 1- C5XFE-R /ST/ 10 x 2 x 1.0 | R8: LOCAL Base Objects|Cable|A30|Z20|0510 | V8: -X310 | X8: -XD45 | Z8: 2024-06-12 / Harasta, T. | AB8: @@UU@@C@@AA82AApOSQpTGOY5jHOc5zHMdB0JAdCDpSA6UoQpSVKQhCUAQg4AISpIEqABSlAUoCgAUBQAKUpSgHAlSkJAkClJQpKVKQAAFJApSlIUACVJQlKgAAAAAAAAAAAAAAAAAAAAAAAAAAAAAAAAAAAAUAAAAAAAFAAAAAAAAAAAAAAAAAAAAAAAAAAAAAAAAAAAAAAAAAAAAAAAAAAAAAAAAAAAAAAAABCxfFy9Z0ifR4/5E8vACeoTr+/00ftx/18eT5yFj7V2Gyj6g2eTqzzr8/9+b8Livblh8lf2f/9f3bKSCcsFyDPbkA/8AGnV0IRk3AMNothdVK8K84l0frspAjxyF9DZB+MpEpXSJNMSgIiUPOhPSJooGmQEgL8B5QMYkCSQpgoglDBBEglRvxKAKRefpoCQkF9gDcEiqiqbSuYJ5MWCxIQq6I6EJ9mmgyIVCXFxQ9vz4MTZSRTJRvQBFX5Ts090ANYI/uGsTWSksEPcEiURByQko5fMJyjdASEgT85CT38gEhPQ5NOLRu7gkqs/6X50akPBRvX0MB02iWitC8YHAJh4u2su8JBbmxV83Dt2YJ9Ql2HXWc08wk6zat4KzRbepLcm5nUO9VZilRu8NF2CmzmMUUahMwmm7HPQYLL/vW09Yl9C2YUW7eHCJry9+vVlwuoO5oM1t7CCbwFG12tw/jwie5Am/mz3CYc1HazxXvw44Ep6jjEj3fSJugmG3siYxOKwTUXuPviR4vYJYJ6xIE/wTeBLgSu322mDTB0gBUJk9XF8syYmOgV2swJcJITMpMEtmCfNKkSkSpSC9e9bw7ucT2wJQXxOQ/0T2V2GASCtpBLBJ/CAF4S4EgTKJ4RIEy2EHiyie+Ccgh8kR4PgDWw59n0qKCvY
A9: 20006 | B9: B1-CP-13501-I6001 | C9: 1- C5XFE-R /ST/ | D9: 2 x 2 x 1.0 mm² | E9: 30 | F9: B1-TCS-1301B-XD44 | G9: TCS I/O and marshaling cabinet | H9: B1 | I9: 008 | J9: 008 | K9: B1-CP-13501+ER-U514 | L9: BOX OF GEN.EXCITATION | M9: B1-CP-13501 | O9: DSPW/SUPP.FI | P9: -I6001 | Q9: 1- C5XFE-R /ST/ 2 x 2 x 1.0 | R9: LOCAL Base Objects|Cable|A30|Z20|0502 | V9: -U514 | X9: -XD44 | Z9: 2024-07-10 / Panek, P. | AB9: @@UU@@C@@AA80AApQSQhjGOY5zHMc5zmOdCDoSk6EJSlCFIUlSlAQhKEpQcCkAQACkqABSlAUoCQAUBQAJABIAHAlSVJAlKlKQBKVKOBQFKApSlIUACVJQlKgAAAAAAAAAAAAAAAAAAAAAAAAAAAAAAAAAAAAUAAAAAAAFAAAAAAAAAAAAAAAAAAAAAAAAAAAAAAAAAAAAAAAAAAAAAAAAAAAAAAAAAAAAAAAABCxfNq6jYJ9fk/kTz8QJ6xOr7f2p/Xvf1854TKseNdfh11eINfm6dFFnp/v8fLnMG5Nvm8Xj/+Z1zikmbLkGjRID/wAb2/0IRj0gW5BbC6ubwr9wl0fnrqWPJIvqbIPvmSZzSYihvRRFCwzFEM6RJO3A0yBKt+DzgYxIEkqgpgmGCCJZiCnhiYWoXy7KQkSC+QB2BIArrqigqiFzhRkxYbEhCvoick0+jIhWJcVeg0IT2oK8FHprxtJTeBb9Vd+myrgADUCP7hqE1ELLD2xImIg78JMcv4Cco5oCRIE6JEo4cgEiep3bevp7Ak3tETzfl715DAbMYmMVpXkA3RMPHx9paPgEgxZqsdnNxbeG2ivpEi3VODmp40OvtiVYTRm2WXVUl2XToUNrBV+l3xc/JdbZbUYop4BNsTs5slGU3LL/FtVdQl9DLQFOXRbaJ8d1/fy4XfeCNObJewgnCBTn3uE/j5BOCBLs/v5hLc9W9qjB3IccCVdJ3xI+HuCboJbl3BMYndsE3y93uQSPB7RLBPYJAn+CcIJmBMGX3ZTDvQbAArEyevu/TQUCY6RXazgmYSRM6lAJloBPqmoSoStSC9e9jx7u2J7oEpL4nKf6J7cFhhEgwNQJYJR8oAXhMwJAlwnOJAl1hB4LhOIE5RD6IjnkNTDta/sEUFesA==
A10: 20007 | B10: B1-CP-13501-I6003 | C10: 1- C5XFE-R /ST/ | D10: 2 x 2 x 1.0 mm² | E10: 30 | F10: B1-TCS-1301B-XD44 | G10: TCS I/O and marshaling cabinet | H10: B1 | I10: 001 | J10: 001 | K10: B1-CP-13501+ER-U501 | L10: BOX OF GEN.EXCITATION | M10: B1-CP-13501 | O10: DSPW/SUPP.FI | P10: -I6003 | Q10: 1- C5XFE-R /ST/ 2 x 2 x 1.0 | R10: LOCAL Base Objects|Cable|A30|Z20|0502 | V10: -U501 | X10: -XD44 | Z10: 2024-07-10 / Panek, P. | AB10: @@UU@@C@@AA80AApMUQpTGOc5zHOc5zGOZBzoQhCEIOhKUISlKgKSlCUJOdKkASoCQKUpSgAUkCQAUBQAKUBKlHAlSkpAlSkqQBKQJQAAFJApSlIUACVJQlKgAAAAAAAAAAAAAAAAAAAAAAAAAAAAAAAAAAAAUAAAAAAAFAAAAAAAAAAAAAAAAAAAAAAAAAAAAAAAAAAAAAAAAAAAAAAAAAAAAAAAAAAAAAAAABCxfRq6TnE+vx/yJ5uyCewTp/H10ftyf19J4StY8S6/Drp+0Nfl6M86vR/f6/laX9mWHy/d9//+L8NdOSRRLDagz2pAP/ABo4eZCK94DFYLUW3ZXBXyCWx6vHSsWyF9LVB+kpEpQZZNMTgMRKUlnJnuidSY0SAkAXofMBjEgSRTBRBKGCCJBKjrRKFpF8nPQEhILxAG2JF27TEymIW0JE8mLBUkIU80ASySo0ZELolh+ZnQuhbo9FzI4Si4C3qcE8HVADUCP7hqE1ELJh4BIlEQdyElGnziaRsgJCQJzSEnxYwJCel2bd7Ht7u2JK9niRy8NKF458gmQVoXjAxiVdn1b6z7AkE7MV/l+LNVgn0CdvDqvz5aONDazCXMF2M+XnoLKaCyivczqHyZs2nt797ky4qqO8ZIo4hNkTgs2J1m5Ve7WenpEvIVzCivaw4RPjsvcNeB4uI3YMuS5gBOuBRbo2z+O+JwwJZbYJgy8FO9oi/14ccBuQNzoNIkfD6xN4Ex2bQlYnJUJ1C5p7gkfL7hKhPaJAn+CdYEygl+v31mDfg5wAuiZPZx/VMmJjoFdi0EyiSEtUmCVzBPBKkSkS6pBcue1493MJ74EoLwmk/0T3X6jAJBfaQSoSfzgBcEygkCWCd8SBLKiD5rBO0Cd0Q8ER3k7rDsa/sEUFfg
A11: 20008 | B11: B1-CP-13701-C4006 | C11: 1- C5XFE-R /ST/ | D11: 5 x 2 x 1.0 mm² | E11: 30 | F11: B1-TCS-1301B-XD52 | G11: TCS I/O and marshaling cabinet | H11: B1 | I11: 009 | J11: 009 | K11: B1-CP-13701-XC4 | L11: BOX OF GEN.AVR, SYNCHR.AND MEAS. | M11: B1 | O11: DSPW/SUPP.FI | P11: -C4006 | Q11: 1- C5XFE-R /ST/ 5 x 2 x 1.0 | R11: LOCAL Base Objects|Cable|A30|Z20|0505 | V11: -XC4 | X11: -XD52 | Z11: 2024-07-21 / Panek, P. | AB11: @@UU@@C@@AA9KAApaUQpTGOY5jGQg5zmOc50IQhB0JOlAEHAhKAKUlSUnQhSEKABQFJUpQEgSpQFASACQAUBSgKQpIEoQpQFJSpSVKQkClKApSlIUACVJQlKgAAAAAAAAAAAAAAAAAAAAAAAAAAAAAAAAAAAAUAAAAAAAFAAAAAAAAAAAAAAAAAAAAAAAAAAAAAAAAAAAAAAAAAAAAAAAAAAAAAAAAAAAAAAAABC1/k4+s6RPD9nh/kT7e2J78CekTr8f7Ufrxf13/l+cyLGFfr8nNT9Ac3P1bU7Px/vy+TKeLblr9H1Wf/9M+aIKJxZjQZ7UgH/gAwaNPmQjDnA18QtFpf2r874rziY4/PNSseOQvndaD75SJSgySaYnAREuckQsTzidExpkBJC/An3AYBIEkUwUQSvyZEETCVPaiULeF6OmgJCQcJAG6JFVFU2kDKE8WG2xIQqPMhuT3KKb9QmQouiIEuQ7Pnqa6YokC3qss7++AHICP7hyCchCyYbhIlEQcUJKOPyicY3QEhIE/CQk9/ABIT3vydOrBLbM+4JK/sbUp7yHDpqQ3jpxiYxW9SvdA0e2Jre7NZcIkHLljBXy7Ndmx1CatbVXP3OWnMJTitNGGUzDu5VCrVer2K8vc7mtdbVvYqJGtonXf0iVCdinNPObNFWKjrEqQsmFHoyb1dol36cGzbv3YHJ3s+l34ySqwInZA2NFl7+PhE7UCZinEJZdj2tFfBDggNu2Q1W9RxiRw5xN0Ew3bIlwndtE3i9xahI73rEsE9QkCf4JpBMYJXi9mIt7EHoACoTD6e34JkxMFArlyAmMSQmRSYJimCfNKkSkSpSC9e9Toz5hPZAlBfE1H+ieuuwtEgraQSwSfxgBeExgkCXCfAJAl1hB8VwnACcQh4Ijv+AONhzc3iRBFfaA
A12: 20009 | B12: B1-CP-13701-C4008 | C12: 1- C5XFE-R /ST/ | D12: 5 x 2 x 1.0 mm² | E12: 30 | F12: B1-TCS-1301B-XD42 | G12: TCS I/O and marshaling cabinet | H12: B1 | I12: 001 | J12: 001 | K12: B1-CP-13701-XS4 | L12: BOX OF GEN.AVR, SYNCHR.AND MEAS. | M12: B1 | O12: DSPW/SUPP.FI | P12: -C4008 | Q12: 1- C5XFE-R /ST/ 5 x 2 x 1.0 | R12: LOCAL Base Objects|Cable|A30|Z20|0505 | V12: -XS4 | X12: -XD42 | Z12: 2024-06-12 / Harasta, T. | AB12: @@UU@@C@@AA9KAApaUQpTGMYxjnOc5znOdB0nQhCEJQk6knUhJwKUlAFHQhAEqABIFKUpIFKAgClASBQFKAoAEoAhSkoAkCkpSBKQJQBAEqApSlIUACVJQlKgAAAAAAAAAAAAAAAAAAAAAAAAAAAAAAAAAAAAUAAAAAAAFAAAAAAAAAAAAAAAAAAAAAAAAAAAAAAAAAAAAAAAAAAAAAAAAAAAAAAAAAAAAAAAABCv+Di6zoE8PN4f5E8ndE+aBPYJ1/n+1Hr4f6+vk+4yrGFeU5aPxDl5+rPO30f35v0yn37Mr/Pb4v//LxTogicXMiDPPIB/4AMHZ7fnQjDtgX8QtF0s2bJ2CvjEyR6s1KxzSF9Leg/WUiUoMsmmJwERKDxoRPcE55jTICS2QHkAwCQJISmCiCUMEESCVG/EoWkXn6KAkJB3GAN0SK6K5tK39gKMWG9dSELDzIap7dFNlYmUulLjQ0eittpIokCFVexOzSAHGCP7hxicZCyYe2JEoiDXCSjh8onCOOAkJAnnkJPTgAkJs+l068Eto3NsSVnYiWhDVt6a0NB0ZBMgrXSvygfGJe4NCy1CQerYjBb3s9tzsdQmu9rtKqPk71WYSqnFdMESMG5lUODgs6cWHpqqz3bdGODi0U74lIm9hvz3TDXsT6xKkMUwspz6J3BI7Wb4tqi58OK+5Po2yve2skNk8KJ3AM29dp/j5xNUCXinEJcx5PXvW78OCAuQNW1d6jjEjVuCboJhx7ImMTXeE0FXFwiR9PuEuCe0SBP8E0gmQEtxe/EXezB0gBWJh9nd5JkxMFArsZQTIJITKpMExTBPtlSJSJWpBVV7Xd3MwnvgSgsE1n+ie624XRILWkEuCT8AAVCZASBMYnfEgTHcIPqxib4JwiHJEfZ3w4mHNzfgiCK/AA==
A13: 20010 | B13: B1-CP-13701-C4010 | C13: 1- C5XFE-R /ST/ | D13: 5 x 2 x 1.0 mm² | E13: 30 | F13: B1-TCS-1301B-XD42 | G13: TCS I/O and marshaling cabinet | H13: B1 | I13: 007 | J13: 007 | K13: B1-CP-13701-XS4 | L13: BOX OF GEN.AVR, SYNCHR.AND MEAS. | M13: B1 | O13: DSPW/SUPP.FI | P13: -C4010 | Q13: 1- C5XFE-R /ST/ 5 x 2 x 1.0 | R13: LOCAL Base Objects|Cable|A30|Z20|0505 | V13: -XS4 | X13: -XD42 | Z13: 2024-06-12 / Harasta, T. | AB13: @@UU@@C@@AA9KAApbSQpTGMY5zHQcxzmOc50HShCEoSlCEpQhKEpAhIEoOdSEqAACVJABKlKUpQFASBSgKUACgIUlSlIAkCgIUpKlISpSlKApSlIUACVJQlKgAAAAAAAAAAAAAAAAAAAAAAAAAAAAAAAAAAAAUAAAAAAAFAAAAAAAAAAAAAAAAAAAAAAAAAAAAAAAAAAAAAAAAAAAAAAAAAAAAAAAAAAAAAAAABCw+PV0noE8nl8n8iebhE9uBPSJ0/V+1H66f6974fjMqxiXkOSj5g5OXo0Tv+f++b68p8nVlh5YP/+f6OSiDDRFmRBnokA/8AFu32fuQjFsgW2i0YC91b07wr9gmSOfPSseWSB+DrQfbKRKUEZYKYnAREoJbInLPliEhhgpmBJb0HmAtEgSRTBRBKGCCJKSo34lCw0i8vompISDtsAdYSK6K5tK5gnjxYLEhCs5kJbE6Kq6xODKZCtuQ3PPecBOlR54rvZ5394AOMEf3DjE4yFkw9oSJREGmElGrmE1DkgJCQJ98hJ71oEhNf8Xe02y2Tb2hJXteJbqHc3qkOwbdwlwrVSvfA7omDvbm4s+ASDnzRis8GizBr9AnFrcXesK6eHwV6BKqbtYxRIxdbOobEadH56MPFxWYL+7dBq3ae2JSJu5tE7TZr159IlSGOYUXZ7LBN3Nv7Fnax4XJ7m0de7eK4LUTgApz9jJg/jwiVdyQlLTjEsuoyfp17/BDbAVQNVnQcYkd3ZE2gS3HoExiacAm4Ve1qEjxesSwT1CQJ/gnZBMgJfx+zGYNuD8gArExenh+CZMS2gVzZQTIJITKpMExzBPilSJSJWpBVV6nh2s4nsgSgvCcR/onrv2GASC+0glgk/dACoTICQJcJ4RIEusIPHcJvgmkQ8UR7+kTN9PyogivUA=
A14: 20011 | B14: B1-CP-13701-C4011 | C14: 1- C5XFE-R /ST/ | D14: 5 x 2 x 1.0 mm² | E14: 30 | F14: B1-TCS-1301B-XD42 | G14: TCS I/O and marshaling cabinet | H14: B1 | I14: 003 | J14: 003 | K14: B1-CP-13701-XS4 | L14: BOX OF GEN.AVR, SYNCHR.AND MEAS. | M14: B1 | O14: DSPW/SUPP.FI | P14: -C4011 | Q14: 1- C5XFE-R /ST/ 5 x 2 x 1.0 | R14: LOCAL Base Objects|Cable|A30|Z20|0505 | V14: -XS4 | X14: -XD42 | Z14: 2024-06-12 / Harasta, T. | AB14: @@UU@@C@@AA9KAApcSQpTGMcxzHQc5znMc6EIQlB0IShCEIOhKEKUhSkoOhSEKABKQKABSkgSpQFASBSgJAACgIUlSlIAkCgIUpKlISoCVKApSlIUACVJQlKgAAAAAAAAAAAAAAAAAAAAAAAAAAAAAAAAAAAAUAAAAAAAFAAAAAAAAAAAAAAAAAAAAAAAAAAAAAAAAAAAAAAAAAAAAAAAAAAAAAAAAAAAAAAAABCv/Hydh6BPH5fH/Inm4hPhgT1Cdn2ftR+uj+vD8vzmRYwrznPR5A5+jr1Z3fP/fT9uQ+jWlf6PIf/H1c8oL8ostQZ6sgH/gAwbO7+CEYdcC/iFovFetXOsV+4S2OrTpWPLIX8nSg++UiUoIaMkpwEROCWuJ0TDoggCKZgSWuDzAYBIEkUwUQSskyIImsqd+JQtQvR6KBZCQd1gDYEita6a6GpcoTvYa7EhC4dKEu3Oi5UJctMZU8GNDb891vE6gW5XlnX1ZwA5QR/cOUTlIWTDvCRKIg0Qko5OkTkG2AkJAn4yEnnwgSE1Pzc+jBLMbOYSVermlPcQ4c9xDaM1olorVSveA9wS9722suASDqyxvYbObWsvavWJx3+O6VUe7zVaglVOO8YIkYNjKod/i3O97+7o4539KyrHBc3aeASkTct1J9w7dzSn2CVIYZhRrb1lgm76eHNZv4r7br5jax1b5giATYWUU6e1Z/HgEp4ZCadOIS9jtp9Pcu92HBAUkDVKzrOYSOHXEzAmDFqiYhOTSE2yrl+ASPi9glgnrEgT/BN0EtBLuL24i9swfoAFwTD6uLxTJiYKBXLkBLRJCZFJgmKYJ80qRKRLikFVXreLNpie2BKCsTjP9E9l2wvCQXWkEsEn4QAqEtBIExieASBMdhB8mMTOCaBDvxHikGhhy/X9KIIr2g==
... A16: 20013 | B16: B1-CP-13701-I6002 | C16: 1- C5XFE-R /ST/ | D16: 2 x 2 x 1.0 mm² | E16: 30 | F16: B1-TCS-1301B-XA10 | G16: TCS I/O and marshaling cabinet | H16: B1 | I16: 002 | J16: 002 | K16: B1-CP-13701-XP1 | L16: BOX OF GEN.AVR, SYNCHR.AND MEAS. | M16: B1 | O16: DSPW/SUPP.FI | P16: -I6002 | Q16: 1- C5XFE-R /ST/ 2 x 2 x 1.0 | R16: LOCAL Base Objects|Cable|A30|Z20|0502 | V16: -XP1 | X16: -XA10 | Z16: 2024-06-12 / Harasta, T. | AB16: @@UU@@C@@AA9KAApeUQpTGMc5zHOc5zHMhB0nUo50IQlCEIUcCUgUhSEHOdSlKAACkpABKlKUBQFASoCgJUACgIUpSVIAgCQJUBKQIQoCVKApSlIUACVJQlKgAAAAAAAAAAAAAAAAAAAAAAAAAAAAAAAAAAAAUAAAAAAAFAAAAAAAAAAAAAAAAAAAAAAAAAAAAAAAAAAAAAAAAAAAAAAAAAAAAAAAAAAAAAAAABCw+DZ2HUJ4fw8P8idHGJ8cCekTs/H9qP11/18x9RasYl5jmo8Qc3P19qd7zf35fHafXmlh57fF//2/dzU45FEsG2gzpkA/8AGPd4fzQizQBhyC0Xy77l2d0V/ITajp7VKxlkL53BB5JSJSghojanLGQwspUQSzic81okBIAuwdAGISBJFMFEEoYIIkEqOKJQtIvj6qEkJB0MAaBIuXJFMpNK4NsJrXTZTOtIQpIxynQJTYdBlQqaLEN7zTMDfKKlGiLt7ane4AA2Aj+4bBNhCyYd8SJREHLCSjV5BNQ2wEhIE8shJ8OJdUTE1+d93VjluG9uCSu5uqU+7pqQ3SrIJkFaqV5QOASv3+2su4JB02xivZst6vb6xOWeDl01lPT8VXIhmEqqtwlkSLNGVQ5KpbhTx8nJnrub+SDVwU6RKROC3NPtme5bPsEqQsmFHt8VdYnD6NOivTZhbe9unDkqwoncAzlMGXfr/j5BKuKQmWmwS/kt9G9e7sOKArgaq+s+ESPeziaATFZmEsE13xN8q+DYJHf9YlYnqEgT/BOEEtBL1nssL+7B+gAXBMfp4/omTExUCu3tAlokhNpSYJZME+mVIlIlxSCqr1PHoyieyBKC6JqP9E9d6sviQXmkErEn8oAVCWgkCZBO8JAmSsg8GQTSCaxDvxHz6w2MOX7/sRBFfa
A17: 20014 | B17: B1-LS-13101-C4001 | C17: Cu | D17: 2 x 2 x 0,75 mm² | E17: 20 | F17: B1-JBAY-1341-X01 | G17: JB HPH FI | H17: B1 | I17: 002 | J17: 002 | K17: B1-LS-13101-B01 | L17: LEVEL 1.2 IN CONTROL OIL TANK | O17: DSPW/SKID | P17: -C4001 | Q17: Cu 2 x 2 x 0,75 | R17: LOCAL Base Objects|Cable|A30|Z20|0522 | U17: B1-LS-13101-B01 | V17: -B01 | X17: -X01 | Z17: 2024-06-12 / Panek, P. | AB17: @@UU@@C@@ABAmAAshSQpjmMY5jHOY5jmOc50HSA6UoShKVIQdQFKSlCEHOBCAJUlSlKApCgAAoClKAAAEJUpSQKUoCUJSBKVJUpIEpSoCgKAoCkJUACFJQlKgAAAAAAAAAAAAAAAAAAAAAAAAAAAAAAAAAAAAUAAAAAAAFAAAAAAAAAAAAAAAAAAAAAAAAAAAAAAAAAAAAAAAAAAAAAAAAAAAAAAAAAAAAAAAABCs5Pi6e/H3eoTl+z5f6Ep3wToEl0zcHPSfS8i9/yR4Yfr8U0/KHg9f4S2sH6f3XtZDxc0rMfL9v/y+/wSxSIkZUGNEgH/gEr8vmQyxixAYaBa28K+FTzzL+Nm5ML+ugCCqDySQkSlBnJPNF+9JC8sMovQSxiSL8KwBAsQeMAxQJCEiiC9BJCGCCKpmaIvxOYJSWkWlDm9E4SEg4AgA2xIAx1VUQXmgd0LLa0cQlE8S/NCy9Nnno1XxLspBO6PH2N25wE1AIU11TYsfcATYCP8BsE1kLJhxiQSg55SIgNflE2DkgJCQJ5pCTb1oEhN9tMPa8+nj9KE01/avze8hK/u7dVolorhTXwgcUhMXBaksAkHoyd23BljNgnq1nrE19uvVRdXnEw5J7soEXtXe6tM56buHH3qM+Ht681nZqsKZIV1R6tNOy/ZqEziXWy0kqNvpE0kg6xl4c+dDessE05498DJ1abt7VuITaCbrZbATAs8aiaDTi/n5hMqHwSE6+b98gmDNZPhq7sPYhcgEOjnOMTuCZQTaEsEoE7RxbBPn9omgT2CQJ/gm4CYgTRb7rTbs/YBKROjGdAlm+K5AS4T5BMqkwJIE+q6cScSlSCj2fDpzie6BLxSJqP9E9tRWJBfLwJUJ9ACWiZASBLhOISBLqyDkuE2AnCI/HEccg32HN+XKoIAHUA==
A18: 20015 | B18: B1-LS-13101-C4002 | C18: Cu | D18: 2 x 2 x 0,75 mm² | E18: 20 | F18: B1-JBAY-1341-X01 | G18: JB HPH FI | H18: B1 | I18: 002 | J18: 002 | K18: B1-LS-13101-B01 | L18: LEVEL 1.2 IN CONTROL OIL TANK | O18: DSPW/SKID | P18: -C4002 | Q18: Cu 2 x 2 x 0,75 | R18: LOCAL Base Objects|Cable|A30|Z20|0522 | U18: B1-LS-13101-B01 | V18: -B01 | X18: -X01 | Z18: 2024-06-12 / Panek, P. | AB18: @@UU@@C@@ABAmAAseUQpjGMY5znMY5znMc5znOhCEIQlSUHShIAAUpCUHQhKQKSlQFKAlAAKApSlKAAAEIApSQJAoCEJSBKVJUpIEpSoCgKAoCkJUACFJQlKgAAAAAAAAAAAAAAAAAAAAAAAAAAAAAAAAAAAAUAAAAAAAFAAAAAAAAAAAAAAAAAAAAAAAAAAAAAAAAAAAAAAAAAAAAAAAAAAAAAAAAAAAAAAAABCs5O/180fh7BOX7/o/oSrgBOoSXXN3Omo+t5F5vNHPD93kmo5Q8Xtjx57/6f3ez2nk6JWYrdv/+b8fFRhkROZUGJ5AP/AJe8/oQyRgwAV0i3mcV51PTMvjs7Ewv66AILsHmkhIlKCHniVUkOghhZpTwSxCXJlYAgAiDygGCBIQkUwTwSQhggi7MFyegvyktQtSHR6qAkJBshABuCRiu3ZimRJpHUElsw3kcAk5+aFk2aejfnqEyFpS39Hl3dWNsJqgQuV3psHygJxAj/AcQmshZMOESCUHTKREBr84nEOOAkJAnokJN2sAEhOB269PZ9O13vWhNNd0S3kKtVWETCK3k18IHHISvuY8Cb09YkHqyfNVisyRmspvVaz2ia5tN+m29nEryb9NuYCKN/wZ7lB67ePL4Kc9em5bPTlvlUkJp49mx2OG5XqEzCY+KW2Spx9Ym0SC00beVDcrrE2MsdoDHoqr3tW6hkzk2zTYCX1oiWoNjB/P0iZEO3ITay/vctEv5bKaLvfh3IDvQ5AIdPSd0TfEygmgTAJSJ2Tj1ieH3iaRPcJAn+CfGCYATTh+GE3bP2ASoTqxHUJZwCtoJjE+cTIpMCSBPtx0CUCVKQU+75NnMJ8IEnKhO2f6J77peEguE4JdE5AEwiWgkCYxO6JAmO8QeHGJxgmsR+yI+rjDhYc35cqggAfE
A19: 20016 | B19: B1-LS-13102B-C4001 | C19: Cu | D19: 2 x 2 x 0,75 mm² | E19: 20 | F19: B1-JBAY-1341-X01 | G19: JB HPH FI | H19: B1 | I19: 001 | J19: 001 | K19: B1-LS-13102B-B01 | L19: LEVEL 2 IN CONTROL OIL TANK | O19: DSPW/SKID | P19: -C4001 | Q19: Cu 2 x 2 x 0,75 | R19: LOCAL Base Objects|Cable|A30|Z20|0522 | U19: B1-LS-13102B-B01 | V19: -B01 | X19: -X01 | Z19: 2024-06-12 / Panek, P. | AB19: @@UU@@C@@ABA0AAsiSQpjGMY5zIOYxzmMg5zoOlCEpOBAEHSlIFAUlB0nQpSAKSlQFKSpKgAAkClKAAAEJAkCQJAoCUJSBKVJUpIEpUgAAKAoCkJUACFJQlKgAAAAAAAAAAAAAAAAAAAAAAAAAAAAAAAAAAAAUAAAAAAAFAAAAAAAAAAAAAAAAAAAAAAAAAAAAAAAAAAAAAAAAAAAAAAAAAAAAAAAAAAAAAAAABCs8Hd6fFHj/cTk/L7P6Eq4QToEl0za+eo8L4F8XpjzQ/j55qOQPJ748ufa/X+68955+WVmTk8f/yl5JWSIlXegyzyAf+ASv1etC+LbQLKRaycV8ynsmXy2aZhf2zgQYYPTJCRKUHKSeWJsEkJ1hmieCWQSQLgQhiD0AFsCQhIpgngkhDBBGGZmiMFBKFpFpQ5fbQEhINYQBoEgDGYKIJgogCE1Bitwo2CUn6IYps09HZqEvKbil3PRp1XOImpBCrarms7YCcQI/wHEJsIWTDjEglBzykRAbPUJxDdASEgT1yEm7FoEhOF3sW/7N7Lx+5CefDRKAOBCrVVaJaK1ps7gH0SExa6MSTViQe3J9VtXD2JZsVNew94mDt16Kbq8wmK+mm7bAiifs96/BSe66rmzU/XGezaydcnoy2FUkMFEc1WnuYMPAJmEu4pbvViJqr+kS8kG3vZUM+LEJoyxqA136MFPBq0obe4Tb19oJYtES1Bu5P574mVDtSE612/eJtZd22myvvQ9eF2wIdHOcQnzCZQTcEtEpE3zZrE+74iaBPgJAn+Cb4JaCaMfyxmmzmASoToyHQJZwit4JcJ3RNtSYEkCfhdQJQJUpBT8Pn3cwnygScqE7R/onxwlYkGAnBMInfATGJeCQJcJxiQJdWQfbcJ9IJsA4wIE8MR98g1sOb8+QRQAOoA=
A20: 20017 | B20: B1-LS-13102C-C4001 | C20: Cu | D20: 2 x 2 x 0,75 mm² | E20: 20 | F20: B1-JBAY-1341-X01 | G20: JB HPH FI | H20: B1 | I20: 001 | J20: 001 | K20: B1-LS-13102C-B01 | L20: LEVEL 3 IN CONTROL OIL TANK | O20: DSPW/SKID | P20: -C4001 | Q20: Cu 2 x 2 x 0,75 | R20: LOCAL Base Objects|Cable|A30|Z20|0522 | U20: B1-LS-13102C-B01 | V20: -B01 | X20: -X01 | Z20: 2024-06-12 / Panek, P. | AB20: @@UU@@C@@ABA0AAsjSQpjmMYxzHOYxznOcyEHQlB1IQhSEKQhCFAAhCEHQlSgAUgCgJUlSQAAkClKAAAEIApSQKAkCkIUpSAJUpIEpSoCgKAoCkJUACFJQlKgAAAAAAAAAAAAAAAAAAAAAAAAAAAAAAAAAAAAUAAAAAAAFAAAAAAAAAAAAAAAAAAAAAAAAAAAAAAAAAAAAAAAAAAAAAAAAAAAAAAAAAAAAAAAABCs+n5u46Pt9YnP9nh/oSjiBO0SXdNx9njPI+Nej84/CH6+qafnDy+yPvz4P0/uvPlOrplZj6Mn/y+7yytkRLpuQZZ5AP/AJg6/OhdGLEBZQLWXhXpU9Ey+azamF/XWAgvwdckJEpQdRJ4ImqkheWGaL0EsYkgWpCGIPyALYEhCRRBegkhDBBF+ZmiKpyULQLQh1emcJCQcgQBtCQBiqngmZ4QhN4J8Nt9GwSnfjQhZe1b1G1UJmMpO61X47W7mcJNSCFWCuazhATlBH+A5RNJCyYcYkEoOyUiIDT1ico5ICQkCeeQk29aBITjfgw7fo0fL6kJpqtWUbqFO5TaJaK0AVpy6QPkkJh5KElWJB6cfBbglGauarSbvsE5OGujHXcJhyT48oEXrea2mc9WPg39HNTqWWTYMee60p2JkK5Vy9eHZn479m4JqiZtMtBVNTrmx3CXEg19jUQv4cIme6PiAyZ6bdvc0IZtUm18toJhWeJbgd/F/PhEuQ3pCaLtTk/ea4SzPiptwc0OzC3AQ19h4BPjEuBM4lglAm2cvIJ4vcJrCe0SBP8E+EEtBM+L34jZs/YBKRO3GdolnEK5QTIJzCZlJgSQJ9WScScSlSCj28OvqCe+BLxSJvn+ie6+ViQVF4EvieIBMQmUEgTIJpEgTJWQfRkE8AJpAzAQJ5Ij55BxMOp5ucRQAO8A=
A21: 20018 | B21: B1-LSH-13001-401 | C21: MEGAFLEX500 | D21: 2 x 2 x 0,75 mm² | E21: 20 | F21: B1JBA-1301-X05 | G21: Generator JB | H21: B1 | I21: 001 | J21: 001 | K21: B1-LSH-13001-B01 | L21: LVL.WATER LEAKAGE GEN COOLER - TE | O21: DSPW/SKID | P21: -401 | Q21: MEGAFLEX500 2 x 2 x 0,75 | R21: LOCAL Base Objects|Cable|A30|Z20|0522 | U21: B1-LSH-13001-B01 | V21: -B01 | X21: -X05 | Z21: 2024-06-12 / Panek, P. | AB21: @@UU@@C@@ABAgAAsRUQpjGOcxzHMc5jGOdB0HSlCjoSpSEIOlSUqSlCEHUhAEgUhQAKUhCgAAoCgAUoCVAUBIEpUpSUoABSkJUpSFJSgAAAUBQFISkCkqOlSgAAAAAAAAAAAAAAAAAAAAAAAAAAAAAAAAAAAAUAAAAAAAFAAAAAAAAAAAAAAAAAAAAAAAAAAAAAAAAAAAAAAAAAAAAAAAAAAAAAAAAAAAAAAAABCxc3x+PWeL0ifX66P5E74J/QnJrm4OvmPoeZfN+XiSbFPLwhb6v08mbDR66vJcTylhxfVT/8vs+2U8iJFqDGWQD/wCYNno50PL+dlgGOkWvoigV8qnTMt3jusnF/XOBBhgskhIlKD75MRK/ICYCAmiUEtAn4E86DJYGmDnALIEhCRRBPBJDbkyIImZRDORC0C6fROEhIO+wAdoSALb9EExREDvOC2ALIqRvFKE2eafnvCe7lMhefNnutcNcT3gKYBacM3nn2O8AmoEf3DUJwkLJh3BIJQR1yZQ6vxE+JcsMhIE6JCTdvZsAmE6Q4e5j0dPw+lDuTT4OzKv4L9glgrUm1qAgSrgwpLAJB+3ot7tWOiRN7+avUYvUJlx6rLyF2Pfw5hLL94DBN3sVBXdXPiz8mGbN1V244wYqe7OhNt5+SRFW/RuiYRLurRduWz00axNok8dujYQlXiElvZWNIGOJ81d29pyZjsoTbuWwErAj3trTKD+PlE2UPBIS3FaJVk5NzsYJoduFyAQ9jrOITSJoBM4lYnLfE3Di1CcvtEziaxIE/sTdBLATPwVXf5cdqfqASkT2XHsEx8IrlBMgnyCbCkwJIE+nJQJQJfUgvGvg0bIm1Ak5bSJ2z/RKqvbBISDATglQnKAlomUEhTIJviQJkqIPmyCcYJxCPgiPnkHGw7H3eEAQAPc
A22: 20019 | B22: B1-LSH-13002-401 | C22: MEGAFLEX500 | D22: 2 x 2 x 0,75 mm² | E22: 20 | F22: B1JBA-1301-X05 | G22: Generator JB | H22: B1 | I22: 001 | J22: 001 | K22: B1-LSH-13002-B01 | L22: LVL.WATER LEAKAGE GEN COOLER - TE | O22: DSPW/SKID | P22: -401 | Q22: MEGAFLEX500 2 x 2 x 0,75 | R22: LOCAL Base Objects|Cable|A30|Z20|0522 | U22: B1-LSH-13002-B01 | V22: -B01 | X22: -X05 | Z22: 2024-06-12 / Panek, P. | AB22: @@UU@@C@@ABAgAAsSUQhjGOdBzGOc5jnOc50HQlCTpQBAEIQpSVKQlCEHUhKlAShSgKUhAAAAoCgAUoCQJABIEpUpSUoABSkJUpSFJSgAAAUBQFISkCkqQlSgAAAAAAAAAAAAAAAAAAAAAAAAAAAAAAAAAAAAUAAAAAAAFAAAAAAAAAAAAAAAAAAAAAAAAAAAAAAAAAAAAAAAAAAAAAAAAAAAAAAAAAAAAAAAABCwc3g8nYeP1Cfb7Kv5E7wJ/QnJ2UcPXzH1PMvn/LxpRgpnwhi9f6eXPZV7K/LjKZmzB9ni/+fFRNkkTlxoMzID/wCXtfo50PN+dtoGHWFv9EVCvmU6aFx+THbSL+ugCCyC2UJJmCH74m7KFEMAUTME6RPwKaQCVhXWg5wC2BIQkqgpgnBAEsEEUMxBSRC1C73ppCRIO8wB3BIAxXZqkkqiB3WQMVaFsVo06IvIU6KKue6Js5jKXHz5sTWTSBcgFsu10+jeua++AmoEf3DUJxELLDnEgmCOuWYdX4ifGuaGRIE6JEo9/btAoE6Q4u7h7nT8XqQnRTes7VE/BdtEtFa02dQFkiWcN9JrEg/b04vhstqkoozWai/6xMuDVhuIY6+CzOJhu3AL1G/gqL+K/s73a5L+DYz6L2LJbbeoQnT3YPB1RZv3NwSwS/1bWm2i7T2CaSXv7WVDDZfEz5GNkDDnu7m7jzG2hRVuY8AJYBG3VsTm3X+PoEzofLImt27cgl/LyaL0w6YXKBDo6zjE3hO2CbAlgnLdE2zj1CcvuE0CdgkCf2JugloJr8VeP/MZtU9QCawntxntEw8ArlBMgnzCZlKASQT68lQlQl1SC4dm9p1xNmBKTFrCbx/oldfugkSC8UglYnKAmITKCQpkE4BIEyVkH05BOME4wOECBPkiPnkO+w5/u8IAgAe8
A23: 20020 | B23: B1-LSH-13003-401 | C23: MEGAFLEX500 | D23: 2 x 2 x 0,75 mm² | E23: 20 | F23: B1JBA-1301-X05 | G23: Generator JB | H23: B1 | I23: 001 | J23: 001 | K23: B1-LSH-13003-B01 | L23: LVL.WATER LEAKAGE GEN COOLER - EE | O23: DSPW/SKID | P23: -401 | Q23: MEGAFLEX500 2 x 2 x 0,75 | R23: LOCAL Base Objects|Cable|A30|Z20|0522 | U23: B1-LSH-13003-B01 | V23: -B01 | X23: -X05 | Z23: 2024-06-12 / Panek, P. | AB23: @@UU@@C@@ABAgAAsQUQpjGMcyDHOc5jmMc5zoOdCjoUpCUoQpSQKQpKEnQhKVJUpIAASpCgAAoAFAUoCkAUBIFIApSUoABSkKUpSFJSBAAAUBQFISkCkqOlSgAAAAAAAAAAAAAAAAAAAAAAAAAAAAAAAAAAAAUAAAAAAAFAAAAAAAAAAAAAAAAAAAAAAAAAAAAAAAAAAAAAAAAAAAAAAAAAAAAAAAAAAAAAAAABCw8vx/bsPJ6BPB9Xqp/kTugn9CbJcXZynzvKvm/HyJNgnl9YWen9OfNfo9VfPaTylfw/TL/5c32SvyIlzWoMssgH/gE2tvp6EPL+ePGBZULg6YoFfKp1TLdz2lk4v66AIL8FkkJEpQQ5YlCF6GaaAJRBLUJ95POrJYAKoOgAsgSEJFEE8EkIYIIkyiCYiFnF7nnnCQkfCwBuiQBZeoiaIKIgd9lZWhiitGcSpCbPNP0UiblxaUvmz2NZKcCmANMAl6uf8p83CAmsEf3DWJ3iFkw7wkEoI7JModf4Cca5IZCQJ0yEm97esAmE6g4u5i1dWn0ISmq5NPBPh9+rGJjFb6e3rAgTBxYEltCQft57cldOKmY+D4s+GnjMXpEy3+PHShdVnv5xLL1IG1Nw4aDBbgqwafk3J+uvVPRitow1TIS23r2+GNdHbErEt693c3bJ6qNgmok5PBoyoV4MIlORjgAxZvc3+C7MbyE3buwgl8De0xwP8eMTMh4ZCadWLRcJhy+Kc0VzQ7sLkAh0dhyCb4moE0CYBOW8J2jk1icvsE0CbBIE/sTfBLATb71dv+Wnuz9YCVCeu09YmLiFcgJcJ4hMqkwJIE+i6gSgS8pBSbO1qzibkCTmOoTgP9Err9kEhINonBKxPlATGJkBIUuE7okCXVkHjuE74JyAfMBAnhiJSDvsOX7uYAQAPa
A24: 20021 | B24: B1-LSH-13004-401 | C24: MEGAFLEX500 | D24: 2 x 2 x 0,75 mm² | E24: 20 | F24: B1JBA-1301-X05 | G24: Generator JB | H24: B1 | I24: 001 | J24: 001 | K24: B1-LSH-13004-B01 | L24: LVL.WATER LEAKAGE GEN COOLER - EE | O24: DSPW/SKID | P24: -401 | Q24: MEGAFLEX500 2 x 2 x 0,75 | R24: LOCAL Base Objects|Cable|A30|Z20|0522 | U24: B1-LSH-13004-B01 | V24: -B01 | X24: -X05 | Z24: 2024-06-12 / Panek, P. | AB24: @@UU@@C@@ABAgAAsRUQpTHMc5zHOc5jGMdCEHOlCEoUhAFIShKkAUlCEoQcCEASBAFAUA6gKAoAFAUoCkqUBIFIApSVIUACUqSpSUJUBAAAUBQFISkCkqQlSgAAAAAAAAAAAAAAAAAAAAAAAAAAAAAAAAAAAAUAAAAAAAFAAAAAAAAAAAAAAAAAAAAAAAAAAAAAAAAAAAAAAAAAAAAAAAAAAAAAAAAAAAAAAAABCyavF93aeT9hOX6vZT/InCCf0J2y4uzUfO6l/HzeRJ46JfWFfr/To18V72VdFpRKWLJ9J/8eP7ZYpES+y1BlrSAf+ASrP5+lDy+iywCvALj88XhXyqema3dFtdAv66AIMUFckJEpQQ/hEoQvwyiYkEtsTYKKFZLABgg6QCuBIQkXoKIJemAJMEETZYZSLxELSLweqgJCRo4WQHviQBbgpgm3oge824rYQxI0uBCeidEAflSJ3bDMXnp0VtRKgCmAWnDP0Ua/gATkBH9w5BOMhZMPwCQSgjskyh5PMJpW6GQkCfnISff3KwJidQeHgy7XV8XwoSng0aZ4+/frErFak2eMCBMXBjSWESDq9Vl1VOWmZwXa2TjMvrE1sXH1230M1fFjziWX6QKp3+HwV3zLmyRcc+Pbs4qtNlE8d+aEtD12T594TCJZPr29nw5aMN7tE2iTzbu1mQlkyib+ZjOBl19He37s5uIT3rsgJiA3O5G+fx8gktdDxTE28mzaJjzc+xnqnDtwGzDrAQ9yfYcom0JUCaBMYmrAJunLpE1e4TQJ2iQJ/Ym8CVgmfiqt/y03aOsBMAnttPaJl4hXMCXCfGJrKTBJAn0XXhLwl9SCk7e73dgTZgSgswCb5/olVXugkJBhKASoT5QEsEzAkKXCcIkCXVEGq4TSCaQOYCBOaI+aQcrDr/f4wBAA94
A25: 20022 | B25: B1-LSH-13236-I6001 | C25: 1- C5XFE-R /ST/ | D25: 2 x 2 x 1.0 mm² | E25: 100 | F25: B1JBA-1309-TB2 | G25: Junction box IOS | H25: B1 | I25: 001 | J25: 001 | K25: B1-LSH-13236-B01 | L25: LVL.COLLECTING OIL SUMP | O25: DSPW/SKID | P25: -I6001 | Q25: 1- C5XFE-R /ST/ 2 x 2 x 1.0 | R25: LOCAL Base Objects|Cable|A30|Z20|0502 | U25: B1-LSH-13236-B01 | V25: -B01 | X25: -TB2 | Z25: 2024-06-12 / Panek, P. | AB25: @@UU@@C@@ABA4AAsoUQpTHMY5zHOY5znOc51IQg6EqOhJ0qQhKUIQpB0IAhClASpQFIUpIAKAoAAAApAFAUpKlKQBSkJSBSkAUlCQJQAAAKAoCkJUACFJQlKgAAAAAAAAAAAAAAAAAAAAAAAAAAAAAAAAAAAAUAAAAAAAFAAAAAAAAAAAAAAAAAAAAAAAAAAAAAAAAAAAAAAAAAAAAAAAAAAAAAAAAAAAAAAAABCs8nH3HWJH9Cc26J98Cdondanv9nKfU3l+1/OH9/NOjmDy+uPx6PRd/uvnxF79pWYPsxf/L7vLKLIiJ5EGimQD/wCdPR50L9+wCu+LdNEWhX9FPT+FCxTJX0e+BBOCySEiUoKyTzxOEJrjkziiCWwJJVtweYAsgSEKZkQUQSQhggiTKInpiULaFjn00BISOroZAaBIAt1WVSouoQVR3pDc0Jiw4L6MIXkLlUTxSnapElSdF6OlCp8FAHfwt0lbpBC355zKpb4CcII/wHEJwELJh0iQSg7JSYh4f1E4kxQkhIE6ZCT3O/hAmJ1N7Y8WdDqnTHpubtPJYJYK1jo2wIEu6s4y8QkFmG3fj1Y69R6xNvVXQh8SFWUSvDvYcOMCumdMHju4d7FK5v5uDe4N6/Ky3fmhPr+DxmaU8F+nbEzCZOuWeVqrR3CbJnmmbayod6ywTi2skeEDX1/B8M8usbKFGbHYiVgVbn8/OJpTKhuTEy8nhwYxLMma5uw6IDPDlAh1pdhyCbomyCbAl4SoSzScfEJHL7RNcT2CQJ/gm0CYASvB7sBtXvUAlQnbGE7RLNQrjBMQnzCZFJgkgT68VoS0JUpDTP2cGfMJ7oEobYnGX/9E9t0vCQXCgErE8gCYRMYJAk8YnyiQJ9GS6QR9OQTUCfGBwgQJyxHLIPkYdb8uYFQAPeA=
A26: 20023 | B26: B1-MS-13701-C4001 | C26: 1- C5XFE-R /ST/ | D26: 2 x 2 x 1.0 mm² | E26: 30 | F26: B1-TCS-1301C-XD33 | G26: TPS I/O and marshaling cabinet | H26: B1 | I26: 001 | J26: 001 | K26: B1-MS-13701-X95 | L26: BOX OF DC STARTER | M26: B1 | O26: DSPW/SUPP.FI | P26: -C4001 | Q26: 1- C5XFE-R /ST/ 2 x 2 x 1.0 | R26: LOCAL Base Objects|Cable|A30|Z20|0502 | V26: -X95 | X26: -XD33 | Z26: 2024-06-12 / Panek, P. | AB26: @@UU@@C@@AA8sAApPUQhTGOc5jnOc5znOc6EHQpSEHSoCDpQhCkqQlCUJShKAKApIEpABSkgUBQEqAoCgASpQAJSpQEpQlIEqUpClIQlQFKApSlIUACVJQlKgAAAAAAAAAAAAAAAAAAAAAAAAAAAAAAAAAAAAUAAAAAAAFAAAAAAAAAAAAAAAAAAAAAAAAAAAAAAAAAAAAAAAAAAAAAAAAAAAAAAAAAAAAAAAABCwfJxdJ9HOJ9v8iebfE+mBPUJ0/d+1X69n+u+eAyLH2Pgh8U+avwh4uTRPRd5f7+/yZidE3+Tw/X/85fHOCSZ05kGmiQH/gA07amH3gL2IWw/GKxXyiZI5vHWsZpF/Jsg9EyTMHkJa4pFFyy0iqCdkSTkgapAlW5B5wMIkCSVwVQT1ZZIIozEFe7EwtoXy89QSJB5wgDbEgC3brigVj+euGOvLkwX0hCw0oTsUqrEuHKaxW9bmzoapphbxVaEK4Et2aKWXbdvcADjBH9w4xOMhZYdQkTEQcUJMdv8BO2OaAkSBOWRKb2QCROZ2r/u84kVkU2ttDftRuXNfAJgFbQ8IHXEwb3B740oJBvY8FmDLZd6/QJZxZbN34sWcSrHv+nCUJzibF3cKfH1rNiysT9O5m4cSFJLWoTKJ1NaumnRb006RMchkq2OoXromrscOTav7nVzUza6EaXVmw24BMIGLY0YNH8d0TSG9IlzVmEv5s+tc3Yb8CVdB2RI+DUJsgl7FoEwCcF0TUWuHsCR3vYJdE9YkCf4JqBMoJZj9uMvbUHpAC2Ji9XB81CgmGoVz5gTKJImZSgJjoCfPNYlYltSC1a9bwbOsJ7YEqLgm8f6J7LLpeEgsawS6JTvABaEygkCZBO4JAmS6Qd3IJ8IJ2hDvxHyyHaYc/j+oUQV9wA==
A27: 20024 | B27: B1-MS-13701-C4002 | C27: 1- C5XFE-R /ST/ | D27: 2 x 2 x 1.0 mm² | E27: 30 | F27: B1-TCS-1301C-XD33 | G27: TPS I/O and marshaling cabinet | H27: B1 | I27: 002 | J27: 002 | K27: B1-MS-13701-X95 | L27: BOX OF DC STARTER | M27: B1 | O27: DSPW/SUPP.FI | P27: -C4002 | Q27: 1- C5XFE-R /ST/ 2 x 2 x 1.0 | R27: LOCAL Base Objects|Cable|A30|Z20|0502 | V27: -X95 | X27: -XD33 | Z27: 2024-06-12 / Panek, P. | AB27: @@UU@@C@@AA8sAApLSQhjGMc5zHQc5jnOZCDnSlKEIUlR0IShAFKQhCUKQhAFJAoCUgApQFAUBQEqAoCgAUBAAJQpIFJQlSlJAhSkqQlQFKApSlIUACVJQlKgAAAAAAAAAAAAAAAAAAAAAAAAAAAAAAAAAAAAUAAAAAAAFAAAAAAAAAAAAAAAAAAAAAAAAAAAAAAAAAAAAAAAAAAAAAAAAAAAAAAAAAAAAAAAABCxfJx9Z9HSJ9n8iebeE+mBPUJ1+T9qf1+D+vlPEZVjlfFD4581X1h4+eNHVZ+P9+f7bidE6nPm5f/5buarHJTOzqoNFUgP/ABs6VMfbAw2i4DoioV8omWPz5qljySL+Tgg/CZJmCGmJjOZpZWiaYJ1xOegaZAlAvwfcBjEgSSqCmCduWSCKAmrciYWsXy9NISJB0feEgbQkX78lcyFQ+jQFC03ZcWokIVF3uIUdqmqsT3rxkM5W03IacTYTUC1389F7BtgByAj+4cgnIQssOkSJiIOKEmOPzicY5oCRIE6JEo3LQJE9D062xj7XSJF6uJp2NKFW8Xu7gpxiYxWoeEDfExbvBf7g00iQbuTFZiusw7/UJx5r+58NuUSnJkzxiKD06olXZNXet1t/RZgE/T4r/DkQooK9IlwmzoqottvW0dYmSQoz7JZgE08NvZ4cOjTmoza6Edt93NjvQCYwLdGfFn/jwCbL3YkS/3LhNS7Wz4NuHUgSnqOESNzaE2ATDboExCb9gmkr73AJHh9glgnrEgT/BNoEzAmDJ7chh2IPSAF4S31b/zUFAmOkV1bgTMJIlylAJkoBPnmoSoS8pBXX63g19YT2wJSXxN0/0T2YLDCJBgagSwSjwgBWJmBIEyid8SBMthB4MonvgnEId+I+PvBxMOtzfUKIK9g
A28: 20025 | B28: B1-MS-13701-C4003 | C28: 1- C5XFE-R /ST/ | D28: 5 x 2 x 1.0 mm² | E28: 30 | F28: B1-TCS-1301C-XD33 | G28: TPS I/O and marshaling cabinet | H28: B1 | I28: 001 | J28: 001 | K28: B1-MS-13701-X99 | L28: BOX OF DC STARTER | M28: B1 | O28: DSPW/SUPP.FI | P28: -C4003 | Q28: 1- C5XFE-R /ST/ 5 x 2 x 1.0 | R28: LOCAL Base Objects|Cable|A30|Z20|0505 | V28: -X99 | X28: -XD33 | Z28: 2024-06-12 / Panek, P. | AB28: @@UU@@C@@AA8sAApJSQpTGOc5jHOc5znMc5znOABzpQlJ0oShAFJUhCTpSdAEgUACUgABIEgUpQEqAoCgAUBKgJSlQFJQlQFJAlKkpQlQFKApSlIUACVJQlKgAAAAAAAAAAAAAAAAAAAAAAAAAAAAAAAAAAAAUAAAAAAAFAAAAAAAAAAAAAAAAAAAAAAAAAAAAAAAAAAAAAAAAAAAAAAAAAAAAAAAAAAAAAAAABCv9/d0H1cwnl/kTz/KJ9cCe4To+/9qP17X9eD6PCWLHifDD45een7Q8fLGnnr9X9+j8MpLTK9y+LJ//3ZPJTBgojeyoM9MgH/gA3usph1AXsQtR6YpFfMJZHs8tKxZIX82qD8pSJSghoiUY4fMTlJaJE9YnLMaJASQLkH4gYBIEkUwUQS68mRBEwlTwxKFtC8vNQEhIN4IA2CRbotzCkfXnCZRZivXUhClDpoS0zot5bYkHqMxafkyIbLjWSpBbVzPO3VvgByAj+4cgnIQsmHYJEoiDtwko3egTcNkBISBPTISfBhAkJ63Ve0+wSKdESo1dVDsFvfq5sAmAVpHaBxCX+Hj6gzmJBw4rt+u/Tkru8VznEnunZXwT7mKQlF7FP23yZLIJo+bJ2qcF/s6K6xP0r2mJCUqdglgmu9TPVnt459AmGQTzayuoTZtw6a9nVxzx6kI1O3eswXIBMAGHRnwZ/47onX6YSEzVdTMJfzZ7VW/DegSjnNokcGwTWCXcOgS+JxVibC12eMSO98BKxPeJAn+Cb4JYCVYvjiLuuD2gBbEw+7i+eZMTBQK5cgJYJITIpMExTBPplSJSJbUgtWve8erMJ8YEoLgnCf6J8Kqy6JBU0glYk+8AFoSwEgTGJ3BIEx1kHdxidgE3CHgiO+nbYcvk+wUQV6Q
A29: 20026 | B29: B1-MS-13701-I6001 | C29: 1- C5XFE-R /ST/ | D29: 2 x 2 x 1.0 mm² | E29: 30 | F29: B1-TCS-1301C-XD33 | G29: TPS I/O and marshaling cabinet | H29: B1 | I29: 001 | J29: 001 | K29: B1-MS-13701-X91 | L29: BOX OF DC STARTER | M29: B1 | O29: DSPW/SUPP.FI | P29: -I6001 | Q29: 1- C5XFE-R /ST/ 2 x 2 x 1.0 | R29: LOCAL Base Objects|Cable|A30|Z20|0502 | V29: -X91 | X29: -XD33 | Z29: 2024-06-12 / Panek, P. | AB29: @@UU@@C@@AA8sAApKSQpTGOc5zGOY5zmOc5zoUdSEIQpCEIQhSkAOlKUJUg4FAAlSkqApQFAUBQEqAoCgASBQAISlQEqQlIEpAlKkpQlQFKApSlIUACVJQlKgAAAAAAAAAAAAAAAAAAAAAAAAAAAAAAAAAAAAUAAAAAAAFAAAAAAAAAAAAAAAAAAAAAAAAAAAAAAAAAAAAAAAAAAAAAAAAAAAAAAAAAAAAAAAABCs+nl6j7egTwfyJ4tQn3QJ6xOr8f2o/Xtf19R3S1Y/B7sPNLxU94ObnjY6avP/fl8OUlsSwc/ex//KXflgkSltZEGeiQD/wAbW6pZpArwi3zzRSK/kJjj081Kx4JC/m34PJKRKUFZJpicTWC2JxRBL3xJHPA0SAkreg8YGESBJFMFEEt+TIgibKIKeGJQtwXw9FASEg8YQBuiQBdu0xMKR9GgKMmPBWkIXiMkp0CaMp5yPITQuPHlQ3rGslSC3b2id2rgADWCP7hrE1kLJh3RIlEQfHCSjl8onKOSAkJAnmkJPixASE9Ds4NPpEikie173GXOC90WCWCtI8gHwCWcXX3BnMSDhx2X7Ml+rV0icuS9w/Jiw6kM4lyLdVWGiKD1TziabddWXN8PY04K6xP07ddaESi5viZxNzTTPbz3dufUJjkE8WQqvib/Ji03auDftnbuIRsuzbhuwCYQMWjPyYdH8fMJvQJthft3cwmHNo2KuKGyBKOk7QkfFvCbYJXbpEsE7FQm8XOTsiR3PaJUJ7BIE/wThBMgJfx+7GV7cHqAC6Ji9fX+uZMTDQK5soJkEkJlUmCY5gn2SpEpEuqQXLnsezs5xPdAlBeE4z/RPbfqKxIL7SCVCT+cALgmQEgS0TtiQJbUQdy0TUCaxD5Yj6JBrYc3f+8UQV6w=
A30: 20027 | B30: B1-PI-I-5201 | C30: 1- C5XFE-R /ST/ | D30: 10 x 2 x 1.0 mm² | E30: 200 | F30: B1-TCS-1321-X11 | G30: BOX OF VMS | H30: B1 | I30: 006 | J30: 006 | K30: B1JBX-1321-X01 | L30: JUNCTION BOX VMS | M30: B1 | O30: DSPW/SUPP.FI | P30: -PI-I-5201 | Q30: 1- C5XFE-R /ST/ 10 x 2 x 1.0 | R30: LOCAL Base Objects|Cable|A30|Z20|0510 | V30: -X01 | X30: -X11 | Z30: 2024-07-21 / Panek, P. | AB30: @@UU@@C@@AA78AAoiSQhjGMY5jnOc5zmMdCToSg6EqOlKUIUgCkoSlCUJSpKlKUBSkqUBSgASAAAAAlQEqUhSkgSpSkAUpKVAUpSEJUoAAKAoCkJUACFJQlKgAAAAAAAAAAAAAAAAAAAAAAAAAAAAAAAAAAAAUAAAAAAAFAAAAAAAAAAAAAAAAAAAAAAAAAAAAAAAAAAAAAAAAAAAAAAAAAAAAAAAAAAAAAAAABCyfN7vQcX7Cf0J+O+Cc4k+Pop7fN8uPwwsH0/bEQx4yn6A4rvTODL+f9+byXHnIx/f4vq/+eL65yyTMXoMaZAf+ADz5OrGMQy7QGPMLiPyioV+5Tk+ykCK5Fzfo0Qe1MkzBD5YmGmJiiCdQlJQsLC1wcYBiEgksgpgmGCCJZiKirciiAKxfLy0hJHVEgCuis40MJUEiXBly4UyFeiJ0TTiQrE2bDbAuOMwOvesq0WXuQnAC222ZAKb+yAHACP8BwCcBMrBDcJExEHNMj3PwE4RvgJEgTzSJRubBmAoE/Vx7XIJXNR155NJq63o96lzCZhXGncA23fEy9fetSjOJBuaM+LYtw9n0id7v+4hvoaRMO91M/TApnJBy0iX21W7VFlZQ6Pfr/cwUUFGjat7AnUE73oZ024LNRk6BLpDZQsqjTjxCX326+tpLjPlptBN0Dar3P5+MTRAnd3d6HRiN64Sb9Bs68ftw7cCVaQL3FzHdE7Am2CahMoloms4eATwesTUJ6hIE/wTOCZQTZzezMa8nKAFgnPnOcTJ2hW8EuE+ATQpQCSCeG6oSoSxSCv1dvV0xPZAlJYJwn+ieu0wiQYCkEtE+QAMwl4JAlwnwiQJdhIPBcJ2gTdA+cSIj4pDvsOx5PEKqi9I
A31: 20028 | B31: B1-PI-I-5202 | C31: 1- C5XFE-R /ST/ | D31: 10 x 2 x 1.0 mm² | E31: 200 | F31: B1-TCS-1321-X12 | G31: BOX OF VMS | H31: B1 | I31: 001 | J31: 001 | K31: B1JBX-1321-X02 | L31: JUNCTION BOX VMS | M31: B1 | O31: DSPW/SUPP.FI | P31: -PI-I-5202 | Q31: 1- C5XFE-R /ST/ 10 x 2 x 1.0 | R31: LOCAL Base Objects|Cable|A30|Z20|0510 | V31: -X02 | X31: -X12 | Z31: 2024-07-21 / Panek, P. | AB31: @@UU@@C@@AA78AAoiSQpymOZBzHOY5jmMc6DpQg50pUlCUKUdSkoUhCDqShSVKUkAFKSpSgAUoAAAABAEqUlIFIApSEgUpKVAUpSEpQoAAKAoCkJUACFJQlKgAAAAAAAAAAAAAAAAAAAAAAAAAAAAAAAAAAAAUAAAAAAAFAAAAAAAAAAAAAAAAAAAAAAAAAAAAAAAAAAAAAAAAAAAAAAAAAAAAAAAAAAAAAAAABCr+ji6jxc4n9CflvAnSJLw9U9/o8GL6oWD7PviIY8JPjDxW+mWxj/T+/L91p5iMXLbV//H9vjookTlFyDE5AP/AB5sWmMIhXtAYsYuE/OKBX8FObxzAi/IWz9W9B2JSJSgh5IlDOJRegltiSWZAQsN+DyAGESCRTBOCUMEESCgo7cUQBfF5PPMJEVaRJUwTpOVDCTCQloSXHgqSsmRdK9UhQJ140gZDlKXyaqbqdq5rqieAFqqorAnd3AA4AR/gOATgJSWCHGJEoiDolIeH8RNY3QEhIE8shL27mLFwxMSX7MbfMJflQbkubOaO16O9NsEsFcScIGneEgx7mrAl7IJBu5cmHNgw9z0id34feQ3kM4lXXszAXpYoPPMTnv/B+9eHYpNLm+SkxSx672jB7YmgTHzsrNrhp0lnUJlkG0hPJs14hL2a2WDc7faLii3HRUCagOxTT7n8/KJlgT3btQcWItEi7KZ/aw6odECUZwLnoOITdE0gmgSsTYE7J3dYnzesTbE9QkCf4JYCYwTPZ7LDs1+gAKROnIdIlfvitwJaJ3xMql4EkCfXbQJQJSpBf9W/o2RPZAkykTWf6J68BUJBsEwTAJ84AWCXAkCWid8SBLaiDwWib4J8QHxiREfTrDvMOzycYqqL1g=
A32: 20029 | B32: B1-PI-I-5203 | C32: 1- C5XFE-R /ST/ | D32: 10 x 2 x 1.0 mm² | E32: 200 | F32: B1-TCS-1321-X13 | G32: BOX OF VMS | H32: B1 | I32: 001 | J32: 001 | K32: B1JBX-1322-X01 | L32: JUNCTION BOX VMS | M32: B1 | O32: DSPW/SUPP.FI | P32: -PI-I-5203 | Q32: 1- C5XFE-R /ST/ 10 x 2 x 1.0 | R32: LOCAL Base Objects|Cable|A30|Z20|0510 | V32: -X01 | X32: -X13 | Z32: 2024-07-21 / Panek, P. | AB32: @@UU@@C@@AA78AAogUQpzHMdCTnQc50HOc6UIUhCEpQlKQISkCgJSlKEpSlSFASAAFJSBSgASoAAAABAEqAgClJApSVKAlSVAUpSUpSoAAKAoCkpUACVJSlKgAAAAAAAAAAAAAAAAAAAAAAAAAAAAAAAAAAAAUAAAAAAAFAAAAAAAAAAAAAAAAAAAAAAAAAAAAAAAAAAAAAAAAAAAAAAAAAAAAAAAAAAAAAAAAAjy/R3Pc5fSj+keTqkexFvD7ruv6u/s+CpKfX91VUrwruQ5fXptsZv0/v8vt0PKrZ8fJy//4eXBdmsutt6oTBawn/A8uXnVsoZt0Zc6TI/OsKSffI832XCr7JM/6zBTn2stalTXVql1WrBS26i0i5SpKvp+AZEUsxUupapSlWMOHpVhoXpPF57iyt9FX4rsTxwxryyNBZmzZIyrobltWC7JC9F/j5wzLMU/bqYdqZFsJJw7Gx+Nsow6eqDiIn8HEjiWtJSp0EVaqp6rWTs+RHaTVRZFI8tkYOnzWcYEeabO950Vc6VrvPu7jh6Xo47ptI2kkyx2h10Z+fw0+TmRdpRTh0zaya8eTretHy/N1YdeG2jHuZ9YwW2aei5F/c7b98eK9vzXzr2S2O+707HCjdRx3S2vcv3WX3I2rG3C7Nt7ORHP1asfQ6PA0tGe7GRwjfv4f5+dGukaupq6ZgyNvQi2m7ua1+Dg2enU36RftjTPU7aOijfI3kZ0bCOB2uJHe96N5HtRSP8RnIzEfHn+GdwZfQDEj2bT2Iy9ZJNJGhHdRqkYCLEfVowowoxSKX+3sb3NR8KRcxI7L/Ue/mMaKbC4jmI74M6NJFI0I7qKRoxqd7QjsEcY8CKqvpjjlTX4uRJJIk+I
A33: 20030 | B33: B1-PI-I-5204 | C33: 1- C5XFE-R /ST/ | D33: 10 x 2 x 1.0 mm² | E33: 200 | F33: B1-TCS-1321-X14 | G33: BOX OF VMS | H33: B1 | I33: 002 | J33: 002 | K33: B1JBX-1323-X01 | L33: JUNCTION BOX VMS | M33: B1 | O33: DSPW/SUPP.FI | P33: -PI-I-5204 | Q33: 1- C5XFE-R /ST/ 10 x 2 x 1.0 | R33: LOCAL Base Objects|Cable|A30|Z20|0510 | V33: -X01 | X33: -X14 | Z33: 2024-07-21 / Panek, P. | AB33: @@UU@@C@@AA78AAofSQpimOY5zmOc5jGOhCEIQg6TnQhSEpShKgJQhCjpQhKlIAkClKSpSgASAAAAApSUqSlQEAAlSlKUpKUAUoCEKSAAAKAoCkJUACFJQlKgAAAAAAAAAAAAAAAAAAAAAAAAAAAAAAAAAAAAUAAAAAAAFAAAAAAAAAAAAAAAAAAAAAAAAAAAAAAAAAAAAAAAAAAAAAAAAAAAAAAAAAAAAAAAABCx/Tx9Z5/WJ/Qn6d4E6hJeXrnwdPixeOFg+30REMHln9gee72Sv5P1/v08tx6iMX4eSX/+TzfdTkkTl5tRBo2JAP/AB6smiMghZmAyWi1nNFIr96nPyzAi9bQLb+zODblIlKCGmJQE5SoglmEkjMiFvSPxAKxIJFUE4Jc8mRBFAXr3bimAKhfR0TCRGDm2xKL9N8/JDEUshNQMVFtuNLCYRqyoha0KRNrQBgNsvPdnY4SUwWn86qwJ274AaQR/gNImklJYIdwSJREHTKQ9/0icQ5YCQkCc0hKO5q2AUCc7i2egSJm5Lo193c9fJMLBLBWtO+BwCY93Q72BJ2iQdrLbXh1K5b/sEq8HyfCh3kNcSmuMGxZqgUyxwb8xPi4NHFtZL9RnDJyaTHK6MV08HbE7InH+5LZqsqzmTrEnINpCdVm1irEy2Ydjd7XwGUy2zwgmYDPe7n8/KJrQJ3cu8GEsEi7KbHg0V70OeAzXSG/rgUM+k4xN0TOCZhLBMAm4cWkT5vcJmE9okCf4JaCZATZs99ht4+gAKhOq06hMe+K5QS4TwiailAJIE8d1IlIlSkF728ObWE98CTKhNJ/onuwGESC+TBMAn0ABYJlBIEuE8IkCXYSDxXCcIJ84HIJER9XCHxsOty/WKqi9gA==
A34: 20031 | B34: B1-PI-I-5205 | C34: 1- C5XFE-R /ST/ | D34: 10 x 2 x 1.0 mm² | E34: 200 | F34: B1-TCS-1321-X15 | G34: BOX OF VMS | H34: B1 | I34: 001 | J34: 001 | K34: B1JBX-1324-X01 | L34: JUNCTION BOX VMS | M34: B1 | O34: DSPW/SUPP.FI | P34: -PI-I-5205 | Q34: 1- C5XFE-R /ST/ 10 x 2 x 1.0 | R34: LOCAL Base Objects|Cable|A30|Z20|0510 | V34: -X01 | X34: -X15 | Z34: 2024-07-21 / Panek, P. | AB34: @@UU@@C@@AA78AAohUQpzHOdCDnQc5zmOlCEoSlCUIQkCUnUlKQIShSkKSlSlKApSUgSpQFASAAAAApIEqUlQEgAlSlAUpKUgUkCkJSAAAKAoCkpUACVJSlSgAAAAAAAAAAAAAAAAAAAAAAAAAAAAAAAAAAAAUAAAAAAAFAAAAAAAAAAAAAAAAAAAAAAAAAAAAAAAAAAAAAAAAAAAAAAAAAAAAAAAAAAAAAAAAAjzfV2fa8HoR/KP04iPWi3f9t3H6e5td2pKfb4qqpTv3d48F/qtsZ/1/rx+G95FbX49/vf/X3ffdnsut4OZCYN2wn/A8mfgrMho3hn0pMry1hST8JH7eG4Visk0eaYKcNrLWpU8VWoutbBS3QRZJdDFZ+QZUUsx0upapSlWlVhw66w0MSTxctxZXAisWDE34ZGGWRy6jRoyxizqxVnwczBdhs2oY0c7DwDZYpN9U6l3mvm0wYSTF+exmF2rrg5CJ+5yI5FrSUqdFFWqqem1k+Lxo7CaqLIpHlsjB7+3oGBG5Orm3uVFYXSty7uvpej5bjSjSkmWOQcaM2vh61NmLtKKa9WnLt5MvX9SOzzfk4occN1GXnadwYLac9nn1YkbfN4uTiz7ONvm181PhZ8F/P+C6/J1EcCOn51uhw7uPotPtRt2N+F1+/m2kbl+z09ede3r9GHIR1B0cfS/jtI26R1tWsyNKKv1Obw5OrU3qNemyY9wYJ6XZRrR0COejOjYRwuxyI7fuRz0exFI/tGgjORu6P80ODNygxo9el60Zuukmoi9Hzo5kjARYju34UYUY5FMXs497cR/lIuY0cj/Ue7ZZEU2FxGyj6QaEaiKRej6EUi/Ip3L0cZHaH1oqq7dHxypt+H7EkkiT3g=
A35: 20032 | B35: B1-PI-I-5210 | C35: Part of sensor | D35: 1 x mm² Coaxial | E35: 20 | F35: B1-VXE-13301-U01 | G35: VIBRATION FRONT HP ROTOR - X | I35: 001 | J35: 001 | K35: B1-VXE-13301-B01 | L35: VIBRATION FRONT HP ROTOR - X | O35: DSPW/SUPP.VMS | P35: -PI-I-5210 | Q35: Part of sensor 1 x Coaxial | R35: LOCAL Base Objects|Cable|A30|Z30|0008 | U35: B1-VXE-13301-B01 | V35: -B01 | W35: B1-VXE-13301-U01 | X35: -U01 | Z35: 2024-06-17 / Panek, P. | AB35: @@UU@@C@@AA88AApHUQpjHQdBznOdCEHQhCEIQpCEpQpKUoSlKUJQpKEpSkAEpSBIFASlIFKUpQAAABKgKAlIFIUpSVJAkCgJUpSUpSlQAKAoAEpUkAEKSlSgAAAAAAAAAAAAAAAAAAAAAAAAAAAAAAAAAAAAUAAAAAAAFAAAAAAAAAAAAAAAAAAAAAAAAAAAAAAAAAAAAAAAAAAAAAAAAAAAAAAAAAAAAAAAAAjzd/387jf/60fc8b2I4UfipHIj4dxdk9ve+vvyU+nwqqVnX+A8X9atv148fuxceo/ZWXzV4NXV+3w4MtlXtWErDYT/gbLzazL5UNLbGlpJMvKrAkn4SPPdJ4tSwc2aNPJay1qVOOrUYLWupblIuXJNCnjDIKUsvpfS1SlKsi6rllVJhYEnN9FxglSrlc6OWi2K/RYIXyo1JmzYWONDKr0Sratr96YYywqP03hqPyaMyX1qTIuvEvo3dDyaOYYNPgBxET+DqIrqLSWVN5FLU9lRZXF5UdOTXqWRSPzsi7f0hZG1PlZfj849S2hXSb9+RGRHDRGjHEMKMXK3IthRT05uczY/Sz5MT2o1eC50IcEOe2EZOBn1xwthc9N4quj0enl0Otm9bGuy9RoXu1vo1kdjD6t7b3FL2Oy/3o/dnum5D5N3Fts2kjUX52su0V2TuMLY5/Q5+zs6t+EjK6Q6TrtJa38/MjYbVkbPLnDOW7e02EalqY9Te5jd0sVTHRtqTW2h2fY7SPdkRmI3UZ0d3Gjnu32UX/BG6j+0UjkRvkaZG5p/5puZm9YMKPq5M7kRpd7rpJrkayLka8i4ixGLPgRgRhkU0Nvq6+5SP8pF7Cjff6j4YmNFNFeRiR9ANNGqRSM6OwikZ8ar/nzo4iO6OqiqrrdhGv9/2JJCSfEA
A36: 20033 | B36: B1-PI-I-5211 | C36: Part of sensor | D36: 1 x mm² Coaxial | E36: 20 | F36: B1-VYE-13301-U01 | G36: VIBRATION FRONT HP ROTOR - Y | I36: 001 | J36: 001 | K36: B1-VYE-13301-B01 | L36: VIBRATION FRONT HP ROTOR - Y | O36: DSPW/SUPP.VMS | P36: -PI-I-5211 | Q36: Part of sensor 1 x Coaxial | R36: LOCAL Base Objects|Cable|A30|Z30|0008 | U36: B1-VYE-13301-B01 | V36: -B01 | W36: B1-VYE-13301-U01 | X36: -U01 | Z36: 2024-06-17 / Panek, P. | AB36: @@UU@@C@@AA88AApGUUpjHOc5znOdBznOdB0IQlCEISpKUKQpQEISlKFJQlSVKUpSgASpKlAUpQAAABKkgUpIFJSBKkqUoCkgUpSUpUgCgKAoAEJUkAEKSlKgAAAAAAAAAAAAAAAAAAAAAAAAAAAAAAAAAAAAUAAAAAAAFAAAAAAAAAAAAAAAAAAAAAAAAAAAAAAAAAAAAAAAAAAAAAAAAAAAAAAAAAAAAAAAAAjydv07/ff/yo+597mR1EeFRHOj1fGsxef5fq7clH0fapSUzre4d7+9Ff17+H0YO/mXVMXjy9zPXu/ZXHVSrPCU7tRP+BsPHpY/xQy7QyZkmPdpcSTwSP2sk72aqTpy/R4q1VrRSbFK0Lla2UV2UWLEl2jwhiFFFVtFtFfZrKqKWS2ksVUpJcSdLy2zDSgsVvxuorfktvrkLZSM0w5MlWKLuBTySldFfKXL0Y4Uj9OiMzxL8szTCrYSW/hdwi3W1uEHGRP5OsinWVkqpN5FFaOakVU4/yRxSaaSqKI/OqLN/KKo2Jl6rJteQfureu19xv3MaMaOpQjBHGLyMPV3IreRR5tbhZMPYaMWB50aauCHDDU10YeLiZ9cdbUseW0ZdHQ2+HLf6+blY1m04121xdNGyjk83R3NKjZYarfSjlaLJvQ2d7B0GTWR0mhqVvrMXxLrg9vg1as9t0jE3h0WNT+vkRoaqo08k3pwzdfDsNSM1dt2f407l1lwUmGhwNtVNXQGPme+j0X0ZCN1GdHawo9p8HZRb6kbqP8RRHOjgIykbOX15W/k5QXkfTz53OjW7XIkmuRpRYjXkWEVIwZ7iLiL0ii7te7r7dEeuiLV5HYf6j1YGFFF9aRgR84MqNBFEZ0e8iiM+FS35s6OuR2h10UpTkqdmUmv4PrSSEk9gA==
A37: 20034 | B37: B1-PI-I-5212 | C37: Cu | D37: 2 x 0,5 mm² | E37: 20 | F37: B1JBX-1321-X01 | G37: JUNCTION BOX VMS | H37: B1 | I37: 006 | J37: 006 | K37: B1-VE-13301-B01 | L37: VIB FRNT RAD BRG - H | O37: DSPW/SUPP.VMS | P37: -PI-I-5212 | Q37: Cu 2 x 0,5 | R37: LOCAL Base Objects|Cable|A30|Z21|0502 | U37: B1-VE-13301-B01 | V37: -B01 | X37: -X01 | Z37: 2024-06-17 / Panek, P. | AB37: @@UU@@C@@AA8GAAooUQpjGMY5joOYxjmOc6EHQhCEpShCEoQhSAAShSEIQgCEKQBSgKSpQEgAACQIAAAEoAlSlAUlSkqSpSkpSACUKQkAAKAoCkJUACFJQlKgAAAAAAAAAAAAAAAAAAAAAAAAAAAAAAAAAAAAUAAAAAAAFAAAAAAAAAAAAAAAAAAAAAAAAAAAAAAAAAAAAAAAAAAAAAAAAAAAAAAAAAAAAAAAABCs+zm5+3y8/UJz/P/QnzCflAnYJ+vbNw9fi8fiWC1yQx0eijyB9vu++Wlh9f9157zzemVkr+j/+jy/dRbIicyoMTyAf+ADDqenuaNvoEMesBdWLZ6ooFfOp7Jl/C+6YXaa4NeUiUoIfxiUBTKU0Eu6JNMLTB+YBiQgiRPBPBKGCCJBVNORC0C7vTOFCExLbDXElVgKJFdKFDC3hStllOgk5UdJE82Wbz6hVgbEIX164F5slb+nezU5m0lSC1VYMQE+PeADiBH+A4ROEhZMOwJBKDrlJIji/YTjHJASEgT1SEm3M1wEwmd4LN3V9iHVXNg3ZR07Wr3sHJy5BMgrhsHjAuEt7+S20Z8YkH75aC/QwZtCVFfuEmJbiHgQo0RK/BbeBNvTZCD6b6UOrV1OTgpurwUXHtxTY66suyJmE5cZbRnq1J+0S+QaaE9mnlxWCbF8S3uSK82e3Z7+waWjlnxAlm2BTtfz4RM2eQmvpd03DJB3LebMJKjSz4/l1rq4cMBpwODTA6ziE2xNQE1hLhKhNk4d8T6/gJrCe8SBP8E0gS0E07vjcbFntACoTsxnYJZviuQEvE5hMqkwJIE8d9AlAlSkFPv4NXRE+MCTlQnGf6J8KzCJBgJwSsTwgBcJkBIEvE4xIEvwkfVeJvgn0AcAkRHLwhyMOj5vIoAK/IA=
A38: 20035 | B38: B1-PI-I-5213 | C38: Part of sensor | D38: 1 x mm² Coaxial | E38: 20 | F38: B1-VT-13306-U01 | G38: SHIFT HP THRUST BEARING | I38: 001 | J38: 001 | K38: B1-VT-13306-B01 | L38: SHIFT HP THRUST BEARING | O38: DSPW/SUPP.VMS | P38: -PI-I-5213 | Q38: Part of sensor 1 x Coaxial | R38: LOCAL Base Objects|Cable|A30|Z30|0008 | U38: B1-VT-13306-B01 | V38: -B01 | W38: B1-VT-13306-U01 | X38: -U01 | Z38: 2024-06-17 / Panek, P. | AB38: @@UU@@C@@AA8kAAozUQpjHOdBzoOdCDoQc6UoShB0oSgCUJUpSUoUpKEpShKVKApSQJSBQFASAAAAApSgJAkCgIAlSgJSBQEgUpSUpSkAAKAoAEpUkAEKSlSgAAAAAAAAAAAAAAAAAAAAAAAAAAAAAAAAAAAAUAAAAAAAFAAAAAAAAAAAAAAAAAAAAAAAAAAAAAAAAAAAAAAAAAAAAAAAAAAAAAAAAAAAAAAAAAjzfZ7+Hxv/9aLPYjrEcyPyfC7W9ve8Hfkp9vhVUryr/uPF/Xkt+3Lk92PlzvGrL5vw2dvb8PiwZrKuaITB4bCf8Dzb7L5UNndGTOk1+jWBJPHI/e6T8dmyTLNanktZa1KmirUYLWupbUiyS5hs/MNcUpZfS+lqlKVaXVS6pL0nL6LzGuVJbdjUi1+JfC6UmeY2bNla8XsTzzDa4bdvRMWtGWFRj/XojO8mNVS7PNda4kv8uHWF+vxA7BE/g40VxrSWVN9FLU9lRZXY/RHVk26lkUjzWRdw7AsjnTjZdzzj1Ldtitw366NdGGiMUdcdZGP5t6LYkU9ObLMfxs+Se1HccmDsKyus+WHFDnIy+lixtrSNKzt9f14Bo0ZNzFsY9WbItrONg4EaUc71b2jDb3ozti6bkNXQ3eeysyK3m2rd4GXM6XBwadDc0cTbVizkZ31NThF17P/PdRz27ZGHU359Dpz6d10EZrdTs6elsa1Tdo1KTf1DJ7HaR7t5HTI4EYUd7Gj5HJ2UX/BG+j+0UjmR1SNkje2f82XUzeoGJHg5tpzI2Pr5Ek0kaEXI0yLiLEY9rAjAjFIph6Ha071I/ykXsSOJ/qPhjZEU1l5GNHfBso2yKRtI5EUjayKv720jskd0dpFVXzx3JU08v3oQknxA
A39: 20036 | B39: B1-PI-I-5214 | C39: Part of sensor | D39: 2 pairs | E39: 20 | F39: B1JBX-1321-X02 | G39: JUNCTION BOX VMS | H39: B1 | I39: 006 | J39: 006 | K39: B1-VE-13307-B01 | L39: SHIFT HP STATOR | O39: DSPW/SUPP.VMS | P39: -PI-I-5214 | Q39: Part of sensor -2 pairs | R39: LOCAL Base Objects|Cable|A30|Z30|0011 | U39: B1-VE-13307-B01 | V39: -B01 | X39: -X02 | Z39: 2024-06-17 / Panek, P. | AB39: @@UU@@C@@AA7yAAoZUQpTGOYxznMc5jnOc50HQk6EJOc6VIQlSVKUlCEAQlQEqQBQFJQBQEgUAAAAABKUqUgAEJSlQAKSpSVJABKEoSAAFKABKUqAlClJSlQAAAAAAAAAAAAAAAAAAAAAAAAAAAAAAAAAAAAKAAAAAAAAAAAAAAAAAAAAAAAAAAAAAAAAAAAAAAAAAAAAAAAAAAAAAAAAAAAAAAAAAAAAAAAAABCwfh+fSJ5fYJ2hPHAnUJ+3wn3vb+PKsHf/IiGPD+tPgDm93o5557/93efES88rJeHxf54pc1F+RFHNkQZaJAP/gB/G5lweYQxaQLcYtmqKRXyqema8+KQu81wapSJSgh8kSgKZSnBLUJIW5BR+gBfQgiZOCiCUMEESCqgohaRfJ0UBkmXCcLvBrEnXTBepQoYHG38OG5YlBUWV9DOhyykuhuhgQgbt30agMZg1l91bss1WZxEqAWqq7YBRe+kAO2CP8hwCcBCyYdYkEoPbKSRHD5hOJckMhIE/eQk9/NaBMTQ68Gn0odNc6p88+jb3ae5aJaK304gO2JZsvJLAJB6sX0Yb0as189wn2dmz6u0h9aG0JZ07mTOBRjnnIOmdKFJjyabK7mGvuQeuydvFX84mUTN6zTo621Xpp5BOtmm6UKba8+DCJsyRlL+vZrM245c2SyqAT7t8C27vH9feJlw6JibK+u5ey4eTOJKja3Lm7pMF2HbgSrbA9hxidW+JqBOuJaJWJ2Dj4hOX4CaRL4kCdQmwEwgm3b8bTZg9QAVCe/Efb7xMPCK5QTIJSJlUmCSBPlQJQJcEgp/3h05xPlAlBUJxmj/hPjTeK74kiRSCXhOUALRMgJAmMTjEgSy8d7GJwAnIBwiREd3vh3WHx+BBVF+Y
A40: 20037 | B40: B1-PI-I-5215 | C40: Part of sensor | D40: 1 x mm² Coaxial | E40: 20 | F40: B1-KT-13308-U01 | G40: KEY PHASOR ROTOR HP TURBINE | I40: 001 | J40: 001 | K40: B1-KT-13308-B01 | L40: KEY PHASOR ROTOR HP TURBINE | O40: DSPW/SUPP.VMS | P40: -PI-I-5215 | Q40: Part of sensor 1 x Coaxial | R40: LOCAL Base Objects|Cable|A30|Z30|0008 | U40: B1-KT-13308-B01 | V40: -B01 | W40: B1-KT-13308-U01 | X40: -U01 | Z40: 2024-06-17 / Panek, P. | AB40: @@UU@@C@@AA80AAo+UUpjGQc5zmOdBkHOg6UAQg6koQpKUpSpAEoSBKFJUlCUgSACVKUlIAKUkAAAABIFJUpSgJUkCQJSkCVKABKkgQoAAKAoAEpUkAEKSlKgAAAAAAAAAAAAAAAAAAAAAAAAAAAAAAAAAAAAUAAAAAAAFAAAAAAAAAAAAAAAAAAAAAAAAAAAAAAAAAAAAAAAAAAAAAAAAAAAAAAAAAAAAAAAAAjz9/39L//4R5HsR6XEixRHMjyvhZk9v2eDvSUfb5/xrSUzLvCfl/fnro8d/uyePQxKX+nP4tOnxfhdnqpNMJd99RP+B+v7M3oQw3Rn2kl/PpcknkkeqyT88KpM0x0eatVa0Un6UrQurWyivPRVJsUWvKF4oosWUW0VpKKKeqyW0otpJck8nrtKqZYb0b6LLcS2FkpGia8MNlfGdjbMpXbrl9ctY4zwpGO8YLpPMyTNdhMytqSXcGPXlF2Tqg4yJ/J10U66slVJvoorR7KKqHH6EcMm3SVRRHpqizpbIqj956mbe9Y5VdjjV6dt6L0dqhGM4x1kZdfyxXEijl2eRny77TL+H2o2+JncMKw1Iy3sNI01OXEtFu11Nu7FybTuK6VnEu4EaUdnd5dzH9C5jtcUxe9HRbVkva4bjd158+wjf3W8biuJZm2HzdDXub3RabsRHQdIXti1/XdRzm5VGrnMfBKdTt0m2i/Vd3cOTua5hfSdGhvKJk3R3HT9jkR7rEdAjgRpR9eVHzu12UW/BHAj/EURzI4SMCOfh8cHUz8oMSPu5tDmRs/V2kk1EbaLEapFhFSMmi5FyMUijY3erq10R8aItYkdt/qPhkZUUY1pGRHfBgjSRRGhHWRRGjKpb3tCOwR4B9KKUp3aHYlJq8fhRIST5A==
A41: 20038 | B41: B1-PI-I-5216 | C41: Part of sensor | D41: 1 x mm² Coaxial | E41: 20 | F41: B1-VXE-13302-U01 | G41: VIBRATION REAR HP ROTOR - X | I41: 001 | J41: 001 | K41: B1-VXE-13302-B01 | L41: VIBRATION REAR HP ROTOR - X | O41: DSPW/SUPP.VMS | P41: -PI-I-5216 | Q41: Part of sensor 1 x Coaxial | R41: LOCAL Base Objects|Cable|A30|Z30|0008 | U41: B1-VXE-13302-B01 | V41: -B01 | W41: B1-VXE-13302-U01 | X41: -U01 | Z41: 2024-06-17 / Panek, P. | AB41: @@UU@@C@@AA84AApFUQpjHOdCDnQc50HOhCEJQBCEASlKUJQpSUKSlSEqQkCkgApKlASpQAKSoAFAApSlASkAEoUoCgJSBQEgAlSUJUkAAKAoAEpUkAEKShKgAAAAAAAAAAAAAAAAAAAAAAAAAAAAAAAAAAAAUAAAAAAAFAAAAAAAAAAAAAAAAAAAAAAAAAAAAAAAAAAAAAAAAAAAAAAAAAAAAAAAAAAAAAAAAAjy/X7uDlf/6kWetHEjlfosjnR0fOux+zv/b9UlPs8KqlZl/3ni/vXt5/Hj9ur49d+6tbzflqadN3hq+yvxaYTBawn/A23m2GTyoZtwZc6TW36wJJ+cj0XSeLXsk881KeS1lrUqctWowWtdS2+i0lypMNP1DIKUsvpfS3TWllKul9UuqTAk63NeWVjhwR6Ooi+YNRghdKjTM+fKyRlYnNKts26sxRrQqMWTz9UaGPyVWOWkv15rZquwEmHy6mQX4vjB2yJ/JxorjWksqdRFLU9dRZXb/ZHak01LIpHmsi7hzCyNudhxsu7zDgWxai3E6+DWRrI7VEasdsYkY/k3otiRT05uFrs2SmnJ7EYOnkfDDih2GyjJxNfYGws5rhsZfV2dZi3rsuNdhdlh6aNCOT07uXpNLUuX+5HqaLp0oaN7cx7bNnRh5G06zbXY2Fgw5bnV627t7em/CRwDMyK7T+voRbYbdyNnfm87vxTu7TaRr2pwdLhpvZsdTJRv0mzuC7P63Ij25EdQjfRoR9ORHXdz5UX9CN5H+IpHOjhIzkbuf353Bl/gGJHg59DnRm73IkmyRsIuRsyLiLEaujAjAjFIph3N7Z3aR76RexI7j/UdGqxopqLyNVHfBnRpIpGhH3IpGjGq/v6EcZHeHCiqrk8B80qbXL+BJCSfAA==
A42: 20039 | B42: B1-PI-I-5217 | C42: Part of sensor | D42: 1 x mm² Coaxial | E42: 20 | F42: B1-VYE-13302-U01 | G42: VIBRATION REAR HP ROTOR - Y | I42: 001 | J42: 001 | K42: B1-VYE-13302-B01 | L42: VIBRATION REAR HP ROTOR - Y | O42: DSPW/SUPP.VMS | P42: -PI-I-5217 | Q42: Part of sensor 1 x Coaxial | R42: LOCAL Base Objects|Cable|A30|Z30|0008 | U42: B1-VYE-13302-B01 | V42: -B01 | W42: B1-VYE-13302-U01 | X42: -U01 | Z42: 2024-06-17 / Panek, P. | AB42: @@UU@@C@@AA84AApGUUpjHOc5znMg5znQc5zoQBKUJQpKEoUBSkKQBB0qSlIAJAoCVKSlQAKUoAAAApSlJUkAEoApQFJAoCQASpSUpSkAAKAoAEpUkAEKSlKgAAAAAAAAAAAAAAAAAAAAAAAAAAAAAAAAAAAAUAAAAAAAFAAAAAAAAAAAAAAAAAAAAAAAAAAAAAAAAAAAAAAAAAAAAAAAAAAAAAAAAAAAAAAAAAj3Pq9vW53/+lFXqRyI535qo6Ee751mP1937e9JR9f5KUlMq37jwf3nr+/hx+zF4c6+pk8f49/d3e/ZbdVT8G7CX61E/4Gx49K7xIZt8Zc6S7gpeSTnkfxZJ4M9UnkmGj9a1VrRSc9K0L1a2UV30VksUkv0foGQUUVW0W0V4VZVRSyW0ospJeScXmtKqY4daOFFktwLYWSkaJly3McXMDyyldNfNMEXQpGDyfCM7xMMzZF66smebi22+SZcPFjuF69yA2kT+TmRTmVkqpOFFFaPVSKqbf2RyyaaSqKI8dUWceUVRvz43M3NnT8o9CuGnI47evlRlRzUIxRaMCMXNwRXAijz5eVnZcnZabtT1owXPkhyw2NaMnK0ahqVeawbcF/5exkw8F2RX0tu1f4kbqMfn4Ne+zsNi32o9LRZN+HU14t5uZUbzW42xZiXl66rr8fxcezp72m9hI6ozL9yv9dxGlsqi/q4J804Hb5Jk2NaM9dXDd0rzNjpMlC8om7sHqdlHsvo6hHSRmR9OJHWdrsIt9yOmj/EUR0I3iMxGvN78zq7noBgR9nRodCMvc66SaiNKLEapFhFSMWi8i8jBIov7/Nq6VEe+iLWBHE/1HuxMaKMK0jEjvAzI3SKI0I+hFEaMalvd0I5iO2NqKUpt7R2JSa+f7ySEk+A
A43: 20040 | B43: B1-PI-I-5218 | C43: Cu | D43: 2 x 0,5 mm² | E43: 20 | F43: B1JBX-1322-X01 | G43: JUNCTION BOX VMS | H43: B1 | I43: 006 | J43: 006 | K43: B1-VE-13302-B01 | L43: VIB REAR RAD BRG - H | O43: DSPW/SUPP.VMS | P43: -PI-I-5218 | Q43: Cu 2 x 0,5 | R43: LOCAL Base Objects|Cable|A30|Z21|0502 | U43: B1-VE-13302-B01 | V43: -B01 | X43: -X01 | Z43: 2024-06-17 / Panek, P. | AB43: @@UU@@C@@AA8GAAopSQpjGOcxjIQYx0GOc5zpQpB0IUhCUAQpKEKQk6UoOdAEASBQFASBAEgAACQJAkCVKUlSlAUhSlJABKUgQoCUKQkAAKAoCkJUACFJQlKgAAAAAAAAAAAAAAAAAAAAAAAAAAAAAAAAAAAAUAAAAAAAFAAAAAAAAAAAAAAAAAAAAAAAAAAAAAAAAAAAAAAAAAAAAAAAAAAAAAAAAAAAAAAAABCs5fD5ez0eXpE5P6E7wnN5pCdYnq7JuLq8fk8awWuGGPtso84ej3/hLJXz/3VjuPy9crJUy//z/d99BBGQwoNEpAP/ABTr+vNjs9Ihg2AMFQtnsigV/RT2zL+N3NrTi/s1wbcpEpQQ/nEoCIvzSJtoSSzQt6D0gFiEESJ4J4JbcmRBEwTk0LQLv9E4SIrQ3ncEmvzyomKEKp2S4gttorTVL/QQZpss367JU2oQtXPl7gGEkVPtnw4my0ie8CzLf9VWoBRhzgBpBH+A0CaCFkw7okEoOqUkiNPsE4xxQEhIE55CTb+TABMJrujvW8Oz0IdMqeGUfvscF7huEuFaax0gaomrv6gysEg6cH04dbUuxavvEvGpwIZ0K8glefBhAm15sRB9dCFM/F3+DTZVTLaqKpeDBnpxbomMTj9xs0aNinao7BLpBmQnptzY7LRLN7dxynK8ngwRvfRvGXLjnrBNwCi2z+fEJi7chO7k2TDm+e3w8AZBJr1Hb1+7sz5tbUh1YCeBp+YDqOMSgTKCZhLRL4ncNPEJ4viJsCfASBP8E3AS0E18HywG5Z7gAvidesdYlmcVwglwn1CYlJgSQJ5LqBKBL6kF74bexkE+UCTl8TQf6J8aisSCknBKhOUAMAmEEgS4TzCQJdWRy3CZwTkA74kRHJoDjYcnN9igAr2g
A44: 20041 | B44: B1-PI-I-5219 | C44: Part of sensor | D44: 1 x mm² Coaxial | E44: 20 | F44: B1-VT-13305-U01 | G44: SHIFT HP ROTOR | I44: 001 | J44: 001 | K44: B1-VT-13305-B01 | L44: SHIFT HP ROTOR | O44: DSPW/SUPP.VMS | P44: -PI-I-5219 | Q44: Part of sensor 1 x Coaxial | R44: LOCAL Base Objects|Cable|A30|Z30|0008 | U44: B1-VT-13305-B01 | V44: -B01 | W44: B1-VT-13305-U01 | X44: -U01 | Z44: 2024-06-17 / Panek, P. | AB44: @@UU@@C@@AA8AAAoiUQpjnQc5znOdBznQc6EIQhCEpShSkoUBIEqSlCFJSkAEgUoClJUBSlASAAAAApSgJUkAFISpSlJSoCkgUpSUpSkAAKAoAEpUkAEKSlSgAAAAAAAAAAAAAAAAAAAAAAAAAAAAAAAAAAAAUAAAAAAAFAAAAAAAAAAAAAAAAAAAAAAAAAAAAAAAAAAAAAAAAAAAAAAAAAAAAAAAAAAAAAAAAAjzfP7On//oR+L0o6qPvUjnR7bYfV3O780lPp7yqleJe+o7/9eG37c2P14ubQsrJ4/t0aa71zHStLTCX/ssJ/wPHwsniQ2d0Zs6TJw1fSTwSP3uk7+eyTLMNPytZa1Kn3Vaiqv3WXcCLJLmxZ+AZBSll6l6lsfRXS5Sr0v+C1l6pMCTm8t4srLDHvR0UXr+FehdKjamjRsskZmDySltdvLKYIywqMH69IaWpgl2iY1rhNFGXYrw4cYv578nVBykT+DkRXItJZU6SKWp6aiyuX80dWTXUsikfpZF3HnFkbsycm/5B51tiveuxoxo7VEYI5R8CMXX4YtgRTzbOXFydZpyXU9SOzcyK6kOtDUjH5mfaG0s81wwdPfu9+9sdvkr0MDCv8SNKNPn39fYYLLvYjUz3Tchy9Dex7bNqzo6Cyt6Zbzi93i19dtq4tWxhI43QcIzOPe/n5Ebbgsjc6U+LcdTdRouuZbcHBkw1N2kaNwavS7CPXcjokcCMyO5iR03Z+FF72o30f2ikc6OMjORv5/8zuLN5wYEd3n0udGz8fYSTWRqRcjXIuIsRi030X0YJFNje4tfBSP8pF5gR2X+o9uJjRTCvEYkdwGdG0RSNKOVFI041Xvl0o65HbHIiqrtfQdqVNvm+sBJPcA=
A45: 20042 | B45: B1-PI-I-5220 | C45: Part of sensor | D45: 1 x mm² Coaxial | E45: 20 | F45: B1-VXE-13001-U01 | G45: VIBR.FRONT GEN.ROTOR - X | I45: 001 | J45: 001 | K45: B1-VXE-13001-B01 | L45: VIBR.FRONT GEN.ROTOR - X | O45: DSPW/SUPP.VMS | P45: -PI-I-5220 | Q45: Part of sensor 1 x Coaxial | R45: LOCAL Base Objects|Cable|A30|Z30|0008 | U45: B1-VXE-13001-B01 | V45: -B01 | W45: B1-VXE-13001-U01 | X45: -U01 | Z45: 2024-06-17 / Panek, P. | AB45: @@UU@@C@@AA8sAApDUQpznQc5zoOc50HOg6EIOhKkpSlKDpAlSkpAhCFJQhSgASBSlKSpQFKUAAAAUkAFKSBQEpApSVJUoClJUpSUpUkAAKAoAEpUkAEKShKgAAAAAAAAAAAAAAAAAAAAAAAAAAAAAAAAAAAAUAAAAAAAFAAAAAAAAAAAAAAAAAAAAAAAAAAAAAAAAAAAAAAAAAAAAAAAAAAAAAAAAAAAAAAAAAjyfN69fgf/50eF6EdkjmRz9tcw+n5Pp7klPn+xVSsy79R3v7/C37d/F6sPf2n7qx+Ou7o0fX3r2OyrrRCVfsJ/wN1+m2x/ihl1DLlSY9DdeO5fST7pHkuSfbolknBMVPFay1qeBaVVqKq9csudJFg2KeENkUpZsUu0tUpSr5clS7a6sqpLyTg8t0srFrVU6iLn33sGJVSbEL0qM2eY2LNji/seWWbG5a/e4JgjJCow/rwDK2mKXMe1Mi5dJL3iv4Rd06OwDjIn8nEiuJaSyp1EUtT0VFlcf5I4ZNupZFI/OyLmvMLI3ps6vIP4WvV7rVrvbKNlHDRGGPeGBGLi9uLX0U82XWyYvI9xwtvJwvSjI4+xDhhhbqMefSNKzNcHn1dfsaseDkyVMDhXcbqo0I5PN0dydpgsuetGW03odLVg3WzjRxdNtNtbCuY+26TX1utucG3d1ZiMjrydNVZXX/r4Ubrfsje2Zuui07rcRtW6sswcu/wMWTFU2aRn3h6HKj1YUaiOgjOj48KNb3+RF3nRvo/xFI5kayMxG/m9mZ1MnmBfR9HNncyMvxdpJNJG2i4jTIuEWIw57yLyL8imxq49PQpHspF1fRyP9Rz4WJFMC6RhR8oMyNBFIzo5UUjPiVd7mdHZI+AcaKquTlRp7/dSIST2gA==
A46: 20043 | B46: B1-PI-I-5221 | C46: Part of sensor | D46: 1 x mm² Coaxial | E46: 20 | F46: B1-VYE-13002-U01 | G46: VIBR.FRONT GEN.ROTOR - Y | I46: 001 | J46: 001 | K46: B1-VYE-13002-B01 | L46: VIBR.FRONT GEN.ROTOR - Y | O46: DSPW/SUPP.VMS | P46: -PI-I-5221 | Q46: Part of sensor 1 x Coaxial | R46: LOCAL Base Objects|Cable|A30|Z30|0008 | U46: B1-VYE-13002-B01 | V46: -B01 | W46: B1-VYE-13002-U01 | X46: -U01 | Z46: 2024-06-17 / Panek, P. | AB46: @@UU@@C@@AA8sAApAUUpjHQc5znOY5znOdBzpQhCkpSlKEJUkCUKAhCFJOpIAASBSlKSpQFKUAAAAUkCQJUBQEqUpSkpAoCUgUpSUpUkAAKAoAEpUkAEKSlSgAAAAAAAAAAAAAAAAAAAAAAAAAAAAAAAAAAAAUAAAAAAAFAAAAAAAAAAAAAAAAAAAAAAAAAAAAAAAAAAAAAAAAAAAAAAAAAAAAAAAAAAAAAAAAAju+f2cX3P/9CPyelHvkc6Pb21mH1fL9Xcko+jvqUlMy36z7P68Nf18GL14fBnbimPyZu7or3u/XJVTvNMJbWon/A2PHqZPEhm3hdnSZNTY8ll9JPvkftZJ9umqThmKjw1qrWik3qVpVSVpesqs30VDco/EMYooq3KLaK0lFFKyy/WlVtJLyTq+a0qpwx00VvyUW31kL0LZSM8/DLjZccX/LLKrddfNLYuhSL+r9OEZlzDL1tN/RMi28SbniwYhbr4wcxE/g5UU5VZKqTKiitHppFVOb80ckmmkqiiPHVFnFlH72I6E6ll2/5hYruU7Ditxoxo5KEYI+AXr6MPLwRXAijz3ca7H5XSaeRdyPUi5zdiHLDkbqLtOsa1WewYevx8Hu5MHZupPQ5ltzhRpRt8/SzzawVZrfYjNWdCHT3sOxkuR0WdqVwLNeTtui63vdbZ1dVuUi51xc2fz8SNrW3q2I2dKdFq1t1GavHMuLi4NxdhpMVDhUTBsF96Xwo9d9HQI30Z0fJiRxO1tRb7Ub6P7RRHOjhIzEbM3+ZnUu84L6Pp59DnRl+PspJukakWI3ZFhFSMOi8i8i/Io3N7m3eCiP8oi1fRtf6j24WJFGBaRhR8wMyNJFEaEbUURoxKW9zQjlI7Q5kUpTkqbZSbvg7qRCSe4
A47: 20044 | B47: B1-PI-I-5222 | C47: Cu | D47: 2 x 0,5 mm² | E47: 20 | F47: B1JBX-1323-X01 | G47: JUNCTION BOX VMS | H47: B1 | I47: 001 | J47: 001 | K47: B1-VE-13011-B01 | L47: VIBR.FRONT GEN.BEARING - H | O47: DSPW/SUPP.VMS | P47: -PI-I-5222 | Q47: Cu 2 x 0,5 | R47: LOCAL Base Objects|Cable|A30|Z21|0502 | U47: B1-VE-13011-B01 | V47: -B01 | X47: -X01 | Z47: 2024-06-17 / Panek, P. | AB47: @@UU@@C@@AA8SAAouSQpjGOdBjnOY5jmOc5znOlCEJQlKEIQhKTpUhCEoQhCUqQpQAASlAAAAoCgKAAClJUlSQKUlAFKSpAEKSoCkKSgAAKAoCkJUACFJQlKgAAAAAAAAAAAAAAAAAAAAAAAAAAAAAAAAAAAAUAAAAAAAFAAAAAAAAAAAAAAAAAAAAAAAAAAAAAAAAAAAAAAAAAAAAAAAAAAAAAAAAAAAAAAAABCq5OP6uz0e0Tl8n9CbgJ1ic3ZNvdXJ9HIsH2tkMcvro+sPT7vvlkuez+6fwsOXnlVKzz//5/R6aL8iPuoxoMUSAf+AC7p8+TuV/mIWaoGCkWrPl/Sa2K/ip+0y+rFZML327BzSkSlBDliUBEWppE2sJJJoQtQesAvIQRIngnglDBBGlMk5PC0C6OidJEbbriStXiiRIoQhblDMtgTgXar11It7PQS2InzS/LVKXAhC3P12QL5dKWbC3SUyDnho5rdIE+O1ugBwgj/AcAnAQsmHYEglB1SkkRw84nEOKAkJAnskJNt1gSEytfyVZ+hD2y0aVva0Ubn76Kd3uYRMIrfHhApEv79sZVCQceHw3y58+vmvYMvuElVwx4UN9CrKJVa38OQCeWQgsnE4sWnG5VbtYNasuyK+nJPwUy2RMgmDp1MtOCVOGjsEokGdCe1Xnx3qhMeqY5U4c1/x/Lr7GuZtrPlox2AlffXVimv+fKJm05CeDt090y61/byiSn8Aaepcw6tdyG7AYoHSzgdRwibQmcE1BMAlsTZODxCeb4CagnvEgT/BLAS+Cduv41neq6QAtideA6xKvEK4QSwT5hMSkwJIE+mygSgS2pBa9/Bp5BPjAk5bE4j/RPhSXBINInBKRPMAFYmEEgSwTyCQJZcI8tgmgE8YG8JERx7wbrDk9X2IICva
A48: 20045 | B48: B1-PI-I-5223 | C48: Part of sensor | D48: 1 x mm² Coaxial | E48: 20 | F48: B1-VXE-13051-U01 | G48: VIBR.REAR GEN.ROTOR - X | I48: 001 | J48: 001 | K48: B1-VXE-13051-B01 | L48: VIBR.REAR GEN.ROTOR - X | O48: DSPW/SUPP.VMS | P48: -PI-I-5223 | Q48: Part of sensor 1 x Coaxial | R48: LOCAL Base Objects|Cable|A30|Z30|0008 | U48: B1-VXE-13051-B01 | V48: -B01 | W48: B1-VXE-13051-U01 | X48: -U01 | Z48: 2024-06-17 / Panek, P. | AB48: @@UU@@C@@AA8oAAo6UQpjIQdBzoOc5znOg6EoShKUpSlCEpSBKkAUk6EpSpSlKABIFJUBSgKUAAAKApSVJABSQJUACQJAoCUgUlSEqSkCgKAoAEpUkAEKSlKgAAAAAAAAAAAAAAAAAAAAAAAAAAAAAAAAAAAAUAAAAAAAFAAAAAAAAAAAAAAAAAAAAAAAAAAAAAAAAAAAAAAAAAAAAAAAAAAAAAAAAAAAAAAAAAjyfV7ep4X/+lFnqRxEcqPd867a9f0fZ3ZKfX+KqlY1/3Hf/vxW83gxezD4M79lY/L9+bTp73f2MllXtyErvWE/4G88m6yeNDPvjLoSY9TmvLdgST85HJdJ+WmyTzTFTx2stalTeq1FVsXWXdJFklzZs8QbYpSy+l9LVKUrPdL656zYqTZScPnvLK2I6aLXbK+GOF8tGiXMuXbYoweeVsyVfu24J4rNqMkKjD+vCMTAwS7NMS1xJf49naF+riBxkT+TWita0llTfRS1PVUWVx/ojsSaalkUjyWRd1Mosjdnwse9yD0LbNcTp8PX6uDKjKjsURtx2RhxIx69voxdhRT98/Wa2DPk5HE5mXNxuT1ozsfxQ1wxOajJucwfNvLmi8ZuhzM7Hgvx1PS7K/hRpR8mHFuY2Cy72oyWmqG/u7Wht40bzU4W4uwvlbGSzg4eDV0dN+QjqjXOtjZ/67iNTesjd6E4HQat1uoz268s0YP44XPy4qm3SNO8PU7aPZhR0iOejQju4UdR8faRf7kc5H+IpHKjqkZiN/N78zgyegGBH28uhyoy9ztJJqI3EXI1SLiLEYdGwjYRgkU2ebx6udSPfSL2BHbf6j3YWJFNpeRhR9IMyNJFI0I66KRoxKv7uhGsjtDjRVV241ypq8P4EQknwA==
A49: 20046 | B49: B1-PI-I-5224 | C49: Part of sensor | D49: 1 x mm² Coaxial | E49: 20 | F49: B1-VYE-13052-U01 | G49: VIBR.REAR GEN.ROTOR - Y | I49: 001 | J49: 001 | K49: B1-VYE-13052-B01 | L49: VIBR.REAR GEN.ROTOR - Y | O49: DSPW/SUPP.VMS | P49: -PI-I-5224 | Q49: Part of sensor 1 x Coaxial | R49: LOCAL Base Objects|Cable|A30|Z30|0008 | U49: B1-VYE-13052-B01 | V49: -B01 | W49: B1-VYE-13052-U01 | X49: -U01 | Z49: 2024-06-17 / Panek, P. | AB49: @@UU@@C@@AA8oAAo5UQpjHOc6DnOg50IOg6EKQlKUpAhKUISkCUAAlCEJSlKkqAACVJUpSlKUAAAKApIEqAoCQIABSkqApSQASpSUpSkAAKAoAEpUkAEKSlKgAAAAAAAAAAAAAAAAAAAAAAAAAAAAAAAAAAAAUAAAAAAAFAAAAAAAAAAAAAAAAAAAAAAAAAAAAAAAAAAAAAAAAAAAAAAAAAAAAAAAAAAAAAAAAAj1/p92/yv/9SLPWjhI5ke/5V2P2fN9nfkp9XhVUrMv+4/D+/zt+/iye3W8Wwwqy+T7/Bp028N+ayvA0wmG1hP+BuP22mbxoaN0Z9hJm2m48l2JJOWR/F0n46bJPLMlPHay1qVOWrUVWC6y7noskuYbPyDKKUsvpfS1SlKtLqpdUl6Tqee8srfjeRay7CtDLC+WjYmvr5WSMPmlY1X6rXSeeYouZoWjH5emMTqTFLtEyLXEl/6YcYv2uEHGRP5OJFcS0llTeRS1PXUWVx/qjsSaalkUjyWRdv5xZG3OuzfH5h6VsNcK/fwZUZUdiiMEcgxI1uLrdCLsaKejPwuJozeZvNWfi0cb2I0MuB14cUOw3UZ9rcGZZsXDA9F2ru5MWHo5anqcjB1EaUdz062bV22Oy73Iz2m3Do48eplzI5zccDaXazusGvZwdXf1b2m/XI6wyM/9d5Glt2R2uGm30Z0G1qakaLcM4Oru7/QxNjJUy0b6k2+cMb1u2j24kbxHSRpR38iOB3O0i/3o6SP8RSOZHWI0Ebmj4aHBr+kGJH282y5kZ+92kk1EbSLkapFxFiNbZwIwIxSKYd3k1c+kfCkXsSO2/1Hv1mRFMa8jWR9ANCNJFI2UdNFI2cir/n2UcZHZHIiqrs/WfJKm3y+AiEk+IA==
A50: 20047 | B50: B1-PI-I-5225 | C50: Cu | D50: 2 x 0,5 mm² | E50: 20 | F50: B1JBX-1324-X01 | G50: JUNCTION BOX VMS | H50: B1 | I50: 001 | J50: 001 | K50: B1-VE-13061-B01 | L50: VIBR.REAR GEN.BEARING - H | O50: DSPW/SUPP.VMS | P50: -PI-I-5225 | Q50: Cu 2 x 0,5 | R50: LOCAL Base Objects|Cable|A30|Z21|0502 | U50: B1-VE-13061-B01 | V50: -B01 | X50: -X01 | Z50: 2024-06-17 / Panek, P. | AB50: @@UU@@C@@AA8QAAotSQhjGMY5jHMYxjmMcyDnOhBzoSBCDpShAAHQhB0oSdKUpSkAAJSBAAAAkCQJAlIEAQhAEpSlKUgQBKUgSkCUJSgAAJAkCUJSACEpQlKQAAAAAAAAAAAAAAAAAAAAAAAAAAAAAAAAAAAASAAAAAAAEgAAAAAAAAAAAAAAAAAAAAAAAAAAAAAAAAAAAAAAAAAAAAAAAAAAAAAAAAAAAAAAABDo3u54ujh+Yjz9r7CNsEc4j2dEGfm3vBvJMcCrZN6aYvIHF9/K9s3v/EvmrPR7Xoerg/+/w8UVLjcUVqBNhcBf4AJ9T24NW9xiCzIBXKJUaeH3QSCS9SR8YEvPfrgEvgrrHsdx3YZetnYGaOByDWEOJQRucYBOgYZyFiFh2TDDOF6EhZKISzckION01lEPHCxCglnIhkmgSsCmmi6ho7+fkJYZo70Bx4yIuq8gZK7P8OoBGgykwNBfU48IJQ7EdwCG3OAGgEL6BoEaBknTLKIYdjmd0M3Y9wjsisYHEMI97iINmkBxGks20UafIg+b5rmaDc+WLNcz5LBFgkqBaAJhFG7IJ6RDHdr2tiraafbsxU/cRfKZsD5kHWQU4RFGi5u24QIooMIxZBEgvTSV5MdM1yWyOUncqn5aevdyiLRGty5ME0mOHoEWuGmghq08E9AjS1LXuZDLhjp18uuYO1gtiqBHVAjm+vfEW4XEa+DVK8exRpWiHi2QwYsTalUrK6wX2FJhA5jdEdURqgjGIqESCNY624I7/7EYxH6EMI/IisEUgjFV/KjWo5QAkEc945xFG4JKwEViO2IvpEAIcEeGuIREIkSGI/1n1NIR/GEQkgjrn9EfuUmEMXCEESiO8AFQiwEMIrEeMQwiuYbvViM4I3AM4hmbbYNCZW+jfAQCS6Q=
A51: 20048 | B51: B1-PI-I-5231 | C51: 1- C5XFE-R /ST/ | D51: 2 x 2 x 1.0 mm² | E51: 200 | F51: B1-TCS-1311-X11 | G51: BOX TPC/OPS | H51: B1 | I51: 001 | J51: 001 | K51: B1JB10-13311A HAN 6A | L51: HARTING Speed OPS | M51: B1 | O51: DSPW/SUPP.FI | P51: -PI-I-5231 | Q51: 1- C5XFE-R /ST/ 2 x 2 x 1.0 | R51: LOCAL Base Objects|Cable|A30|Z20|0502 | V51: HAN 6A | X51: -X11 | Z51: 2024-07-20 / Panek, P. | AB51: @@UU@@C@@AA8EAAomUQpTGMY5jnOc5jnOc5zqQg6DoUg6UpSpSlHUhCEHAlIAJUBSkqUpQAKUoAAAApKQKUoCVJAlSQJSoCEoApClJQoAAKUBSkoUACVJQlKgAAAAAAAAAAAAAAAAAAAAAAAAAAAAAAAAAAAAUAAAAAAAFAAAAAAAAAAAAAAAAAAAAAAAAAAAAAAAAAAAAAAAAAAAAAAAAAAAAAAAAAAAAAAAABCwfR2uo6BP6E/b4BO/AnpE5eqfD6PmPqwLB9q99n9gfd+PT4J3Pz/vl8OI8xF/x96z/5ff4JUSJSyZEGeaQD/wAebBfi+IYNAGCkW6c0UivjE8sfr+FKxXJW3nZwY5SJSgh8USgIiicie6JIWqDygF8SCRVBRBKGCCJMREUa4ohd2oXxeekLhMlc61Yk6Vssrg8iFLAmULcN9LTBeksrhGamZeQrEnqArPIVMc2fXVib1UTrBZ/lZdAow7AA2gj/AbRNpCyYeASJREEeiQ8fKJyDkgJCQJzSEn2MzpxAUCc72+e3Vq/QSVZGvdex1ujGJjFbF2gcIl7jurL3xIPPiwWZSzi2dInDTsvdziQ0IZxL+irMBv0bXRSRqioTPpvcdOHHRZcO5XG/7c6euJvCdrFo1FdPBc36eoS2QbmlCyrTRnMN8TNkovaNeKZkM2Ki5dROuBvZ53v5+MTPAmO0Sq33dPZDLKzsw70CXacwHScgn7iboJuCYRKxPcOTiU7vrE0CeoSBP8EpnrBMIJuW+y03sHQAFYn04j0iW7BW0ExifEJlUmCSBPrx0iUiVqQVerZpzieyBKCsT3j/ROD13S8JBYUgl0T5QAxCZQSBMgnbEgTJdIO7kEwgnyAfCJER88g2sObw94QAV9oA==
A52: 20049 | B52: B1-PI-I-5233 | C52: 1- C5XFE-R /ST/ | D52: 2 x 2 x 1.0 mm² | E52: 200 | F52: B1-TCS-1311-X11 | G52: BOX TPC/OPS | H52: B1 | I52: 001 | J52: 001 | K52: B1JB10-13311B HAN 6A | L52: HARTING Speed OPS | M52: B1 | O52: DSPW/SUPP.FI | P52: -PI-I-5233 | Q52: 1- C5XFE-R /ST/ 2 x 2 x 1.0 | R52: LOCAL Base Objects|Cable|A30|Z20|0502 | V52: HAN 6A | X52: -X11 | Z52: 2024-07-20 / Panek, P. | AB52: @@UU@@C@@AA8EAAolSQpTGMY5jHOY5znOg5znUhBzqQhCAAQpSkoUlCEoQlQFJAlIFAQpSgASBQAAAoCAJUBKgJUpSQJSoCEpAlKVJSgAAKUBSkoUACVJQlKgAAAAAAAAAAAAAAAAAAAAAAAAAAAAAAAAAAAAUAAAAAAAFAAAAAAAAAAAAAAAAAAAAAAAAAAAAAAAAAAAAAAAAAAAAAAAAAAAAAAAAAAAAAAAABCu+ztdR6xP6E6OuJzQJ7ROfqn2PZyneuWDvrzM/vD8P06fxne8/98/hxnlIweLm8H/9/wToukUStyoM88gH/gA8uG6LhDDpAw0i2nmikV8Qnkj9vDSsVyVxehnB8cpEpQQ54lARFE5E9kSQtUHkAMAkEiqCiCUMEESSjdiiF0VC/n6qQvEyV7erEnZZVB40KGBNOYLTHiuS6jGShbCazzzMCFYlesC8eMqdzz6asjfJVAtZ+tloFGHgADjBH+A4xOMhZMO6JEoiCPZIeLnE7I5YCQkCeaQk9/M4gJiel9F21r9OoSdf0xLc3dp35+vIJkFbV4wOES/xWrLriQerLdZmLOLpE4aODhv9vhQ0IZxMGirMBPkc9BGzGioTozWd3kvZMN+w7ht/FRviaxLcluoo268dHUJhkGTShTpnoLr4n0a66Z2729imZDNVmx1YETfAq1571OD+fqEzwJsYxKsfybgbGos34dUCUZwOk5BP3E1AmyJcJWJtnJ2VOX3iaBPcJAn+CUz3gTCCacXwxGq7oACsTvYz2iYuAVxAmQTuibCkwSQJ92SkSkStSCr3djazifCBKCsT5j/RPl99pfEgsKQS0T6wAxibAJAmUTtiQJltIOXKJhBO4B84kRH2p2mHN+XMIAK9YA=
A53: 20050 | B53: B1-PI-I-5235 | C53: 1- C5XFE-R /ST/ | D53: 2 x 2 x 1.0 mm² | E53: 200 | F53: B1-TCS-1311-X11 | G53: BOX TPC/OPS | H53: B1 | I53: 001 | J53: 001 | K53: B1JB10-13311C HAN 6A | L53: HARTING Speed OPS | M53: B1 | O53: DSPW/SUPP.FI | P53: -PI-I-5235 | Q53: 1- C5XFE-R /ST/ 2 x 2 x 1.0 | R53: LOCAL Base Objects|Cable|A30|Z20|0502 | V53: HAN 6A | X53: -X11 | Z53: 2024-07-20 / Panek, P. | AB53: @@UU@@C@@AA8EAAomUQpTGOY5jnOYxzIOc6ToOhCEnSlKUoSlSEpUlJ0nShKgKSpAFKSpSgKUoAAAApSVJUoCQIABKFAUkCEpApKUpQkAAAUBSkoUACVJQlKgAAAAAAAAAAAAAAAAAAAAAAAAAAAAAAAAAAAAUAAAAAAAFAAAAAAAAAAAAAAAAAAAAAAAAAAAAAAAAAAAAAAAAAAAAAAAAAAAAAAAAAAAAAAAABCs+vf5jkE/oT19cTwQJ7ROPmn2fZ3z7rFg8K+Bn+Afn4+XxTv/v/fHw3HlIxcXhl//5fp4qbJFEuLKgzzyAf+ADy24osELdAFtIuA80Uiv6iWR6eGlYqyTVu87RBplIlKCHxxKAiJUSJ7Ykhb0HF+wBaJBMvwUwShggiSUdSKIXcvC8XqpC+TJX92oSddd6DGhQwJmC7HiTDii5C+aJ550kYkL4l/SBWXlyFT6oz3rnCSoBb3krwAUYOwAGsEf4DWJrIWTD0RIlEQR7JDq4xO2OSAkJAnmkJPdzOMCYnofPZtej0iSvEaelofm6vU9cbAmwK4V1gdoSzVhWXXEg5MlleYr1conao+XBq72pDZQziYs9WYCe+86g0SKRKqeDu6+j3LMNZ8509FHWE0id23Z0lHTq6FHMJbING0hTnnslmETTOvq7tsy4y5cdOBE6wGm9mow/z9AmaBOfktlcJfu3qN4MstzD8cO5ATgac4HKb4nSE2wTbEtEqE6B3O2p9PvE0Ce4SBP8EpntAloJox/DGc+zkACoT7bj2iY+wK4wTYE4BMqkwSQJ9+xSJSJUpBe93ybfOE+ECUFQm8f6Jve/AYRIKykEwCfUAFwmUEgTIJ3hIEyYCDv5BLQTgA7IkRH2QG+w5uH8RABX4g=
A54: 20051 | B54: B1-PI-I-5236 | C54: 1- C5XFE-R /ST/ | D54: 5 x 2 x 1.0 mm² | E54: 200 | F54: B1-TCS-1311-X12 | G54: BOX TPC/OPS | H54: B1 | I54: 001 | J54: 001 | K54: B1-HZ-13303-S01 | L54: PUSH-BUTTON CONTROL ROOM | M54: ++Control room | O54: DSPW/SUPP.FI | P54: -PI-I-5236 | Q54: 1- C5XFE-R /ST/ 5 x 2 x 1.0 | R54: LOCAL Base Objects|Cable|A30|Z20|0505 | U54: B1-HZ-13303-S01 | V54: -S01 | X54: -X12 | Z54: 2024-06-17 / Panek, P. | AB54: @@UU@@C@@AA8MAAouSQpjGOY5jnOY5zmOdJ0HQpBzpQhCEHAlKUgQpKlHQdCAIUhSlKSBCQAUBQAAAACVJAlAEqUAClISBJ1KSpQEKQoAAKAoCkJUACFJQlKgAAAAAAAAAAAAAAAAAAAAAAAAAAAAAAAAAAAAUAAAAAAAFAAAAAAAAAAAAAAAAAAAAAAAAAAAAAAAAAAAAAAAAAAAAAAAAAAAAAAAAAAAAAAAABCr5tXaejqE/oTxCc8Cdgnr7Zvj6/J5frvrB5/xieGPt6LXmDn9vplku+z+6vuxHq1yr6PR5//iXpiCuaOfGgzbMgH/gA/Kvpi8hrhDBmAv4Rbx7IoFfUJrjp/ChYpkLZ+rNBuykSlBD3YlAREp5E2cSQk8Bag1gF5CCJE8E8EvDJkQRM6IKPBFELSL0ZZwtzEqqnpNG8JRdpulKE7C5AlZhvVpgLELW3E2WV2wlU1oQtWTcAul71xFtomWi43SW3aBaddVwCerxgBqBH+A1CaiFkw7wkSiIOuElGr8xOIccBISBP0kJN38mACYT9m9s8iHVKgjNu5dGjft4BMArdTfA4BK9y6MrgkHDhrqvWXOD2icWnHyZEJIVCXODBjA092Y6pTocPyZ8Xirqpt/N88pfvctT7WgTOJsZ8WyU7s027c26e0TFILeLMhazT3qq74mTizbEqb9VO/ZPjK/ixUUgm0B3rk2iur+fqEy5aJhMmHLncYl6eY3O+acsje49rB4IduAn5OWYau8BQdZxiUibAJuCYhLYmg4uETye8TOJ7hIE/wTwgl8Ez4PhgN+vqACkTswnYJXpFcQJYJ9AmNSYEkCfZZQJQJSpBa93j2sgnwgScpE4z/RPfUXBILZOCVCeUAMAmIEgSwT6RIEsuEHNYJwgnKBpEiI+XmDlYcn3+YUAV7g
A55: 20052 | B55: B1-PI-I-5237 | C55: 1- C5XFE-R /ST/ | D55: 5 x 2 x 1.0 mm² | E55: 100 | F55: B1-TCS-1311-X12 | G55: BOX TPC/OPS | H55: B1 | I55: 001 | J55: 001 | K55: B1-HZ-13302-S01 | L55: PUSH-BUTTON STG TRIP - MACHINE HALL | O55: DSPW/SUPP.FI | P55: -PI-I-5237 | Q55: 1- C5XFE-R /ST/ 5 x 2 x 1.0 | R55: LOCAL Base Objects|Cable|A30|Z20|0505 | U55: B1-HZ-13302-S01 | V55: -S01 | X55: -X12 | Z55: 2024-06-17 / Panek, P. | AB55: @@UU@@C@@AA8iAAo9SQhimOYxjHOY5jmMg5kIQg5zpQlB0IOlCEpQlCEHOhKEgShIEpSBKUpAlIAASACUpSlKUJSBIEoAA6UgSBSkKQoAAKAoCkJUACFJQlKgAAAAAAAAAAAAAAAAAAAAAAAAAAAAAAAAAAAASAAAAAAAEgAAAAAAAAAAAAAAAAAAAAAAAAAAAAAAAAAAAAAAAAAAAAAAAAAAAAAAAAAAAAAAABDo8G/7Og5RHm4P8EbYjiYRziM/q6Ib3N4PH5akmPWomTenjj9AV/Xieuf6f7N7qjj+T0fH2aH69Xt4o2KYNavoFE7gL8gBg+d3kahBnZBexAU1CVBstGJLjEZ25PhGk0jpL9k7GN3Hdhlxs7AzPY5FqiHSgyVpjOAXEDDOQYgw7JhhnRFY0GSjEm7FkAkiH6q5DYxiITxvamiQRJktuwKr1yhFJUgml03hpPC4xMoqEDpTQ6gE5nJFpUEbJTq2RRglaxyzgQl3AAzAhf0GYRmGSdMtYQzszHMyHbN8xG+KtgcQwj6OIiyX6QIhH7rk613BlQcryDdPG+pk15Lwi8JKcWUDYEXN2cT7Ihjarquz/xft7n1EV8Ga7m0u3qIHQZdQRThns0wHy29SM7jyyIMG9Lu6fYvW9aa/w/zdebD2ZtoRKIwX7NbFklx4o+gRRfiCXQ1UEurC/bpvCMljR2slHVre+XKqrlpgRsga1NyGFpv77wjR0XES06OEKxE8IuGzYXbxvFgo67LEwbfWcVrCBzHaEa4jGCOoIrESCNc4N8R3/uIxCPsIYR/wjaBF0EYqfxSa9HKAEgjnvHOIo3hJVgioR3RGgkRAhwR5aoxEYiRIYtfbcwWCPwwiBII7J/4j7zE4hiUgCJhHiACkRWCGEVCO+IYRVOMeGoRmBHeAyiGZt3yBwplZ7/OgECS6QA==
A56: 20053 | B56: B1-PI-I-5241 | C56: Cu | D56: 2 x 2.5 mm² | E56: 100 | F56: B1-TCS-1311-X21 | G56: BOX TPC/OPS | H56: B1 | I56: 002 | J56: 002 | K56: B1-JBAY-1341-X01 | L56: JB HPH FI | M56: B1 | O56: DSPW/SUPP.FI | P56: -PI-I-5241 | Q56: Cu 2 x 2.5 | R56: LOCAL Base Objects|Cable|A30|Z21|1502 | V56: -X01 | X56: -X21 | Z56: 2024-06-12 / Panek, P. | AB56: @@UU@@C@@AA7oAAoaUQpTHOY5znOY5jHOc5zoQhCEoShKUISlKToQk50pSpCgAUpSFKAhIAAUpSgAABAEKUpSgKUBCVJApKVAShSkpQAAAKAoCkJUACFJQlKgAAAAAAAAAAAAAAAAAAAAAAAAAAAAAAAAAAAAUAAAAAAAFAAAAAAAAAAAAAAAAAAAAAAAAAAAAAAAAAAAAAAAAAAAAAAAAAAAAAAAAAAAAAAAABCq8nx9fQJyfX/Qm+CdQnn65+Dp4/o41g5Xmhj6uW1yB9p93s8vpv/358+M5vRKqfL9n/y+/8JRgiUoxoMa0gH/gA1qsUYBDDrgYKxb9/9ZWxXmE80fvQv5XJK87KDblIlKCHPEoCIlfkTsEkLbg8wBgEgkUwUQS15zZkEXZv5xERSWoWkWPL6t20F2glpe1gEneW7b7sqULTC5kjDZUlZbzRjK4WjPRluOFCFnd7IFwsKHP39jDTPG1E6RGiC5nvXwKLLegANQI/wGoTSQsmGwSJREHTKQ6v0E8KZISQkCeiQk97NYBMTnbKu3z7WX9hJzuEbszXp7frsEsFbw6gOHgEq03xloEg9WPDey3ei5o9gnxZqKzgQmhlEv14wIl4zgy0HR4aRNzg29Oe1huyPkNyfcEyibxixZ+1T2NvrEwyTd4tpC3tUbNVYnDO93MMrDhN6u1dBMi2o3J7X8/MJkgSzfrEprv2aEq7FWDvQ7MCU5AOk4RN8TXBNYSsSkTbPh8Qnz+4TYE9okCf4JuAmEE2K/fWdmr1gBSJ1WHUJVviuMExCfKJkUmCSBPpxWhLQlKkFv26NnMJ74EoKRNR/onuul4SC4UAl0TyABWJjBIExCcQkCYrxHHiE1AnEBpEiI45BpYcv48gIqL8A=
A57: 20054 | B57: B1-PI-I-5243 | C57: Cu | D57: 2 x 2.5 mm² | E57: 100 | F57: B1-TCS-1311-X21 | G57: BOX TPC/OPS | H57: B1 | I57: 002 | J57: 002 | K57: B1-JBAY-1341-X01 | L57: JB HPH FI | M57: B1 | O57: DSPW/SUPP.FI | P57: -PI-I-5243 | Q57: Cu 2 x 2.5 | R57: LOCAL Base Objects|Cable|A30|Z21|1502 | V57: -X01 | X57: -X21 | Z57: 2024-06-12 / Panek, P. | AB57: @@UU@@C@@AA7oAAoUSQpjGOY5kGOY5jHOZB0IQdIEJQdKTpSgAEJSk50pQBAEpUoCkpAhQAAUpSgAABAEqSlSgKApCQJApKVAUhSkpQAAAKAoCkJUACFJQlKgAAAAAAAAAAAAAAAAAAAAAAAAAAAAAAAAAAAAUAAAAAAAFAAAAAAAAAAAAAAAAAAAAAAAAAAAAAAAAAAAAAAAAAAAAAAAAAAAAAAAAAAAAAAAABCs+n5urnE5Pt/oTugnSJ6+qbv9HH9XGsHmeWGPs81HIHnPR7/T+tf9+vaynL7JWTfd5//9H3/hRFkTyi9BjckA/8AG5jyxYIW5wLLha6/0lgFeUT1R+86/lhkrzMoN6UiUoIc0SgIiVcia4SQuCD1AGISCRTBPBLPNMzEEVTJnpKIWkWPT7d2gKpyWp0YhJsNG/LAhOwuZMRjusS0pKFpsyIUbWC+pxoQs2xvAYSsnc25Rc1kqAXB3MNQE+PgADWCP8BrE1ELJhxiRKIg6JSHV+YmtMsJISBPZISbTs2gTCczi0c2ftfsJNNTxRLTnnowxp91wlwrWPgA4u+Jj14rBm4BIPbfRdXs7HPVwU+8TVtUXHeQmQzCYrrwIlwnDmnOfAJfRX89WbFVh4YwG7VRpEyCdkuov7FN2PqEtkmj6NtDBtz7dlomm2evtWynOI0W0VAl60Rnm7f8+QS+BLuzaJTbXdvpZu2YtMPXgSm8DoPCJvibgJtiWiUidg8GoTy/ETOJ8BIE/wTQCYwTPb8rTes9wAUidNx0iWd0VygmQTxiXqTAkgT68lAlAlKkGD4cHXzCfKBJykTWf6J8ajYEgwk4JUJ5QAtEygkCZBPEJAmTYI8mQTWCeMDUJERxpqYdn8eQEVF6w
A58: 20055 | B58: B1-PI-I-5245 | C58: Cu | D58: 2 x 2.5 mm² | E58: 100 | F58: B1-TCS-1311-X21 | G58: BOX TPC/OPS | H58: B1 | I58: 002 | J58: 002 | K58: B1-JBAY-1341-X01 | L58: JB HPH FI | M58: B1 | O58: DSPW/SUPP.FI | P58: -PI-I-5245 | Q58: Cu 2 x 2.5 | R58: LOCAL Base Objects|Cable|A30|Z21|1502 | V58: -X01 | X58: -X21 | Z58: 2024-06-12 / Panek, P. | AB58: @@UU@@C@@AA7oAAoVSQpjGMY5znMY5jmOc6DnOhCUISg6UqSlSUoAk51JSpAFKSpIEpAhQAAUpSgAABAEqUpSgJABClIApKVAUhSkpQAAAKAoCkJUACFJQlKgAAAAAAAAAAAAAAAAAAAAAAAAAAAAAAAAAAAAUAAAAAAAFAAAAAAAAAAAAAAAAAAAAAAAAAAAAAAAAAAAAAAAAAAAAAAAAAAAAAAAAAAAAAAAABCs+fxdXOJx/X/QnACdIno6pu/0cX0cSweZ5IY+rzUcYfafd7Px/XD/foz5Dk9MrJt0//7Pv/CeK4nlGRBjRIB/4ANFl0ViGLSBZaLhw/pKkV5BOWP3nXz3pK8zKDelIlKCHkiUBESwyJsYkhaYOUArEgkVQTwSz+qZmIIwUJy3iiFvCx+V6cL0xLcd/eEmqo7kqUJ2F2ksx4UxFJXchNnny3YYvuJCFowZAMBShO5tFEY2smoBae3ei+BPb3gA2Aj/AbBNZCyYcQkSiIOiUh1/mJsTJCSEgT0yEm7Oa0CYTma9+Obb/YSUqSNWmrV68QmIVwDrA+OvgEsl36xm+ESD1XW4cmDnvd32CcPizxRccCE6GcSunHmAibwk/h2qDnnqEl48unRtYr948fgiqftCZhNRddn7FXX3eoS2Sas24hTuT7dlonDNg7OKWM4TTbRfBMq0RvTfB/PkEywJj1WiVW4cfcSzdsr7cO5ATQNWUDoPAJ3RNIJoEtEqE3j4tYnl9wm2J7RIE/wTfBMQJt2++07FnrACoTpxnSJZwCuQEuE+UTKpMCSBPpuoEoEqUgp9ve3NoT3wJOVCbD/RPdfMAkF4nBL4nlAC0TICQJcJ8wkCXYCPJcJsBPkA1iREcUBrYc3n4wRUXrA=
A59: 20056 | B59: B1-PRP-13701-C4001 | C59: 1- C5XFE-R /ST/ | D59: 2 x 2 x 1.0 mm² | E59: 30 | F59: B1-TCS-1301B-XD53 | G59: TCS I/O and marshaling cabinet | H59: B1 | I59: 004 | J59: 004 | K59: B1-PRP-13701-XC7 | L59: BOX OF GEN.PROTECTIONS | M59: B1 | O59: DSPW/SUPP.FI | P59: -C4001 | Q59: 1- C5XFE-R /ST/ 2 x 2 x 1.0 | R59: LOCAL Base Objects|Cable|A30|Z20|0502 | V59: -XC7 | X59: -XD53 | Z59: 2024-07-21 / Panek, P. | AB59: @@UU@@C@@AA9IAApVUQpTGMdBzHOcxznMY50HQdB0oQpSEpSlSkqQpKUnQdSAAUBSVKUpSQAUoCgAUBQFKABIFIUpSUJUgClJSBSVKQBIEqApSlIUACVJQlKgAAAAAAAAAAAAAAAAAAAAAAAAAAAAAAAAAAAAUAAAAAAAFAAAAAAAAAAAAAAAAAAAAAAAAAAAAAAAAAAAAAAAAAAAAAAAAAAAAAAAAAAAAAAAABCxfJs6TnE+j7v5E5uEE84nT9/7Uebuf13j5zIsd9eU5KPrDk8PRnnf/P+/F4LTToli/D6u//8pcksUiUq7UGe3IB/4AOpZ40Is0gYcYtZVolUK8omWP1+ylY+2Qvka4PxlIlKDwEmmJxNYZRO6RPUJI8MDTICSu1BzAWCQJIpgoglDBBEmUQUdeJQtIvLz0BISDmgDUJAF69TE2lDOE8lmCtIQvHiQlonuVCSlVaYLilyob/kscBOkFtvX81F/gADYCP7hsE2ELJhyiRKIg1wko4vyE4htgJCQJ45CT6tgEhP0cGnd3BOtOrNEvXQ3N859eMTGK4F7QGo9oTDwzWXYEg47sVlfHnrwcPQJ28Wzs8c9sTDZlx4pGPVmEvaqjWZ+3f97aQqIqNVEEZaPLevdUS0Te29c9GDy7x1MFOijpEmhdMKN3d3tKGOwSWi6tT2LrqYLrcdN+sE64F08N/rfx3ROxAmXd4LRMV3FVh9kPNwYdyG2BKug2CR2cgmoEx26RMoncrE4Cri1iR8PpErE9AkCf4JvgloJfyerIYN+DnAC8Jj8/a+WZMSygVzXAlokhLlJgmSYJ80qRKRLykFVXofc1ZxPVAlBtCaz/RPTfrMAkF9pBKxJ/GAFQloJAmUTuiQJlrIPiyie2CfAIe/Ed6Qe6w5uT6QQRX1g
A60: 20057 | B60: B1-PRP-13701-C4002 | C60: 1- C5XFE-R /ST/ | D60: 2 x 2 x 1.0 mm² | E60: 30 | F60: B1-TCS-1301B-XD53 | G60: TCS I/O and marshaling cabinet | H60: B1 | I60: 003 | J60: 003 | K60: B1-PRP-13701-XC7 | L60: BOX OF GEN.PROTECTIONS | M60: B1 | O60: DSPW/SUPP.FI | P60: -C4002 | Q60: 1- C5XFE-R /ST/ 2 x 2 x 1.0 | R60: LOCAL Base Objects|Cable|A30|Z20|0502 | V60: -XC7 | X60: -XD53 | Z60: 2024-07-21 / Panek, P. | AB60: @@UU@@C@@AA9IAApVUQhTGMdBzHOc5znMc50IQhCEKQpSUISlSlKQpKUIQdSAAUBCgKUpSQAUoCgAUBQAKUBSlIAlSkKUkClJSBKVKQoClJApSlIUACVJQlKgAAAAAAAAAAAAAAAAAAAAAAAAAAAAAAAAAAAAUAAAAAAAFAAAAAAAAAAAAAAAAAAAAAAAAAAAAAAAAAAAAAAAAAAAAAAAAAAAAAAAAAAAAAAAABCxfDq6zpE+XvfyJ3+EE8onX9nkq/bi/runyGVY+leg56vnDn+7q00v+L+/B9txtbE4vvu+r//o+vnrySVTh0INK5Af+AD08nhQjJtgYcotpZszYK9Al0fnz1rHekXxtsH4TJMwQ1RMdBDCzNM8lN0TaoNcgSga0HfAxiQJJXBVBMMEESE1dmJhaxejpqCRIO/AG4JF69JXMtaGkJWmXHgtSEKzwITsU2bBJmy4zlThzIb3jxuApYC3a1/RVf7AAagR/cNQmohZYcwkTEQccJMcn4icg3QEiQJ4ZEpv4wJE/JwbW3sicFLNET6iGzvHTx5BMgrgXtgbh64mHhos9oSDlz4sdvLptwcPUJ3MWr2OWmuJhx5smKTJuaBO37mT9Mt+a795CojUbjOtXXviZhN2vjph07ZtW1Z6usSiGWgXV7Gvt7KGTGJr61WvophU3tGiyCs39Gay3CCcAGmmK3f/jmE7MCZ8wmC7j9XBZ2n9Y7GDahzQJe6jkEj1vIJugmW7aEuE4rROAs5OMSPe84lonmEgT/BN4EuBL+X0ZTBvQdIAXhMnl4vioUEx1CujOCXCSJnUoCZaAnxzWJWJeUgss8z3NzSJ6IEqNYTUf6J579pgEgvtYJaJT4AAsEuBIEzCcwkCZrSD38wnsgnuiHNEd32g9th08/zAgivpAA==
A61: 20058 | B61: B1-PRP-13701-C4010 | C61: 1- C5XFE-R /ST/ | D61: 2 x 2 x 1.0 mm² | E61: 30 | F61: B1-TCS-1301C-XD55 | G61: TPS I/O and marshaling cabinet | H61: B1 | I61: 001 | J61: 001 | K61: B1-PRP-13701-XS1 | L61: BOX OF GEN.PROTECTIONS | M61: B1 | O61: DSPW/SUPP.FI | P61: -C4010 | Q61: 1- C5XFE-R /ST/ 2 x 2 x 1.0 | R61: LOCAL Base Objects|Cable|A30|Z20|0502 | V61: -XS1 | X61: -XD55 | Z61: 2024-07-21 / Panek, P. | AB61: @@UU@@C@@AA9IAApWUQpTGMc5zHOYyDnMc6EIQhB0nAlCUpQlCVIUlKVIOdKkgUACVJUpKlAApSgAUACgJABSgIUlSlJQhSkpSpSlIQpIFKApSlIUACVJQlKgAAAAAAAAAAAAAAAAAAAAAAAAAAAAAAAAAAAAUAAAAAAAFAAAAAAAAAAAAAAAAAAAAAAAAAAAAAAAAAAAAAAAAAAAAAAAAAAAAAAAAAAAAAAAABCs8GroOYT5vF/InJ7QJ6BOj6/2o/X2/6+E+UxrH0L9pyUeEOLj59eeD8f78v2XG3sys5Iwf/4fp4qaZFEuPKgz2ZAP/ABot/BCLdwCywWsq2pVCvjEyRy8VKx4pAH5NcHklIlKCGiJQERK6RPOJxz8YwwwVTAkBfg+4C0SBJFMFEEvNJkQRNSVO/EoWCoXj5pqSEg++AOoJF69TE2lDYCeTHhrSELxoQltT26hJSqzGUodu5Dp2NetE6gW6/g16MHUADUCP7hqE1ELJhyCRKIg4YSUafIJpHLASEgTzSEn1rQJCfm4dvlE68qSOluoU7XT5tNolorUvbAznAJZ2ZrLfEg7t1ltfLmrw9rnExdzsdju0bAmK3Jpska2YTbq09LW8/DZFeBDCR2zQ8M/PVVvCZRN3LfnboM+CeijoEmhjmGem7Y0biErbBN6jYy96xTrZpU5jRr3VV4gTEBLFf7+/s/x3xPZgSnLFwmK73KMXAG7XtQ2QGGBq5zuCRwbwm4Ca2TaEyCcNYnVKtWkSPf9QlYnpEgT/BNAJcCYMfrxmHRB+gAXhNb0dr45kxLaBXNlBLhJCZVJgmOYJ8kqRKRLykFVXpezn1xPXAlBfE0n+ierBWYRIMDSCViT8AAVCXAkCZBO8JAmSsg+DIJvAnvCHuxHxahM31fOCCK+wA==
A62: 20059 | B62: B1-PRP-13701-C4011 | C62: 1- C5XFE-R /ST/ | D62: 2 x 2 x 1.0 mm² | E62: 30 | F62: B1-TCS-1301C-XD55 | G62: TPS I/O and marshaling cabinet | H62: B1 | I62: 001 | J62: 001 | K62: B1-PRP-13701-XS1 | L62: BOX OF GEN.PROTECTIONS | M62: B1 | O62: DSPW/SUPP.FI | P62: -C4011 | Q62: 1- C5XFE-R /ST/ 2 x 2 x 1.0 | R62: LOCAL Base Objects|Cable|A30|Z20|0502 | V62: -XS1 | X62: -XD55 | Z62: 2024-07-21 / Panek, P. | AB62: @@UU@@C@@AA9IAApZSQpTGMc5zGOcyDmOdB0oQg6FHQhB0qUhKEgShIEIQdKlAApSVKApKlAUoCgAUBQFKABQEoAlSlJQhSkqSpSlIQAAFJApSlIUACVJQlKgAAAAAAAAAAAAAAAAAAAAAAAAAAAAAAAAAAAAUAAAAAAAFAAAAAAAAAAAAAAAAAAAAAAAAAAAAAAAAAAAAAAAAAAAAAAAAAAAAAAAAAAAAAAAABCxeHV1nSJ8/j/kTn7oJ6BOv7PPR+3F/XxHzGNY+tfuOej6g5ebqzTwfn/f4/bkNrYli5/p8X/y8U5YpEpc2VBnsSAf+ADRb+SEW5wMOsLWVbMqhXyCXR0ctKx45C/o1weWUiUoIaIlAREskie2JzTDyRAEVTAkBfg+8C0SBJFMFEEr3mmzIIoGVXbiULeF5umhGQkH4QBpEi+t+/VFDUh2Qndjv1pCF40IS2Z9zPeEnOd7MZilz5UN61sJUguW6/g2KcHaADUCP7hqE1ELJhuEiURBxwko5PKJyDlgJCQJ5pCT9q0CQn6tmfoE7cqSNGlCna3unVaJaK1LxAbZ3RMXemsuASDfyYtOtZ0ZrMPe6hMXfr4Pco7ImG27DBbwa4m1721o1+H3dXHhrE4i0reOiqqnfE1xNPfvzz7puYJ7tHWJNDDMKMG3n3vYQlRhE2d3NlwqezllRlMu5dVYCWAW2X9/N/HgE4IEyXCWXdqzTwO5Xsw4oCimQ1S6jUJHc84mcEtu2RMYnHYJpKtXIJHweoSsT0iQJ/gmgEyAmDH68ZZog6QAvCa3o4fkmTEtoFdfKCZBJCZVJgmOYJ8sqRKRLykFVXpeHbzCeuBKC+Jxn+ierBWWCQYGkErEn4QAqEyAkCXCeASBLqyD4bhOEE98Q9uI+OQamHX5foBBFewA
A63: 20060 | B63: B1-PRP-13701-C4012 | C63: 1- C5XFE-R /ST/ | D63: 2 x 2 x 1.0 mm² | E63: 30 | F63: B1-TCS-1301C-XD55 | G63: TPS I/O and marshaling cabinet | H63: B1 | I63: 001 | J63: 001 | K63: B1-PRP-13701-XS1 | L63: BOX OF GEN.PROTECTIONS | M63: B1 | O63: DSPW/SUPP.FI | P63: -C4012 | Q63: 1- C5XFE-R /ST/ 2 x 2 x 1.0 | R63: LOCAL Base Objects|Cable|A30|Z20|0502 | V63: -XS1 | X63: -XD55 | Z63: 2024-07-21 / Panek, P. | AB63: @@UU@@C@@AA9IAApbSQpTGMc5zmMcyTnMc6EIOhCEnShSAJQpCUKShCkIOdSkgApClAUpSgKAoCgAUBQAJABSgIAlSlJQhSkqSpSlIQAAFJApSlIUACVJQlKgAAAAAAAAAAAAAAAAAAAAAAAAAAAAAAAAAAAAUAAAAAAAFAAAAAAAAAAAAAAAAAAAAAAAAAAAAAAAAAAAAAAAAAAAAAAAAAAAAAAAAAAAAAAAABCxfHq7DqE+jx/yJ0eAE9AnZ9nno/bj/r5D5zGsfUv3HRR4g5ufr1p4Pz/v8ftuNnYli6Lpf/4vr5qbZFEufMgzpkA/8AGi38kIt2gLLRcJVnlUK+QTJHTzUrHjwzF/Rrg8spEpQQ0xKAiJXSJ7YnPNPIhFUwJAX4PvA7YkCSKYKIJeaTIgiYSp34lC1C8/VQjISD8LJAbokX7+AvSobyF7YCpacmOdaQhfvRoQnlnRs3hIvZjMVBs15UNy1sJVAuW/g16L+6AGoEf3DUJqIWTDkEiURByQko0+UTSN0BISBPNISfetAkJ+rXs9InsypI0bqFOfb6tNolorUvtgbZ7QmLhmsu+JB4bsVuHpzYa+LrEs9zi7/ho1xLLclkFuUTOeDg08GPPx4cCFZHEaHjnmqq3hMwm5bfni0G3gnoo7BJoY5hRs59G0hLFYJvUa12ixTdyypynvZslWGwEsA7s8WDe1/45RN+BMtwll3sV92/sQ1wG4EDTh6zSJG/5xNoEtx5xMYnHWJulWnkEj4PUJhE9IkCf4J3AS4EwY/XjK+5B1ABeE7fo4flmTEtoFc2UEuEkJlUmCY5gnzSpEpEvKQVVel4dvWE9cCUF8TkP9E9WDCViQYGkEwiT+IAKhLgSBMgnKJAmTCQfDkE7wJ74h7sRy8AamHW5vpBBFe0A=
A64: 20061 | B64: B1-PRP-13701-C4013 | C64: 1- C5XFE-R /ST/ | D64: 2 x 2 x 1.0 mm² | E64: 30 | F64: B1-TCS-1301B-XD43 | G64: TCS I/O and marshaling cabinet | H64: B1 | I64: 007 | J64: 007 | K64: B1-PRP-13701-XS1 | L64: BOX OF GEN.PROTECTIONS | M64: B1 | O64: DSPW/SUPP.FI | P64: -C4013 | Q64: 1- C5XFE-R /ST/ 2 x 2 x 1.0 | R64: LOCAL Base Objects|Cable|A30|Z20|0502 | V64: -XS1 | X64: -XD43 | Z64: 2024-06-12 / Harasta, T. | AB64: @@UU@@C@@AA9IAApaSQpTHMZJzGOc5znOY50JOg50IOBKlJSlKlKQBJ0pQc6EgApQFKABKQKApSgAUACgAQBQFAOpQEoSpIFJSpSVKQpSlJApSlIUACVJQlKgAAAAAAAAAAAAAAAAAAAAAAAAAAAAAAAAAAAAUAAAAAAAFAAAAAAAAAAAAAAAAAAAAAAAAAAAAAAAAAAAAAAAAAAAAAAAAAAAAAAAAAAAAAAAABCv+DZ0nOJ8/1/yJ9vECekTp+z0Uft3f68J8xiWPpXxbt1zlDdzZuidf4f35fFaaM8r/j5eX/4+rdRgkUSstQZ55AP/ABqw+ZCMOkC/iFrKc8qRXmEyR+W64sWyF87XB90pEpQQ0RKAiJZJE9AnjmnMhFMwJAdWDyAYBIEkXIKIJYJMiCJuOJ09qJQtQvNz0DISEPIQBpEiqq5E24BvBdKMmOdaQhUQvmQi/PPSJbVlMpSFdzIhq888DeKKhCiBLbte9RX7QAbQR/cNom0hZMNokSiIOOElGzyibBtgJCQJ98hJ9jABIT8WVmjTvidmdWWJddDPwHP3sImEVsXuAae2Je4prLtiQd+2/gr5N6uzi6BNd/Zd786swlFN/FgvSMGi0TXxS97gso18NdSFhHe4WVFHtiZRNVndnn4DPdnmo6RJoYphRv5+DQhfvCStx1qdfHjuQfBp05cdV4E7IF/NGCzf/j3xO1AluQSy3jr/TVd60OGA9wP1kNXQbRI930CcIJhyb4mMTjrE7BTt2CR8XrErE9QkCf4JqBMgJdxezEWaoPzACoTD6dfyTJiYKBXLaCZBJCWqTBMUwT5ZXBLglSkFNPqdenMJ7IEoOqJsP9E9d2ssEgutwErEn4QApEyAkCYxPhEgTHWQeDGJ3ATkEOSI+NNrDl3fQCCK9QA=
A65: 20062 | B65: B1-PRP-13701-C4014 | C65: 1- C5XFE-R /ST/ | D65: 2 x 2 x 1.0 mm² | E65: 30 | F65: B1-TCS-1301B-XD43 | G65: TCS I/O and marshaling cabinet | H65: B1 | I65: 007 | J65: 007 | K65: B1-PRP-13701-XS1 | L65: BOX OF GEN.PROTECTIONS | M65: B1 | O65: DSPW/SUPP.FI | P65: -C4014 | Q65: 1- C5XFE-R /ST/ 2 x 2 x 1.0 | R65: LOCAL Base Objects|Cable|A30|Z20|0502 | V65: -XS1 | X65: -XD43 | Z65: 2024-06-12 / Harasta, T. | AB65: @@UU@@C@@AA9IAApYSQpTHMc5zHMY5znOY50KOk50IQlKgJShSUgQhCEoSdCEgApQFKABSVAUpSgAUACgAUlQFAOpIEoSpIFJSpSVKQpSlJApSlIUACVJQlKgAAAAAAAAAAAAAAAAAAAAAAAAAAAAAAAAAAAAUAAAAAAAFAAAAAAAAAAAAAAAAAAAAAAAAAAAAAAAAAAAAAAAAAAAAAAAAAAAAAAAAAAAAAAAABCs+HX0nOJ8/2fyJ9u+CekTp8Poo/buf13z5jGsfUvi2bLn0hs5s/ROr8P78vitNOiVnj8Gb//B9ey5ikUSrzIM70gH/gA3cXmQjFqAsxi1FOiVIrzCZY/LZcWPDIXztUH3SkSlBDREoCIllkT1CeOaaCIWmYEwL0HkAwiQJIuQUQShggiQSo3olC3BebnoCQkOSAPIQBqEi9e2rsqGkDaCeXJZWkIXSDzIRVOWiFpEpzFpSGVDd89djWUUguW9fz0VbXtgByAj+4cgnIQsmHMJEoiDuwko1+UTWNsBISBPvkJPsYgJCfi4q9OrSJ2Z3c92U+uhPq7Zz8eMTGK1rwgbe8JZvzWXuCQd7NZhq5dqrBv9AnFZrv96d3OJRTZjw1yMOq0Tt6uDgv1bnDwV1IWEce6yoo7ImcTrW4p6Ns0X55KOkSaGOYUdW3b0oWViStyVKdfJkuQe9qtx04ATeArzRZV3dP8e6J2oEtyiV27mD9N2/7UOOA7QQNP69ByiR2/QJuAmLLpEyCa8AnYKeXkEj4PWJUJ6hIE/wTrAmUEv4/ZjMG7B+YAXRMXp4vkmTEw0Cua0EyiSEtUmCY5gnyyuCXBLqkFNPqeLVnE9kCUF4TWf6J679RgEgvtwEqEn8QAUiZQSBMgnviQJkqIO/kE4QTlEOOI+PuByMOfZ9AIIr1A=
A66: 20063 | B66: B1-PRP-13701-C4024 | C66: 1- C5XFE-R /ST/ | D66: 10 x 2 x 1.0 mm² | E66: 30 | F66: B1-TCS-1301B-XD43 | G66: TCS I/O and marshaling cabinet | H66: B1 | I66: 003 | J66: 003 | K66: B1-PRP-13701-XS4 | L66: BOX OF GEN.PROTECTIONS | M66: B1 | O66: DSPW/SUPP.FI | P66: -C4024 | Q66: 1- C5XFE-R /ST/ 10 x 2 x 1.0 | R66: LOCAL Base Objects|Cable|A30|Z20|0510 | V66: -XS4 | X66: -XD43 | Z66: 2024-07-21 / Panek, P. | AB66: @@UU@@C@@AA9KAApaSQpTGMc5zHOc5zmMc5zpOdB0JQpKUqShQFJUhKEHQdSVAUkAFAUpSQKUACgAUoAAKSpSlIUpSkJUgClJSBSVJQBQFJApSlIUACVJQlKgAAAAAAAAAAAAAAAAAAAAAAAAAAAAAAAAAAAAUAAAAAAAFAAAAAAAAAAAAAAAAAAAAAAAAAAAAAAAAAAAAAAAAAAAAAAAAAAAAAAAAAAAAAAAABCw/Dt6TnE+X7f5E5vaBPOJ0/d5qP24v67+P5CFj6V5Tko+cOTw9Ged78/78X32mrqyw/h4PB//0fVyU45FEsGZBnpkA/8AG9k8aEZNYGGwWsq1SqFeUTLHl+ykCM8hfI1wfjKRKUENESgIiVsiesTwzGmQEtKELdg5gMQkCSKoKIJbvZmzIIoCVXaiUAXBeXnoCQkHNAHWEi5RcmDSh1Q00ZbcF9IQumU8SE7tG4UrcEuSMpSFiHX8mFrJ0iGGBLbt7RRX64AbQR/cNom0lJYIbRIlEQbISUcf5CcY5YCQkCeOQk+1iAkJ+jf1bmoTfnVmiXrIadRz8eMTGK314gNZ2xMHc7dCz9gSD2c2KrHf7ui/g4LnQJxYuGjuz0CYMVmPDIx68wlsT3cF/T3L1xCsjYe7UzvVVdgSwTdz8U9FhqvTzUdIk0LJhRbo3NKGHAJnnZWpvWWVQaLcdNYJmAv5YwXuv/HeE7MCe3bYJgt2X4/XrV6IckBvhA3Og4xI3/MJrBMVuoTIJxVidgq49gke96RKxPQJAn+CbwJaCXsnqyF/eg8oAXBMfn4PimTExUCubKCWiSEyqTBMkwT45UiUiXFIKqvQ8GvOJ6oEoLomw/0T03qy+JBeaQSsSfwABUJaCQJYJ7gkCWVkHv2CcAJ3hDhiO/whtYc/1/MiCK9Q
A67: 20064 | B67: B1-PRP-13701-C4025 | C67: 1- C5XFE-R /ST/ | D67: 2 x 2 x 1.0 mm² | E67: 30 | F67: B1-TCS-1301B-XD53 | G67: TCS I/O and marshaling cabinet | H67: B1 | I67: 004 | J67: 004 | K67: B1-PRP-13701-XC7 | L67: BOX OF GEN.PROTECTIONS | M67: B1 | O67: DSPW/SUPP.FI | P67: -C4025 | Q67: 1- C5XFE-R /ST/ 2 x 2 x 1.0 | R67: LOCAL Base Objects|Cable|A30|Z20|0502 | V67: -XC7 | X67: -XD53 | Z67: 2024-07-21 / Panek, P. | AB67: @@UU@@C@@AA9IAApXSQpTGMdBzHOdBzmOc5zoSc6EIQdKkJSgCUqUdKEpOdBwAAoAEKABKQKUoCgAUBQAKAhSgIUpKkoUkClJSBSVKQpQFKApSlIUACVJQlKgAAAAAAAAAAAAAAAAAAAAAAAAAAAAAAAAAAAAUAAAAAAAFAAAAAAAAAAAAAAAAAAAAAAAAAAAAAAAAAAAAAAAAAAAAAAAAAAAAAAAAAAAAAAAABCveLX1nSJ8v1/yJ5veBPUJ1+T9qP18H9eM+QwLH0L5Tno+cOfo6sk7f4f35/swmbcle+3m5v/5vp56b8iiV3Ggz7MgH/gA4MHoQjBugXrBayrNKoV8omKPy+qlY8khfS1wfdKRKUENESgIiWGRPeE6JjTICWcghYTag8wG2JAkiqCiCUMEESCVHFEoWkXo6aAkJBv9qQG8JG1tVRMGpDKE7MF24kIWjc86E5TzYy0JK1NDCUhhQ0em81k6QXDa2slFu/wgBrBH9w1iayFkw2CRKIg8MJKNX3iahxQEhIE9EhJ9u+BIT8W5mz5hO5OrJEtCGbKdPhviXxW4vGBuneEu6ZrLiEg2Yr23XsyV3NPUJ4L2nTx7KNwS9R+mDFOy/Mso38onTpyUfndy6rltC6RyHAyqpp4hMYmjNrnn3y3bnlo6xJoX5hRnzcG6heuiYp2Vqe5ZZVBy4b9NYJ3QLmKLtvi/jlE7sCWcPcwiXsWy7o4Lm5DZAd4IGrqNgke72xN4E28WcTAJqrE4Srk1iR8HsErE9YkCf4JoBMIJbwe3AXNEHSAFoS/6u/8UyYm3QK48QJhEkJiUmCYJgnxypEpEtKQVVet7+7kE9sCUG0JqP9E9lusuCQW2kErEn4wAqEwgkCWCcokCWVkHisE4wT3xDjiPhgORhx8/zAgivYA=
A68: 20065 | B68: B1-PS-13102A-C4001 | C68: Cu | D68: 2 x 2 x 0,75 mm² | E68: 20 | F68: B1-JBAY-1341-X01 | G68: JB HPH FI | H68: B1 | I68: 002 | J68: 002 | K68: B1-PS-13102A-B01 | L68: PRESSURE CONTROL OIL - PUMP 1 | O68: DSPW/SKID | P68: -C4001 | Q68: Cu 2 x 2 x 0,75 | R68: LOCAL Base Objects|Cable|A30|Z20|0522 | U68: B1-PS-13102A-B01 | V68: -B01 | X68: -X01 | Z68: 2024-06-12 / Panek, P. | AB68: @@UU@@C@@ABA4AAsnUQpjGOYxzGQY5jmOc50oQg4EoQlSUIQhSVIAhSEHUhKAKSlAFAUlKQAABSlASBQEAUpSlKApSFIABKVJUpAEpUgAAKAoCkJUACFJQlKgAAAAAAAAAAAAAAAAAAAAAAAAAAAAAAAAAAAAUAAAAAAAFAAAAAAAAAAAAAAAAAAAAAAAAAAAAAAAAAAAAAAAAAAAAAAAAAAAAAAAAAAAAAAAABCt8fg5ez7o8v7icvl/oSnw8AJ1idkuHq8h875F+vzRkh+nnmo5QzeuPv/Oz9f7r1ch9XNK3HPsf/L7PtlbIiX5ZUGWrIB/4BLNHn9CGaMeMDFSLYTivMp0TL+GLUmF/bVAgwwXyQkSlBzEnmiaEJlhlE1UibGJJRqQhiHnAMUCQhIpgngkhDBBFdc7ZRKLKSULULUh8HpoCQkaAgDtiQBXVRBMDQO0GpdhRtEwYo86Fs+efclUJVlMhgDV59m9wkqADagEpswzW7wCaQR/gNInCQsmG4SCUHVKSRHD5hNI5ICQkCfpISbcuuAmE6HU7tAHRo4/UhNNVRLbQp3KbRLRWtNPCBxSE1OC1JViQbvpvxWX0ZLPkr0nrEwbe/ZgvrziW5L8oETS8M856runPlwVYZY+PBfZT3+T4ZY5unXn+Oq3bE1RMvFLQVTU7HYJk0EwaO3mQp4+0hbigTWzxugbJrU54w7O1tzoZ9cm7mbFjxgly0xu3/z8wmdDvSEur2NzIJbR4LS7FZyQ6IDeCHMBDr9R3xN8TtAmsJcJgE2zi0ieL2iaBPYJAn+Cd0ExAmvd7rj37ekBKROvGdYlukVyAl4nIJlUmBJAn0X0CUCUqQYPZv6M4nugScpE7x/ontwlYkFROCYRPGAlwmQEgS8TiEgS+sg8V4nACaQN4CBPiiPlkHAw5/x5QVAA94A=
A69: 20066 | B69: B1-PS-13102B-C4001 | C69: Cu | D69: 2 x 2 x 0,75 mm² | E69: 20 | F69: B1-JBAY-1341-X01 | G69: JB HPH FI | H69: B1 | I69: 002 | J69: 002 | K69: B1-PS-13102B-B01 | L69: PRESSURE CONTROL OIL - PUMP 2 | O69: DSPW/SKID | P69: -C4001 | Q69: Cu 2 x 2 x 0,75 | R69: LOCAL Base Objects|Cable|A30|Z20|0522 | U69: B1-PS-13102B-B01 | V69: -B01 | X69: -X01 | Z69: 2024-06-12 / Panek, P. | AB69: @@UU@@C@@ABA4AAsmUQpjGMY5zHQYxjGOdBzqOlCEqUA6kIQkCkpAlKDnUlSkpSgCgKSpKQAABSlASACkASBSkgApSFIApKVKUpAEpSkAAKAoCkJUACFJQlKgAAAAAAAAAAAAAAAAAAAAAAAAAAAAAAAAAAAAUAAAAAAAFAAAAAAAAAAAAAAAAAAAAAAAAAAAAAAAAAAAAAAAAAAAAAAAAAAAAAAAAAAAAAAAABCs8He4+k+/xekTj8X9CVcXCCdAnTLXz+E+p8K+PyxhD9nLNRxht+uPJ+WT9v7r9/KX8krL/t8f/yl90rJESryoMskgH/gEr0+b9UMsXXAW1C5CcV/FTmmXyW7Uwv75wIMcH5yQkSlByEnkiaEJlhlE2KRNeJJRxIQxDygFsCQhIqgngkhDBBGOZmiMdBKFpFpQ63noCQkZe0EgNIkAX44pkTBRAEJvBZdWjaJSeZCybRPwVCVZijKUhhy/De0kqAQ3qsmOezsAJsBH+A2CayFkw3CQSg55SSI1+UTYOWAkJAn6SEm4LQJCczk1c25m+b0ITz4qJQBvIVb9VglgrWmzWB1+3MJZw2JLIJBT58LcndozZJsc+w9Ykuzjo4L69sTawvygRNxTzHou7PpzU476cPVVPXT89sUfBtU5NQm2JZslaSp6nSJu6CYM/c3MyGL5c6FlsCbmLd0RvgT6cUs9U1dur4p0M+kmq6u3dhgCXrijfy/z3xNCHWkJfX1aNWYSynu2XW7XFDuwHxhDtgQ7nOfIJ2BNAJpEuEpE3zZwifT7RN0T2CQJ/gm8CWgnUu91xqs9QCVCdF50CWaxXKCYCd4TMpMCSBPrwoEoEqUgp9na3M4nugScqE65/ontxlYkGInBMYnfAS4TKCQJgJ2xIEwrIPowE1gmwDuAQJwxHgkGthz/hxgqAB7w
A70: 20067 | B70: B1-PS-13103A-C4001 | C70: Cu | D70: 2 x 2 x 0,75 mm² | E70: 20 | F70: B1-JBAY-1341-X01 | G70: JB HPH FI | H70: B1 | I70: 001 | J70: 001 | K70: B1-PS-13103A-B01 | L70: DPRESS.CONTROL OIL FILTER - PUMP 1 | O70: DSPW/SKID | P70: -C4001 | Q70: Cu 2 x 2 x 0,75 | R70: LOCAL Base Objects|Cable|A30|Z20|0522 | U70: B1-PS-13103A-B01 | V70: -B01 | X70: -X01 | Z70: 2024-06-12 / Panek, P. | AB70: @@UU@@C@@ABBCAAsrUQpTmOY5znOYxjmMc50oQlCEJQBKEIUlKUIUBCDoUlCQKUgCgKApCAAABSlAUBSkgUpAEKApSFJABKUqUpAEpSoCgKAoCkJUACFJQlKgAAAAAAAAAAAAAAAAAAAAAAAAAAAAAAAAAAAAUAAAAAAAFAAAAAAAAAAAAAAAAAAAAAAAAAAAAAAAAAAAAAAAAAAAAAAAAAAAAAAAAAAAAAAAABCq5Pj5+znj1CePm+r+hJcfACdYnZLT1cp87yr9vli2H6c06PsDm9fPL8sf6f3i1Lj6+iVWW9l/+X3c0qpH4ynmQY7UgH/gEx9vzfmhnjLlArpFx0RQK9CnTNfvryTF/XUAgxQXSQkSlB0EnoicITWGUTwSJ5RJAuBCCIfIAVwJCEimC9BJCGCCMM3HelGK+ShaRaUO96KAkJG+EAdwSAMWCiCbQO4GSvCjUJfU8yGSfavbNIlNxaUBq0+TZysyVAhtwIU48M6t4BOEEf4DhE0kLJhsEgkQdUpDp8onCN0BISBPPISfv1VgTE6XJ3aAOnW8XpQnPBoltob2HdwWCWCuNOHSBxSEq4K0kbwkHozV4t3b4NTJ8WMznrEv7+Oi3DoEquvVW5gIo478z02b+nNfw5+LRxZc9VOHjoj1Xtripq74mqJdbLWJX9jsE2dgmHb7liE9XQhkqgTYzkd8Ci6Kdk1drboQz5NGoUU2V0WAla0x3djvXfz8omhDwSEv3ZP3nnEronVZVi3YdmA494JOgCHX1eo8QngE1ATWEtEpE3Di+ET5vaJriewSBP8E3ASsE17PdYbVX7AJSJ15TrEq0itwJaJ8gmZSYJIE+i2gSgSlSC/7ODW0Ce6BLxSJvH+ie3CYhIMBeBMInKAlglwJAlonhEgS3EQclom2CeED4AIE3YjkkHAw6Pw8aAIAe8A=
A71: 20068 | B71: B1-PS-13103B-C4001 | C71: Cu | D71: 2 x 2 x 0,75 mm² | E71: 20 | F71: B1-JBAY-1341-X01 | G71: JB HPH FI | H71: B1 | I71: 001 | J71: 001 | K71: B1-PS-13103B-B01 | L71: DPRESS.CONTROL OIL FILTER - PUMP 2 | O71: DSPW/SKID | P71: -C4001 | Q71: Cu 2 x 2 x 0,75 | R71: LOCAL Base Objects|Cable|A30|Z20|0522 | U71: B1-PS-13103B-B01 | V71: -B01 | X71: -X01 | Z71: 2024-06-12 / Panek, P. | AB71: @@UU@@C@@ABBCAAsvUQpjGMc5zHOYxznMc5zoShCEKSo6UIQhCjoApSEIQpCFKSlSgAUpCAAABSlAUACUgUpAEAApSFJApKVKUpAEpUgAAKAoCkJUACFJQlKgAAAAAAAAAAAAAAAAAAAAAAAAAAAAAAAAAAAAUAAAAAAAFAAAAAAAAAAAAAAAAAAAAAAAAAAAAAAAAAAAAAAAAAAAAAAAAAAAAAAAAAAAAAAAABCr5fD0dx0fuJ5Of7P6El4t8E7RO6XB2cx9LzL9vmjFD9eSajxhz+rol+N/9f7q1LTF0yrxeOr/5fdzynkVSmtQYvyAf+ASrvef9ELYw4QLLgt+iKBX8FOqZeizBML+2YCCqD8pISJSg6ST0xNCEywyiaLsTYhJAt1CCIfKAWQJCEi5BPBL0QBJggiqdmiKqSULcFpQ3btASEj4QgDVEgDDdiiRM0DshgsvI1iUqedDBNnnz1bd4Sa9kLS4He8vfxuBlQCGzcwXp8O8AnCCP8BwicBCyYcIkEiDslIeDzCcI2wEhIE/OQk25YBITqb/g6te3k9KE893NKkDaQu6btglgrfTh4AOOQle/YkjeEg9FtlW9ub+fB8l80nqEp37+7TbVnEsyT25QIn8Wmmc9OLBTbTe69GY48mCm78uOOva47le6JqCW8ktYlT3+4TRsEwanu5EJtGZDBXAmxlI1QKLYuZdnanQyX9BqFGthswgli0xo9/H/PziZUNMhMexs5RK5/BXhrq0w+9AU6Qk5QIdfFR4ew5BPgEzgmqJjEvCbZx8Qn0ewTXE9YkCf4JtglgJr4fbhNFfWAlwTtxHaJXwitoJjE+YTIpMCSBPqx0CUCXFIKfXwa2YT2wJOXBN4/0T2XioSC6Tgl4TmATCJaCQJjE4hIEx1EHLjE4wT4gPjAgTciOWQcTDm+/yIAgB7gA=
A72: 20069 | B72: B1-PS-13105A-C4001 | C72: Cu | D72: 2 x 2 x 0,75 mm² | E72: 20 | F72: B1-JBAY-1341-X01 | G72: JB HPH FI | H72: B1 | I72: 002 | J72: 002 | K72: B1-PS-13105A-B01 | L72: DPRESS. CONTROL OIL FILTER 1 | O72: DSPW/SKID | P72: -C4001 | Q72: Cu 2 x 2 x 0,75 | R72: LOCAL Base Objects|Cable|A30|Z20|0522 | U72: B1-PS-13105A-B01 | V72: -B01 | X72: -X01 | Z72: 2024-06-12 / Panek, P. | AB72: @@UU@@C@@ABA2AAsqUQpTGOY5zHMZBzHMdCEKQhAEoQlKEJOpKkgSlJ1HQhCEgUlSUqApClAAoClKABSVKAlIFKApSEJABSUgSBAEKSoCgKAoCkJUACFJQlKgAAAAAAAAAAAAAAAAAAAAAAAAAAAAAAAAAAAAUAAAAAAAFAAAAAAAAAAAAAAAAAAAAAAAAAAAAAAAAAAAAAAAAAAAAAAAAAAAAAAAAAAAAAAAABCt4/j6vxjh9Qnj8n2f0JLvAnSJ1S0dHGfS8a/fyxyw/XmnT4w8vr/CXLj9P916959vJK26jyf/LyzlZI/OU70GNeQD/wCV+f0IXxqagFuAWispFeRTmmue3cmL6dcCCuC+SEiUoOQk8kThCawyicGGdwkxXCJD5gDUgSEJFUFEEroAkwQRXQ2USjHUShcItSHJz0hISJd4JAdYSAK8OCCbSODeCzJNG0TBKPOhZRkopz1CTQ7uYvMFAbPm6+VxkqVHrQhPDZXRqdnuAJpBH+A0iaSFkw3CQSIOiUh0/oJvjmgJCQJ6JCT7W5cBMTmbN6kDm2+/zoTnhjOhV8GC0S0VxJv6QOKQmPsbYyKxIOfLbX2/10a1k6zfPWJGDRKi7DqiY/VfTlzARTRIpxbOQpq0dv4dvYy2VYvAeGunHuiaomTa35++Sqo6hNgkHBt3IT270LLBODRVmJa4FV8Yt3emhfZrG4U7F1twJatUbme7+flEzIdqQnD++qJZq9e3JbX4IdyE3SDVAhkbXydB3xO6JrgmyJcJUJ2Ti4BPm9om0J7BIE/wTOCagJtZPdkOxb+wCVCdNx0iW6RW8EyieITMpMEkCfVlpEpEqUgwezRtawnugSgqE4j/RPbiKxIMJQCYhPoATIJeCQJlE4BIEy1kHz5ROIE4QO4BAniiPDIPiYdb8vuUUAD3gA==
A73: 20070 | B73: B1-PS-13105B-C4001 | C73: Cu | D73: 2 x 2 x 0,75 mm² | E73: 20 | F73: B1-JBAY-1341-X01 | G73: JB HPH FI | H73: B1 | I73: 002 | J73: 002 | K73: B1-PS-13105B-B01 | L73: DPRESS.CONTROL OIL FILTER 2 | O73: DSPW/SKID | P73: -C4001 | Q73: Cu 2 x 2 x 0,75 | R73: LOCAL Base Objects|Cable|A30|Z20|0522 | U73: B1-PS-13105B-B01 | V73: -B01 | X73: -X01 | Z73: 2024-06-12 / Panek, P. | AB73: @@UU@@C@@ABA0AAspSQpTGOY5zHOY5zmOZJ0JSk6UnQkCkIUpKUnAhCUIOpCUgSBSVKApCgKAoClKAACFKAlIEqApSEJApSUgSBAEKSoCgKAoCkJUACFJQlKgAAAAAAAAAAAAAAAAAAAAAAAAAAAAAAAAAAAAUAAAAAAAFAAAAAAAAAAAAAAAAAAAAAAAAAAAAAAAAAAAAAAAAAAAAAAAAAAAAAAAAAAAAAAAABCs4fF0n4esTi8n2/0JLcBOgTplu8/CfU8K/fyRyQ/ZbOniDy+zzS5MPq/uvYzGXjlZl4pf/LyeWVkiuU8yDGGQD/wCYPR6ULYx4wLLwtdMUiv5Kcs181mjTQL6tgCDDB+ckJEpQcZJ44nCE1hlE4ME7RJit8SHzgGSBIQkVQUQSQhggjBNnEYKSULeFvIcfNSEhIu3QkBoEgDLgi9Im0jthZkrRxiXj0IWTsouqEkhVmLSU2uV3Xo8+zTa4idKBRAnZhCuzFPJtagE3wR/gN8TeIWTDaJBIg55SHe/QTfHqwEhIE9MhJ/FkAkJyuHa5dPweDmQoovxSB8KFXeqsEsFa0394DgkJi7ekZGoSDmzY6+7t93YxfrhN89gl7v0W384mLNRbcBFGGmZ657nay3r/ZjV36suGm/4j5Kqa9sS4THo1z2CVVHSJ1iQfLpyoT05kMWITTvXEdwDBVmjBtbc0M2LORR1slmyZQTGt+L+z3Lf5+YS5DvSE/e4TFdiyYb+qHtQtwEOrrw+Ha5zwCbgmcE0CZRMAm0cGsT5/cJ2BPaJAn+CbYJjBNGT35Dt2fsAlQnRlOgSzeFcwJaJ4xLlJgkgT67aRKRKlIL3t3dGcT3wJQVCcB/onuwFYkF8oBMAn0AJkEzAkCWiaxIEtrIOG0TWCfGB4QIE8cR9Mg1sOf8fuEUADqA=
A74: 20071 | B74: B1-PS-13106-C4001 | C74: Cu | D74: 2 x 2 x 0,75 mm² | E74: 20 | F74: B1-JBAY-1341-X01 | G74: JB HPH FI | H74: B1 | I74: 002 | J74: 002 | K74: B1-PS-13106-B01 | L74: PRESSURE CONTROL OIL IN FILRATION CIRCUIT | O74: DSPW/SKID | P74: -C4001 | Q74: Cu 2 x 2 x 0,75 | R74: LOCAL Base Objects|Cable|A30|Z20|0522 | U74: B1-PS-13106-B01 | V74: -B01 | X74: -X01 | Z74: 2024-06-12 / Panek, P. | AB74: @@UU@@C@@ABA+AAstUQpTnOYxjHQYxzHMc6DpUg6UJQpCkIUhQEoSBCEHApKQASpIFKAlKQKSBSgIAACkqUlSgJAoB0pApSUqUBAEKSoCgKAoCkJUACFJQlKgAAAAAAAAAAAAAAAAAAAAAAAAAAAAAAAAAAAAUAAAAAAAFAAAAAAAAAAAAAAAAAAAAAAAAAAAAAAAAAAAAAAAAAAAAAAAAAAAAAAAAAAAAAAAABCs8Hd6jycvqE+ufL5P6EjiBOkTqlx9HhPpfCv2641w8vmnh+wM/r8ss+P9P7r0Xno80rLvGf/H3ffKyREp3oMtEgH/gEq9P5oXxZYBXiFrMArrU5pr5bNyYubZAgqg/GSEiUoNZJ1xOEJrDKJwUzuEmK0kEAR5wC2BIQkUQYIJIQwQRVNnuylXiJQtAtGuAOfCExI4ggDsCQBdThgm4Rz74W3Vo2iUHoQsnTgoupEleZcMVyU60efcyaMrYYMSj14Qrt2J3Wb3CAmoEf4DUJyELJhzCQSg6JSSI5PyE1DngJCQJ6ZCT4LgJCczd79m9zbnc50Jzqpl8SHBOmVFdolorjTVyAduQlm7uDLGJBXz3248Bmr/Wo1HrExcWDJTmEruwYe1xZaMwEqaZHqt7PZsvoq4djP1tvNbRV3a5S72rFh3xNAl/XyT2jHOnD1CZiQfNmuQxab0LLBPh488cAFW3l7GnHoize35oaNonVs5L7wTBctEbptmb+fnE2UPjkJk2P3vEtvsusr+WHTC3gQ6N4N/oO2JwiaATaEyCUib58moTv+0TSJ7BIE/wTbBLQTaye7IfBZ+wCUCdNx0iWahW8Eyid4TMpMEkCfVlwiYRKFIMXs7WnZE90CYCgTuH+ie2orEgpMAJUJ4AEyCXgkCZROMSBMtZB38onGCagPoAgTxRHikGph2fw8aqgAe8A==
A75: 20072 | B75: B1-PS-13108A-C4001 | C75: Cu | D75: 2 x 2 x 0,75 mm² | E75: 20 | F75: B1-JBAY-1341-X01 | G75: JB HPH FI | H75: B1 | I75: 002 | J75: 002 | K75: B1-PS-13108A-B01 | L75: PRESSURE 1 TRIPPING OIL | O75: DSPW/SKID | P75: -C4001 | Q75: Cu 2 x 2 x 0,75 | R75: LOCAL Base Objects|Cable|A30|Z20|0522 | U75: B1-PS-13108A-B01 | V75: -B01 | X75: -X01 | Z75: 2024-06-12 / Panek, P. | AB75: @@UU@@C@@ABAsAAsfUQpjHMYxjHQYxzmOdB1HQhCEoQpCVJQhSQIUhB0IOoCgASlSQIUpKgAAkCkAABSkqABSlAUoCDqSACUpSBAEKUoCgKAoCkJUACFJQlKgAAAAAAAAAAAAAAAAAAAAAAAAAAAAAAAAAAAAUAAAAAAAFAAAAAAAAAAAAAAAAAAAAAAAAAAAAAAAAAAAAAAAAAAAAAAAAAAAAAAAAAAAAAAAABCt8fg7eeP1E+vn/oT7OIE7BObtm0dfjPI/Sv29EdEPPqmweUM3r/CWrD6v7sz5D8+iVuP38v/y+775XSIl0a6DKmQD/wCWef0IZYuuAtoFsJxXUp0zL+NvwTC+rOBBXBfJCRKUGok6omhCZYZRNBVNjEmFaoYQ8wBdAkITFME8EkIYIIrmcM8osoJQtIuqpDqwBMJGgIA3BIAsq36JE7QO+FuKxG4SjNHoQunnn1qRMheV4HPHm3cbYSnQdEKdyENiy3WnxcQCaQR/gNImkhZMN4kEoOuUkiNPnE+QdeAkJAnpkJNwcOICYTpeW3foA6d3l6kJpq4+JCnBaJaK1JpsA+WQlm73u4M3CJBvdWSjFrZKNfW/TDVpPWJnqn4uOKcuHOJdr015cwEYNmiY8WOijJLNgt4PDbZTROeKvko7omUS63lmyUT9omYkGjHuW3oVbGBC3WE2drLHeAr26tqyXd+GSGbOTY8tuPGCXLTG2bk/88wmRDgkJX+94lN+G3DX4YdiFvAhzd8MXWaRO+JtgmcTEJUJvHLoE+j2ibInsEgT/BN4EuBNnF7sRu2/sAlInZjOwS3jFcgJeJ4BMqkwJIE+q/AJgEpUgo9nDtZhPdAk5SJpP9E9tZYJBUTglYnzgJiEyAkCXicYkCX2EHNeJoBOQD4wIE8kR80g5GHN+XlFEAD3gA==
A76: 20073 | B76: B1-PS-13108B-C4001 | C76: Cu | D76: 2 x 2 x 0,75 mm² | E76: 20 | F76: B1-JBAY-1341-X01 | G76: JB HPH FI | H76: B1 | I76: 002 | J76: 002 | K76: B1-PS-13108B-B01 | L76: PRESSURE 2 TRIPPING OIL | O76: DSPW/SKID | P76: -C4001 | Q76: Cu 2 x 2 x 0,75 | R76: LOCAL Base Objects|Cable|A30|Z20|0522 | U76: B1-PS-13108B-B01 | V76: -B01 | X76: -X01 | Z76: 2024-06-12 / Panek, P. | AB76: @@UU@@C@@ABAsAAsfUQpjGOYxjHOY5zmMdB0nQhSUIQhSkJQpQEJShR0HQlSgAUhSQKSlIFAAkCkAABSkJABSlAUoCEKSBSUqSBAEKUoCgKAoCkJUACFJQlKgAAAAAAAAAAAAAAAAAAAAAAAAAAAAAAAAAAAAUAAAAAAAFAAAAAAAAAAAAAAAAAAAAAAAAAAAAAAAAAAAAAAAAAAAAAAAAAAAAAAAAAAAAAAAABCt8fy9nJH6ifVyf0J9fACdYnh7JtPVOeR8a+Xmjmh5OeajlDW9X3S58Pp/uztXn480rcvL5f/l9n2yxyIlhzIMtEgH/gEw+f0IZoyZALcAthOK8ynRMv327kwvp0AQVwflJCRKUHOSdETQhMsMomgqmyiTCtUMIeYAxwJCExTBPBJCGCCK5maIroJQuAXnpQ6aAmEjSEAa4kAZCqiCZoHuBvW5LEcYlJ6ELZu1PFVIl5cUVwaI823lbCU4IduEKsNk1uTR3gE4gR/gOITUQsmG4SCUHVKSRGrzicQ60BISBPzkJNvZQJCdDw4t3o2uDh6UJ564oA+BCnBaJaK1pqpA+OQlm5tDLfEg2em7HhvozYf0s1HqEpp4O7gusziYr8FNV2YCMFGCY+bHPv619fgx9vu0ZMVPHijwbdPDTuiaBKtnVNowT9glxIL8u3bchV8VCFuITRta0bwFe1Vs2S3e5JDPoJqMua3LlBMa1RTrz+8fz84l6HwyEs/e8Sq/FjxV8cOvC3gQ598N7qO+J3hNkE2BMglQnvnFwieL2CbAnrEgT/BN0Exgmxk9uQ3Lf2ASkTrynWJbpFbwS4TjEzKTAkgT6bqBKBKVIMHr3/dzie2BJykTvn+ieyssEgqJwSsTxAJkEvBIEuE0iQJdYQeG4TSCagPkAgTyRH0SDUw5/w5RRAA9wA==
A77: 20074 | B77: B1-PS-13108C-C4001 | C77: Cu | D77: 2 x 2 x 0,75 mm² | E77: 20 | F77: B1-JBAY-1341-X01 | G77: JB HPH FI | H77: B1 | I77: 002 | J77: 002 | K77: B1-PS-13108C-B01 | L77: PRESSURE 3 TRIPPING OIL | O77: DSPW/SKID | P77: -C4001 | Q77: Cu 2 x 2 x 0,75 | R77: LOCAL Base Objects|Cable|A30|Z20|0522 | U77: B1-PS-13108C-B01 | V77: -B01 | X77: -X01 | Z77: 2024-06-12 / Panek, P. | AB77: @@UU@@C@@ABAsAAsfSQpTmOYxjnOY5jmOg6DoOlCEpShCEgQhKQIUlCEIQhQAASlAFKUhSAAAoCkAABSkpUBSlAApSEJAkCUgQBKUqUoCgKAoCkJUACFJQlKgAAAAAAAAAAAAAAAAAAAAAAAAAAAAAAAAAAAAUAAAAAAAFAAAAAAAAAAAAAAAAAAAAAAAAAAAAAAAAAAAAAAAAAAAAAAAAAAAAAAAAAAAAAAAABCs+nx9hzfqJ9nN/Qn2+IE6xOTsnvdXKfU8q+bnjnh5uidHlDN7vxl0Yen+8GplPPzysyeb7v/l9/4SxyIl0ZkGWiQD/wCYfT6kM0W2gWXxcBeFehT1zX87NiYvToAgrg9MkJEpQZyTtROEJrDKJwVTyCTFaoYQ9ABjgSEJlMF6CSEMEEVzZxFdBKFvi+elD20BMSN8IA7wkAW1UQTaB2goxY60bBKTb1kLL2ej136hJXtIyl/BBoj0a+VqJXgQ7kIVYsE8fiATiBH+A4hOEhZMNokEoOqUkiOH1CcQ5YCQkCdMhJ7eMCQnsdfgs7+37O9wa6E54I3vAhVftEtFaAK04JAfLITBr90ZeESC323Y8N4zYP0r4D3CZ6d2jJXmEw3X6cmUCKKJHHZqWZKqqr3bzYsNPyeOI48O5e3qdkTOJdq789OqmjsE0Eg+a7u25UKuKhDHYJiz5o2gK+5rV6uGWz35IZ9BO7NjuuBLVpiyf8/OJsmVDbmJX+9wlV2GzFX5IdELcBDp+EL/UcQm4JrAmoJjEqE2Dh3xOT4CaBPeJAn+CbAJjBNFvxtNez9gEpE68h1iWborlBLhPIJpKTBJAn13UCUCUqQX/fuaumJ8YEvFInCf6J8KzAJBUXgSsTkAS0TKCQJcJuiQJdgIPouE3QTfA0gIE44jlkG8w6f5eUUQAO0A
A78: 20075 | B78: B1-PS-13109A-C4001 | C78: Cu | D78: 2 x 2 x 0,75 mm² | E78: 20 | F78: B1-JBAY-1341-X01 | G78: JB HPH FI | H78: B1 | I78: 001 | J78: 001 | K78: B1-PS-13109A-B01 | L78: PRESSURE CONTROL OIL TRIPPING SYSTEM 1 | O78: DSPW/SKID | P78: -C4001 | Q78: Cu 2 x 2 x 0,75 | R78: LOCAL Base Objects|Cable|A30|Z20|0522 | U78: B1-PS-13109A-B01 | V78: -B01 | X78: -X01 | Z78: 2024-06-12 / Panek, P. | AB78: @@UU@@C@@ABBKAAsuSQpTHMYxjmOY5zmOg50HShCUqQpKkISgCVIUlCToQpSAAQpCgKApKkgUBSQJUACkqSpSlAUkCkoAlSlJSpSVKSoCgKAoCkJUACFJQlKgAAAAAAAAAAAAAAAAAAAAAAAAAAAAAAAAAAAAUAAAAAAAFAAAAAAAAAAAAAAAAAAAAAAAAAAAAAAAAAAAAAAAAAAAAAAAAAAAAAAAAAAAAAAAABCu7fH0eCO95xPn739CfVvifRAnOJPonq5u4d17i/T98fdD83LPB4Az+j7ZeK3y/3h05jv+KV2Wja/+X1/ZK6REvFrIMtMgH/gEt/DyIa0ZMgF1IuEoFeVT85r4bvZmL+WkCCyC+SEiUoOUk8sThCawyicFc8okxWuHxgGOBIQlNCKoJQSQhggiybbRKMNJKFqF5a0P0wBMSNkIA6okAYa8EE3AO2GLHYjcJSeRDFPRR1yoTMXlFkFOnxz2q8rSToBCvDhnihD3AE90Ef4DhE4CFkw5BIJQc0pJEavxE4BvgJCQJ5ZCT3M2MCYm/5m7rUgebp8X6oTnZp457iFnXryiZRW1OHgA4pCXasaSwiQdnk1vbyYtunXxcdvCegTZq0b8Yqta2gS7WqrzZwIwbFMzkyXUY4vstpt3vPRbTyNFe1qpt3BNAl3BLHfE6up0CaSQaM3Dr350LPYpQyZBK9OvG6Bs1aLKpyy+1t0IZ+mTqvz4+K+9EyrZE92jN/Pwia6HY2yYlfV/fQJh0XZcdvvw9SAthzgQ7O8HMcQm8JrgmwJkEqE2z3uET4vUJsCekSBP8E3ATGCbGT15DrXfsAlQnPlOcS7UK5gS8T4BNZSYJIE7t+ATAJUpBT6e1s6BPXAlBUJ2D/RPVYYRIKygEsE+MBMgmYEgS8TsiQJfhIO3eJugmoDeAgT5Yj5JB2mHR4e+iCAHSA==
A79: 20076 | B79: B1-PS-13109B-C4001 | C79: Cu | D79: 2 x 2 x 0,75 mm² | E79: 20 | F79: B1-JBAY-1341-X01 | G79: JB HPH FI | H79: B1 | I79: 001 | J79: 001 | K79: B1-PS-13109B-B01 | L79: PRESSURE CONTROL OIL TRIPPING SYSTEM 2 | O79: DSPW/SKID | P79: -C4001 | Q79: Cu 2 x 2 x 0,75 | R79: LOCAL Base Objects|Cable|A30|Z20|0522 | U79: B1-PS-13109B-B01 | V79: -B01 | X79: -X01 | Z79: 2024-06-12 / Panek, P. | AB79: @@UU@@C@@ABBKAAstUQpTnMY5joOY5jHMc6DnOpBwJUBCUoQpSVJSpKDoQpCUqUlCgKApKkgUACAJUAClJSpIFASoCkIAlSVJSpSVKSoCgKAoCkJUACFJQlKgAAAAAAAAAAAAAAAAAAAAAAAAAAAAAAAAAAAAUAAAAAAAFAAAAAAAAAAAAAAAAAAAAAAAAAAAAAAAAAAAAAAAAAAAAAAAAAAAAAAAAAAAAAAAABCr7nx9B4O96BPq739CeHsCd+BOcSfRPXzd043ur9n4R98P08s7/gDN6fFLk2PN/eHRcW8kq7e/4f/lL7ZVyIlhuQZbEgH/gEw+TyoZIx4wK6BcJeFeRT85r4q+lMX8tkCCqDySQkSlByknlicITWGUTgwTtEmK4IfGAY4EhCU0IpglBJCGCCKps4iq+ShaBeWlD9L4TEjWEAaRIAswRfkTb49QMWOpGsSg8qGKeze3aRLiWQvVQaPHL3KrWCUwQpwVTxQh1wE+EEf4DgE3yFkw4xIJQc0pJEa/xE3xyQEhIE80hJ7lYEhPOb0Ytvz7Wjs/qhevVRoigDqIbdW5VaJaK4k39YHDITHvWJLCJB1+3lssxRfzbHxYd89Immn4KqMmHZExXU4MmUCL/FRM4rN6q/dVl4c3WswYqc3bfRsbfBTj3RNIl10s5KjV0Ce2SDTdVqsyoVaaEKKxM2aN0DPRlwSjVt9O8hm0E7astfattRLFqim9w+9Rd/PyiZ0OrISnBunS/e9nE2M87LrMXFDqgK4c4EOrrBzHZE6omgE1CWiUibhw8AnzesTUJ6hIE/wTdBMYJtWeyw6df7AJSJz2nOJXrFbgTIJ8gmVSYJIE48l8S+JSpBR6te1sieyBLxSJ75/onrqMIkGAvAlQnzgJYJcCQJkE7AkCZMJB3MgnugnAB2gIE44j6JBrYdn7vrRBAD2g
... A86: 20083 | B86: B1-PT-13101-M4001 | C86: Cu | D86: 2 x 2 x 0.75 mm² | E86: 20 | F86: B1-JBAY-1341-X01 | G86: JB HPH FI | H86: B1 | I86: 002 | J86: 002 | K86: B1-PT-13101-B01 | L86: PRESSURE CONTROL OIL | O86: DSPW/SKID | P86: -M4001 | Q86: Cu 2 x 2 x 0.75 | R86: LOCAL Base Objects|Cable|A30|Z20|0502 | U86: B1-PT-13101-B01 | V86: -B01 | X86: -X01 | Z86: 2024-06-12 / Panek, P. | AB86: @@UU@@C@@ABAUAAsXUQpjmOY5zHMYxzHOcyDoQdCEJQlCVIQlAEKUk6UKQdSgASlAFASpCgAApQEqABSVJUpSlAUoCEpABSkqQlAEpSACgKAoCkJUACFJQlKgAAAAAAAAAAAAAAAAAAAAAAAAAAAAAAAAAAAAUAAAAAAAFAAAAAAAAAAAAAAAAAAAAAAAAAAAAAAAAAAAAAAAAAAAAAAAAAAAAAAAAAAAAAAAABCr5e91nh9Qn1+H+hPu7gJ1CdctPTyn0PKvi/T7eaH6vLNf8YXev8ZeSrn/unXzGfmlXb9nj/+X3/hKyREjMgxsSAf+AT9edDNz47AKsYuKIvCvkU6Jl/OyQvaq1wIMMG7JCRKUHMSc8TQhMsMomgwTWiTGGBYAgWIfKAWQJCEiiC9BLchSTBBFN5miKYvkQtAt9Dm9E4SEjSEAG4JAFuCeCZnHzG1XbSb7CmMTAedCybYvcGATozlxOz07Wjo7Rc1EsCIYcNM3Bj0gJqBH+A1CcZCyYbRIJQdMpJEav2E+NcsMhIE88hJuG60CYTWat70bXH6UJpqNeUX+C/WJWK4Q1b4HwSExcWIJUiQae3bwXW17tF1fp71frE1FFWKfLTnErzZbgIm5Nme8d2zi7891PDonqy4r9XGhflHFLd+KjFXvCZxMm1LQSo3OsTQSd3Rt3IUas6FdYmC3Wi4DbozRhn9/ezZyW3mqx4wTEhYuCN+r+flEuQ7EhKdn98olddVldPyQ7ELlAhz9JqE4RLgTOJWJfE7Jx8Qng9omwJ7BIE/wTsglgJr4/djNyv1AJQJ1WnUJX8IrlBMgnfEzKTAkgT6ck4k4lCkF/2cOzrCe6BLxQJ2z/RPbhKRIMBeBMInzAJjEygkCZBOQSBMlJB4MgncBO6I8kR88g0sN35eIRAAPeA==
A87: 20084 | B87: B1-SE-13301A-I6001 | C87: Part of sensor | D87: 3 x 0,33 mm² | E87: 20 | F87: B1-SE-13301A-B01 | G87: SPEED 1 HP TURBINE - TCS/TPS | I87: 004 | J87: 004 | K87: B1-SE-13301A HAN 6B | L87: SPEED 1 HP TURBINE - TCS/TPS | O87: DSPW/SUPP.FI | P87: -I6001 | Q87: Part of sensor 3 x 0,33 | R87: LOCAL Base Objects|Cable|A30|Z30|0001 | U87: B1-SE-13301A HAN 6B | V87: HAN 6B | W87: B1-SE-13301A-B01 | X87: -B01 | Z87: 2024-06-17 / Panek, P. | AB87: @@UU@@C@@ABBaAAtCUQpjHSc6EHQdB0HOdCEoOlKFIShKEIAoCQISkCEIApQEgQoAAKSlSgKUoCVAUBQEgSBSQASlKkgUBKgASBSUpQpQAKAoCkJUACVJSlKgAAAAAAAAAAAAAAAAAAAAAAAAAAAAAAAAAAAAUAAAAAAAFAAAAAAAAAAAAAAAAAAAAAAAAAAAAAAAAAAAAAAAAAAAAAAAAAAAAAAAAAAAAAAAAAjyfT2+8933OdHzv6R2SPYjmeJ7r+PoyfZO7Jkk8r67vvM/r/L8dS/z/3q+HYeZWt5NP4f/bv+C1Nd4miEv8FhP+EY+q/TZRsbHUGvhSY92sCSeKR+uJfJ4cuS5J59IpjpntCy1qZFpvVdULpKlqupiu3EXC9FJGKp5ETKiy+l9LRKlKVaY11qvVUmBJw+m8sipHA9FWG8ihfhWl8mrdlyXI1G1KFVPHkRqPjtnuxemkaHXb8ME1evTLNRdfEOl5cV2XiEcZE/g40capLSpwIpanRUWVyfmjlTNRZFI81kXdjSyj1Xo9E7Poy4Ruc6Kw8S3yX8LXRrpJjeqTgG+jHybsluyinbc+flRbG4mbJwtvX5ex60adhzckOojHrNHTGbp3Oe25rV1tbZYdrCwLaG6wb6M6NPPk39xhr3I/dluMTpbW3wTbRgyIy4d5nVYYmzbW3+CzRKRtaGbBkIxCmm5Z/PcRnR1rI0bLZ2EYsvLtanBUzVJnFTZ3nQ5UcyOqRpRkRhRuuXjR3fejSj2opH+I65GuRt5fhldbJ+wjCj2bD2IycSSZyMyOZGiRcRYjvZsCMCMMinS9vD1dpHwpF7Cjjf6j36jVRTEvI1EdwRlRnIpGZHzIpGbVV9GZHaI7Q5BSPtqvqsfLKm14+/EiA+I
A88: 20085 | B88: B1-SE-13301B-I6001 | C88: Part of sensor | D88: 3 x 0,33 mm² | E88: 20 | F88: B1-SE-13301B-B01 | G88: SPEED 2 HP TURBINE - TCS/TPS | I88: 004 | J88: 004 | K88: B1-SE-13301B HAN 6B | L88: SPEED 2 HP TURBINE - TCS/TPS | O88: DSPW/SUPP.FI | P88: -I6001 | Q88: Part of sensor 3 x 0,33 | R88: LOCAL Base Objects|Cable|A30|Z30|0001 | U88: B1-SE-13301B HAN 6B | V88: HAN 6B | W88: B1-SE-13301B-B01 | X88: -B01 | Z88: 2024-06-17 / Panek, P. | AB88: @@UU@@C@@ABBaAAtAUQpjnQc6DnSc5znOdB0oQpCUoSlCUpQoCUqSBCEIAoCkpUBQFKUlIAKUoCVAUoAEgUpSgKSpKUgUBKgASBKUpSlQAKAoCkpUACVJSlKgAAAAAAAAAAAAAAAAAAAAAAAAAAAAAAAAAAAAUAAAAAAAFAAAAAAAAAAAAAAAAAAAAAAAAAAAAAAAAAAAAAAAAAAAAAAAAAAAAAAAAAAAAAAAAAjydnrdp7PseZHyv6R1SPUj5Hcey9xejJ9U7EmSTvvpu+00+nvfjds+H+8X5Z3gVyu792b/7dv77UyMTTCXubYT/hGPcftqRnz7Yy4EmPmVfST85Hiwr0n4ZslyTw7Ypjp37QstamRac6rqhdJUtV1MN3MRcLyKSMNTuomZFl6l6lkVKUotLVVyqkvJOj5LxZFSOa8dWG6ihnX8K6X5NzHez5bkY0cupU7mZGJWm3k3tlG07zoQ2Jj380xLXohsd/Ddm+ERxET+DiRxKktKnSRS1PRUWVx/qjkTRRZFI8FkXdTKLI8Ux7e68yLX9x03jvbA+DB0GRGRJOF5JN8b6MvBvSW6aKfG8u1xoxuo29OWlsnH6UbnUzOvxQ3EY8bTrGnXct5dWrkw4r+7r2cGJ51tbmr/RRqRlwebl7rBXsR+7LcYWnTomtF7IjeZ9K3AMLa5W/0LNUpGxy9TRsZCL4pXRuXP5+hGlHOsjBq2m1dnRs5uDXi6VTRUmkVNrnvQ5EdBG6RuIyIwI3nHwo7HtR76PWikf4jfIykbeb3ZnPyecRgR6s71IydVJNJGhHXRqkXEWI7Wi+i+jBIpsevg3daPdSLzAjif6j27LEimFeI2UfOIzI0kUjQjrIpGjEr5tCOEjhHxCkfXVdmxySpr/TtxIgPe
A89: 20086 | B89: B1-SE-13301C-I6001 | C89: Part of sensor | D89: 3 x 0,33 mm² | E89: 20 | F89: B1-SE-13301C-B01 | G89: SPEED 3 HP TURBINE - TCS/TPS | I89: 004 | J89: 004 | K89: B1-SE-13301C HAN 6B | L89: SPEED 3 HP TURBINE - TCS/TPS | O89: DSPW/SUPP.FI | P89: -I6001 | Q89: Part of sensor 3 x 0,33 | R89: LOCAL Base Objects|Cable|A30|Z30|0001 | U89: B1-SE-13301C HAN 6B | V89: HAN 6B | W89: B1-SE-13301C-B01 | X89: -B01 | Z89: 2024-06-17 / Panek, P. | AB89: @@UU@@C@@ABBaAAtAUQpjHQg6DnOdB0HQdKEoQhCUJSlCUISpCVJSpKUJSlSkpABIAASlIAJUACVASAClKUBKgASlSUpApSQASBKUpSkAAKAoCkpUACVJSlKgAAAAAAAAAAAAAAAAAAAAAAAAAAAAAAAAAAAAUAAAAAAAFAAAAAAAAAAAAAAAAAAAAAAAAAAAAAAAAAAAAAAAAAAAAAAAAAAAAAAAAAAAAAAAAAjy9vrd18fvetF7+kc8j3o67wPjf0fbh+6dmTJJ43cu7xn93i792p5v7xfprP3Vk/Xvfh/9rfnamR4WvCX/lYT/hGLbeXQjNm2hq6aTHu1gSTwSPPhXyd/NluSebZFMdPJaFlrUyrTl1dULpKlquphu5CLheikjDU8SJmRZfS+loVKUqLS1VcqpL0nB6byyKkb70Vq3DlooYMK0wSYtZfrat6McTYPDmRiVr29OFGhyvG34aUx8zNMS18Q0vJqXZugI4iJ/BxI4lSWlTfRS1PbUWV0/2R1Ez0WRSPLZF3O1RZHnmPa9aKv4Ft16ObpcxkRkSTSH1vTJvDeRl6W7Jb6UU6z1aOJGN9TXy9ds6vOdO73I3OfnYelDcRjyNHHGjj3PVd9mLP1/t9fU2cW1kexbbcpg4UcdG7l2+S0q+KMzVuNNs7fBNtF+RG8zq4RnwuNk4ObZolI2NDPgykYxThuWfz2Ua6N+yNHGa+sjDmycisGxi4amejBU1xU43MX+11UdhG4RtIzIwo5Lq9NHa+SNtHwRSP8RvEapG3m+eZy8vsEaaPfrPejLz0k1yM6OwjRIuIsR3c+BGBGnIppfDm7mwj50i9po6T/UfLUYkUwryNRHbEZka5FIzo6yKRnxK7WdHRI6A0Ckd2q7ljhlTY8P4xIgPoA=
A90: 20087 | B90: B1-SKD-13101-PYV01A-C4001 | C90: Cu | D90: 3 x 1.5 mm² | E90: 20 | F90: B1-JBAY-1341-X01 | G90: JB HPH FI | H90: B1 | I90: 001 | J90: 001 | K90: B1-SKD-13101-PYV01A -Y01 | L90: TRIPPING SOLENOID 1 | O90: DSPW/SKID | P90: -C4001 | Q90: Cu 3 x 1.5 | R90: LOCAL Base Objects|Cable|A30|Z21|1503 | U90: B1-SKD-13101-PYV01A -Y01 | V90: -Y01 | X90: -X01 | Z90: 2024-06-12 / Panek, P. | AB90: @@UU@@C@@ABCYAAt2SQpjGOcxjGOY5jnOc6DoShIDpOg6UpSACEIQpCkHUpClAQlSkgUpCgAUpKlAABCQAAlKgKUBCVKApSlKSA6lJSACgKAoCkJUACFJQlKgAAAAAAAAAAAAAAAAAAAAAAAAAAAAAAAAAAAAUAAAAAAAFAAAAAAAAAAAAAAAAAAAAAAAAAAAAAAAAAAAAAAAAAAAAAAAAAAAAAAAAAAAAAAAABCt5uXxdfpE5/q/oThE8cCdQnXLi6fm+h5lw+aOiH6cM1HOHk9UfX5rPP/f4WZDn6JW4p8X/y8nllBaS6MqDLyyAf+ATPYhk/O6YClDBcLJnFehTZMv2WyF8+cCCmDFJCRKUHQSdMTQhMsMomgvzXCTFKEDsQgUlD94BhgSEJFME8EpW6pgJ2CCPxtvB3qJRhqkhE8pLWLSh937Sz3gkTiRISr3QkBqEgCiokzjRNgyVozobAi/EXIWTdmfbpEzmQna9zt6bmsleRDRTqrnw3cACawR/gNYnGQsmHEJBKDplJIjj/ITWOWAkJAn6SEm3u1iAmE2ODVQBsyaP19CE81US7yEUU3rRLRXXQkWoboHJMJg06BlviQejLhsLKuKn1CfD73BPddVlEs3r9OLIBFHEX6pyZDwRe4e3vbebThssq5S9E3cEzCWFu5q2809NHWJAfHdow68SFXdQuEz8d2MDNVg7ndzbbOhNdgyQCVrejv7X8+ETMhlkJLlQ/fEJZdYaMFfwQ2wF5CHEBDmp4Ok5BOETcBM4lYlIm6e/rE+T2CbgnrEgT/BN0EwgnZu9txpt9ICXxOrEdQlvuCuQExifEJlUmBJAnix0CUCX1IL3r3+1tCe2BJy+JrP9E9lRWJBSTglQnMAlwmQEgTGJ4RIEx1kfLjE5ATWBwgQJ88R4JBvsO19vjBQQDsA
A91: 20088 | B91: B1-SKD-13101-PYV01B-C4001 | C91: Cu | D91: 3 x 1.5 mm² | E91: 20 | F91: B1-JBAY-1341-X01 | G91: JB HPH FI | H91: B1 | I91: 001 | J91: 001 | K91: B1-SKD-13101-PYV01B -Y01 | L91: TRIPPING SOLENOID 2 | O91: DSPW/SKID | P91: -C4001 | Q91: Cu 3 x 1.5 | R91: LOCAL Base Objects|Cable|A30|Z21|1503 | U91: B1-SKD-13101-PYV01B -Y01 | V91: -Y01 | X91: -X01 | Z91: 2024-06-12 / Panek, P. | AB91: @@UU@@C@@ABCYAAt0SQpjGQYxjGOcxznOc50oShCUIOlKEISlKjqQBCUIQpCkAQoCUgUBCQKApSVAABKFAAlSlAUpCAKUoCkqSA6lJSACgKAoCkJUACFJQlKgAAAAAAAAAAAAAAAAAAAAAAAAAAAAAAAAAAAAUAAAAAAAFAAAAAAAAAAAAAAAAAAAAAAAAAAAAAAAAAAAAAAAAAAAAAAAAAAAAAAAAAAAAAAAABCv8vJ1+X1ieb6f6E3ROaBOoTrlvdPk+d5Vv9Ec8Plumo8wef2R9nRb6f7/K3Gc3PK/h+qz/5ef65QTkrMaDK2QD/wCZbEMPoumAqQvXCyZxX71NMy/bfkL6coEFUH4yQkSlBzknPE0ITLDKJoKZsAkxUhA6UIFJQ/gAXQJCEiqCeCV/uyAmYIIvUBNEXqZIRtyktYtKHR+2bUCYSJwhDeCANcSAK6KyZoGV7FYjfQ0hFJ6EL03anlq1CS7JjKGyfWzyubM8T0ohsV+C2e74QE4AR/gOATfIWTDhEglB0ykkRv/mJwDkgJCQJ+khJvguAkJpbdrTs7Hb/X1IUT1xQBuIbVFdMrhLhXgtSLkO6BxTCXdzZGXgEg9WXBaW171XsE4+HLPgwV5RLdSnBiAifeNFc5Mh8kduyrRor1/DdevVch2Ym2xMom0YdfFq5p6qOsSA8Piw7ODhxIWbiGESui7CBkmt29zJ3mdCa63FAJYupHfqy/z4xMiGOQkuRD98Il7D3r+xdbxw3QFKEOMCHNVX0nxibomsCaolglQmc4uET5fcJrCe0SBP8E2QS4E7WD34DPf9YCUidWE6hL+6K4wTEJ4hMikwJIE+jFQJQJSpBqe3Rr5hPfAk5SJvn+ie6ssEgqJwSsTyAJgExgkCYhPGJAmKwjlxCfECcAHEBAnHEfNINDDm+7mBQQDsA==
A92: 20089 | B92: B1-SKD-13101-PYV01C-C4001 | C92: Cu | D92: 3 x 1.5 mm² | E92: 20 | F92: B1-JBAY-1341-X01 | G92: JB HPH FI | H92: B1 | I92: 001 | J92: 001 | K92: B1-SKD-13101-PYV01C -Y01 | L92: TRIPPING SOLENOID 3 | O92: DSPW/SKID | P92: -C4001 | Q92: Cu 3 x 1.5 | R92: LOCAL Base Objects|Cable|A30|Z21|1503 | U92: B1-SKD-13101-PYV01C -Y01 | V92: -Y01 | X92: -X01 | Z92: 2024-06-12 / Panek, P. | AB92: @@UU@@C@@ABCYAAtzUQpjHOcxjHMYxjmOc50IQlCUIShKEISpClAOpIEIQhKVKUpKQKApCgKUpSVAABKAAAlKgKUBCAKUkAEgQBCEqSACgKAoCkJUACFJQlKgAAAAAAAAAAAAAAAAAAAAAAAAAAAAAAAAAAAAUAAAAAAAFAAAAAAAAAAAAAAAAAAAAAAAAAAAAAAAAAAAAAAAAAAAAAAAAAAAAAAAAAAAAAAAABCs4/n7PJ6xPL+H9CaROSBOsTsl3+r6/ueNbOaOWHyWzYPKHm9kfjzY+f+/RjymTllZk5PN/8vPNKCwlzZkGXnkA/8AmpUhl9NswFCFdosmcV5VOiZfyskLz6gEFEHokhIlKDmJOrE0ITLDKJoMU1wkxQhA9CECkof1ALYEhCRRBPBLozSAmYIIrwBNEV4pIR3pSWkXEh+nq1MITCROEIb4QBtCQBPQSZxlTXfUjYh0hFBsIVzdqfX1qRNUzGBx4e5c0ksAhVCho7lO9jwW4tICcII/wHCJwELJhyCQSg6pSSI4PSJwjngJCQJzyEm+K4CQnS3V7fTs7Hq3kJ5qaJR3kNynFaJaK4QN/GkWobIFnFOJbNtX7Iz/CJB+0+Ssrq00ewTw7+mfJdToEx4cV2UCJ++UTEkPojThL+3XprqqxWfMZ4n2xMondLtU7uponowdgkB48me3bvQp3ELhN+3IBnox7m7m3WdCa3HfAJUuGK9fP/PjE4c6GaYSXyofvlEsvs2LKvDDbAYUIcoEOpu09R4BPjE7YJrCVCUCbRxcAn0+4TtCe0SBP8E2wS0E1rvfcbVnrATEJ15DrEs+QVygl4niEzKTAkgT778AmATEpBh9unX0Ce+BJzEJwH+ie6kqEgoJwSkTjAS4TKCQJeJ4hIEvqI+q8TwAnEBmAgT7Yj7JBvMOj8+QFBAPgA==
A93: 20090 | B93: B1-SKD-13102-PYV01A-C4001 | C93: Cu | D93: 3 x 1.5 mm² | E93: 20 | F93: B1-SKD-13102-PYV01A HAN 3A | G93: SOL PopV TST HPSV 1 PARTL STROKE | I93: 002 | J93: 002 | K93: B1-SKD-13102-PYV01A -Y01 | L93: SOL PopV TST HPSV 1 PARTL STROKE | O93: DSPW/SKID | P93: -C4001 | Q93: Cu 3 x 1.5 | R93: LOCAL Base Objects|Cable|A30|Z21|1503 | U93: B1-SKD-13102-PYV01A -Y01 | V93: -Y01 | W93: B1-SKD-13102-PYV01A HAN 3A | X93: HAN 3A | Z93: 2024-06-12 / Panek, P. | AB93: @@UU@@C@@ABDuAAuoSQpjHOc5znQdB0IOdB0oQlCUoUhKVAAoCUpSlCkpSBKQKQpQFKSBKgASoAAAABIAJUkCVJAlKUgUpSgASpKkoSoAAKAoCkpUACUqSlKgAAAAAAAAAAAAAAAAAAAAAAAAAAAAAAAAAAAAUAAAAAAAFAAAAAAAAAAAAAAAAAAAAAAAAAAAAAAAAAAAAAAAAAAAAAAAAAAAAAAAAAAAAAAAAAjz9zj8j3+pHlf0j6nUR4Ske1GN77uL19zuzuSd+eWp31ru8eD2ea34ZPP/f6ZtpiVmz67f/bv+C1Nh423CX/fYT/hG5mR589hhRmzpMkwJJ45Houk8OLRck6G4KZKbVoWWtTxLTm1dULpKlqupju3kXDhRQZEUlU8iJoRaY6X0szULSlKujhXWrAutaTCkwI8Xp1sJcipF50iw4EUL6RjVL0tt6Mjn1Izo/UxvyhdzLt3GjW5a+ZN3PMa15DB5sVzT0RHERP4OJHEqS0qc9FLU9dRZXF+KPnTbosikfnZF3zbrQLkeib7PgG+5nIisVcMPUw9DDnRnSTsp+2yjrCyNjiy+ngS+3TRZyasrFo2Ls1/sRxdXM2cWlGTPtDEw3LIs5LWdVvX8f0ZNPNy9TAvu4UbSPkbOxh0y5iu96KMTd2tKP3Y+FGEnXzjl8vVldBw8/VzmzTEi/g3GrK0MKiNtoGts3L38/WjWjXZGbC9zjRuIyZ+y52XtVNNGBFTUKm9qex2EfSjgI0oyIxI4XY6yO38EbyN1FI9yPlI2SN3R8dDgz8gjEj27T2oz9NJNJG2jjRqkXEWI+7bwIwIxSKYf86O/rR8aRe32NHSZH+o+GZcimReRlR2xG0jURSNKO0ikacqvs0o6pHXHWFI7tV9tjoypr8XekiSByg==
A94: 20091 | B94: B1-SKD-13102-PYV01A-C4002 | C94: Cu | D94: 2 x 2.5 mm² | E94: 100 | F94: B1-TCS-1311-X31 | G94: BOX TPC/OPS | H94: B1 | I94: 001 | J94: 001 | K94: B1-SKD-13102-PYV01A HAN 3A | L94: SOL PopV TST HPSV 1 PARTL STROKE | O94: DSPW/SUPP.FI | P94: -C4002 | Q94: Cu 2 x 2.5 | R94: LOCAL Base Objects|Cable|A30|Z21|1502 | U94: B1-SKD-13102-PYV01A HAN 3A | V94: HAN 3A | X94: -X31 | Z94: 2024-06-12 / Panek, P. | AB94: @@UU@@C@@ABC8AAuJUQpjGOYxjnOc50GOc5znOc50pSpCDoUoCEqOBKEHQoCVAQlIFKQBKQAAgAAAABQFKSBSVJUBKUKSlSkpSACUpQAAAKAoCkoUACEqQlKgAAAAAAAAAAAAAAAAAAAAAAAAAAAAAAAAAAAAUAAAAAAAFAAAAAAAAAAAAAAAAAAAAAAAAAAAAAAAAAAAAAAAAAAAAAAAAAAAAAAAAAAAAAAAABCveDk8vX0Ceb+hO/sE8ZAnUJ+1fXPw+/wcz4V8Tzw/j4pp/wD8un85fr67n9+m5YU+qV3z2aP/jx+SeL0Tyx4kGaiQD/wCZMqF8vyAtIXL4tc3rlaFecT0R7J1/SqSv0ZgIJoLJISJSgh8sShDzEMLKU0F6bUJMOtCFK0IRiDzgGCBIQk1QTwS9OqQEzBBE4b+qRSUQtQsWkOf26LQTziSEknC78wGsSKoLUIXZpNpYXHhuI3hNKUGlCbVNopEzGcndNvJfayVAIWvRVMY9gCbQR/gNom0hZMOsSJREHvhJRxfuJtSyEkJAnqkJNwYs+4BOJ7HVfoA1ae70ISqIp3kPs0b+9VYJYK3BwIbQO2Jf4fbdGJuASD3ZK8FyVvg6ROPP3Iu8m5jEuUYMIFRNppoJ0JdFEs1M/HZkyYtV2rk+eKZ94TGJulmHTmJuzVqo6xMEkt5KNEs2FDLd3UKlPrsApu1696yfEdiyCZDRjnrvVWpAmC8B2cs9+iX8/aJkQxyEoPh3kMYlV7Fk7vaufTDlgKUIcwENOPpOMTvidgE1CViUibpx8QnL8RNAmcSBPgJrBL4JnwfLAdq97gEpE6tw6hL2wVwglgnIJiUmBJAnNZQJQJSpBa/zZpyCfKBJzTUJ9RX/onxuEwkFZOCWxOUBNwTECQJhE7wkCYbZH3YRO4CbAOICBOaI8PKHbYcvk+8VRAPmA==
A95: 20092 | B95: B1-SKD-13102-PYV01B-C4001 | C95: Cu | D95: 3 x 1.5 mm² | E95: 20 | F95: B1-SKD-13102-PYV01B HAN 3A | G95: SOL PopV TST HPSV 1 FULL STROKE | I95: 001 | J95: 001 | K95: B1-SKD-13102-PYV01B -Y01 | L95: SOL PopV TST HPSV 1 FULL STROKE | O95: DSPW/SKID | P95: -C4001 | Q95: Cu 3 x 1.5 | R95: LOCAL Base Objects|Cable|A30|Z21|1503 | U95: B1-SKD-13102-PYV01B -Y01 | V95: -Y01 | W95: B1-SKD-13102-PYV01B HAN 3A | X95: HAN 3A | Z95: 2024-06-12 / Panek, P. | AB95: @@UU@@C@@ABDqAAurUQpjnOcxznQdCEHOdCEIQo6EoQhKQAABKUpSlCUASpQFAQoCVKApIAKSAAAAApIAJAlSkpUBKUgUpSgASpIEJUAAAKAoCkpUACUqSlKgAAAAAAAAAAAAAAAAAAAAAAAAAAAAAAAAAAAAUAAAAAAAFAAAAAAAAAAAAAAAAAAAAAAAAAAAAAAAAAAAAAAAAAAAAAAAAAAAAAAAAAAAAAAAAAjz97n8r3/ujneZ/SOyj8Cke1F733cvr73fnek8M81TwrXeA8Xs89vHk9H9/rm22NWbPv+D/7eHxWpnZWiEwY7Cf8I1ZUejPYYkZs6TJMKSfjI9N0n347JOnqFL6ee0LLWp5Fpw1dULpKlqupju4EXDkRkWCkUlU8qJsotL6YKW3tmwulKVgnIutWJda0mNJgYUeToxG6uRaJgOuWGtFDhw2RlVMKW1aMsTMj9jjvfnDBru+W9G+4GCZdrPL1tGEhi899zB1hHKRP4OVHKqS0qdRFLU9dRZXL+SO2miiyKR+lkXdXZFkemZtetwa3qRbHVw5IU6eHYRsJJ8yenOjrCyM3a4Ut1kU6NN7obOa7Le9iObs3M+LQi/PtDGxXLIs6LWYZ6rc7R2r8re11VdjBxo20cTZ4uDclzJfg96KODt7yNxfxozk3Nkbu5kcXHp0NimJGDpaWjIzsSiNpnHJZc/nuo1I1WR3WJ7nOjcRk2M3Sy/PU0UYUVNIqb/scyPpRwkb6L0YkcTm5UfX8EcCN5FI9yOoRskb218dpxZ+gRjR7dt7UZ+ukmkjQj6EapFxFiO/owowoxyKYv86uvdR8aRga16OVkf6j4ZlyKZGAjKj6hG2jURSNKOwikacqu7pR2SOYdwUj7ar7LHclTd8f3REkD5AA==
A96: 20093 | B96: B1-SKD-13102-PYV01B-C4002 | C96: Cu | D96: 2 x 2.5 mm² | E96: 100 | F96: B1-TCS-1311-X31 | G96: BOX TPC/OPS | H96: B1 | I96: 001 | J96: 001 | K96: B1-SKD-13102-PYV01B HAN 3A | L96: SOL PopV TST HPSV 1 FULL STROKE | O96: DSPW/SUPP.FI | P96: -C4002 | Q96: Cu 2 x 2.5 | R96: LOCAL Base Objects|Cable|A30|Z21|1502 | U96: B1-SKD-13102-PYV01B HAN 3A | V96: HAN 3A | X96: -X31 | Z96: 2024-06-12 / Panek, P. | AB96: @@UU@@C@@ABC6AAuMSQpTGMcxjmOc50HOc50IQc6AIUdCEIUpSVJOoCEHQpKlAQpQFKSpKQAAlQAAAAClKQBSVKUpSUKSlSlJSoCkpQpQAKAoCkoUACEqQlKgAAAAAAAAAAAAAAAAAAAAAAAAAAAAAAAAAAAAUAAAAAAAFAAAAAAAAAAAAAAAAAAAAAAAAAAAAAAAAAAAAAAAAAAAAAAAAAAAAAAAAAAAAAAAABCv93l+/r6BOXw/0JqE8BAnUJ+NnXRxeju997y8zzw/TzTo+gPq6frl+Hlt/v87cRc8kr3ixc3/7vg+ymMEUSvZEGdMgH/gEzbSGEwyAqQtwi2T8sqhXnE8cfrQv3VyV9raAgnBuyQkSlBDsxKEPCQwspTgvz3BJjwIWSUhCEYg8QBhgSEJNcFEEv00yAmwQRQ8MFRRC3BYnShz+aoJ7dAk1JvEwXZgbokWQVQhbOTcWF05MV5G+JnSozoT0T4M9Ym0bZS6Lb+FukqRC7Ahc8dkzNqATWCP8BrE1kLJh4BIlEQeiElHH+QmtMcJISBPJISfZy4QJieZvbmfc9/oQncIoA9jgQlt8O/XsCbAraOBDjA5BMHFaMvbEg1ZK/OYbZ3ezZ0ia5fBjErv7AHEZ8dBNCXniqrP+23cqv02W1mo1Zqd8TEJpL2K8S3t2vPo6xMUkyaack8uVD97++hjUs97IBXO/d4MU8pSyQjTkx13q7kgTBeA3LtHDTL+fjEyoZJCb1R6fhQyiWYL2bet9mHNAVIQ7IENXScgnxCbgJoErEqE0nJxidz1CbYmyJAnpE3wTACbOH14Tdv9ACXBOrYOoS/7orjBMQnKJkUmCSBPmxUiUiXFIKv87WjMJ64EoNFYmss/0T1WkxILCgEuidwBNgTICQJjE7QkCY7pHyYxNQJ7gHbAgTvxHe+UO2w7P2/OiogHYA==
A97: 20094 | B97: B1-SKD-13103-PYV01-C4001 | C97: Cu | D97: 2 x 2 x 0,75 mm² | E97: 20 | F97: B1-SKD-13103-PYV01 HAN 10A | G97: SERVOVALVE FOR HPCV 1 | I97: 001 | J97: 001 | K97: B1-SKD-13103-PYV01-A01 | L97: SERVOVALVE FOR HPCV 1 | O97: DSPW/SKID | P97: -C4001 | Q97: Cu 2 x 2 x 0,75 | R97: LOCAL Base Objects|Cable|A30|Z20|0522 | U97: B1-SKD-13103-PYV01-A01 | V97: -A01 | W97: B1-SKD-13103-PYV01 HAN 10A | X97: HAN 10A | Z97: 2024-06-14 / Panek, P. | AB97: @@UU@@C@@ABC4AAuPUQpjnOg5znOc50nQdB0IShCUoSpCEpUpIEpQkCUJSkAFJSlQEqSlQAAUoAAKUpKgJApSgJUpSkqApSUgSBKUpSAAAKAoCkpUACVJSlKgAAAAAAAAAAAAAAAAAAAAAAAAAAAAAAAAAAAAUAAAAAAAFAAAAAAAAAAAAAAAAAAAAAAAAAAAAAAAAAAAAAAAAAAAAAAAAAAAAAAAAAAAAAAAAAjzfP2Pb+ivQj635P6RxEetHtt0vT3H0TuSd6eKp3lru6Z/V4PwuxeP+9WTkPqVlz3fZ/9vt71stlWaYStVhP+EY/DkR481h9yMuBJjX0k78jy3Sffm5dyTyaxTFTwWhZa1Na0zVdULpKlquphu5KLnxKSUKkYkVKlPzRNCLTDS9S0PFaWUq10zL1ql9VSYEmBF5+PmwGtci3RMBYN9FDHjwUumBKRp0Y4mRHkL+it/94X929+uJFmttrTJ4MeiYlr5DBiw3NXEI4yJ/Bxo41SWlThRS1PTUWV1P2R1U00WRSPDZF3PziyObN5l3m76EVg+O3BDgc3BwM6M6SeZPLoR0xZGbpb6W56Kann2tGToOC7NlxvUjbsz39SMePPyB0WxcvI81bGXs9Tc2qw7z5FvhRpRk39za67YyL3tRR6HT3tvcRl4UZ0cl8vOhbXtOHm6+s2mnYRf5WrMRlGFu/z2kakbNkX87row7LhX+W1Izab20qsvYqa6L6KmoVMnpdZHMRukbiMKMCOY6vGj5vcjdR7EUj/EcojORt6PfoczN5xGwj18h60ZuJJNkjSjso1SLiLEfTpvovo2JFMHs4t7Wj30i82Ec5/qPdiY0UwrxGJHcEaEbJFI0o6yKRpxqdvSjqkdBE7dV2rHTlTa7/dJIgfA
A98: 20095 | B98: B1-SKD-13103-PYV02-C4001 | C98: Cu | D98: 3 x 1.5 mm² | E98: 20 | F98: B1-SKD-13103-PYV02 HAN 3A | G98: SOLENOID PopV HPCV 1 | I98: 001 | J98: 001 | K98: B1-SKD-13103-PYV02 -Y01 | L98: SOLENOID PopV HPCV 1 | O98: DSPW/SKID | P98: -C4001 | Q98: Cu 3 x 1.5 | R98: LOCAL Base Objects|Cable|A30|Z21|1503 | U98: B1-SKD-13103-PYV02 -Y01 | V98: -Y01 | W98: B1-SKD-13103-PYV02 HAN 3A | X98: HAN 3A | Z98: 2024-06-12 / Panek, P. | AB98: @@UU@@C@@ABCqAAuFUQpjmQc6DnOc50HOg6EoQlCUqQhKVJUACVKQhKEqSlSgAQAAFJSpQFKUoAAJSBSQJUBQEqApKQKUpQAKSlKkpSoAAKAoCkpUACUqSlKgAAAAAAAAAAAAAAAAAAAAAAAAAAAAAAAAAAAAUAAAAAAAFAAAAAAAAAAAAAAAAAAAAAAAAAAAAAAAAAAAAAAAAAAAAAAAAAAAAAAAAAAAAAAAAAjzfPy996/Miz+kfAjtqR6Ueu3F5/m+mdmTFO/U7i13bO76PBb7tnw/3+mTadpWXPdvf/bud21MruNUJgtYT/hGvGj9c1hzEZM6THL0k70jx3Sfbmsk8WsUxU8FoWWtTvLTLV1QukqWq6mG7eRcJ7ypQ2UWlU/BEzosuVipalsWLFcMEpSr50F1qwrrWkxJL0d7YeTYNbAi2TnGFcOeikX42BdL0oXUjaz44mRHiL35Qu3btz3cSNDcXzHflmJbAQv8GG5op0xHGRP4ONHGqS0qcKKWp56iyup+KORNNFkUj87Iu9/NJ4auR4pl3295UVfXDDedC/gZkZkk8b9krMjkFkZePnpbpop5NWvRklsmP0I6mNll+lGLLnHycUw4FkeSuTPxc7zcXNxseQrhRpRiZeDd5W5gYsHrRR+7f+LmIw9FGYnV2s2gadXQ6O3um1ejBw623nIyDpfz8qNaNuyM71OBGlGPRrxfHU0UcGvYRdNQqbmD0OsjlRzSN1GyjCjgdbqo7HsRvI3UUj1I5pGcjd0e3Q5+byiMKPTtPSjN8KSaiNKOVG3IuIsR9em9F6MMimx/nFv7iPbSMDfYkcjZf6j2ZFyKbLARjR2RG0jbIpGpHaRSNWNXZ1I65HSHYFI+qq+ix15U3Pv+yIiB7gA=
A99: 20096 | B99: B1-SKD-13103-PYV02-C4002 | C99: Cu | D99: 2 x 2.5 mm² | E99: 100 | F99: B1-TCS-1311-X31 | G99: BOX TPC/OPS | H99: B1 | I99: 001 | J99: 001 | K99: B1-SKD-13103-PYV02 HAN 3A | L99: SOLENOID PopV HPCV 1 | O99: DSPW/SUPP.FI | P99: -C4002 | Q99: Cu 2 x 2.5 | R99: LOCAL Base Objects|Cable|A30|Z21|1502 | U99: B1-SKD-13103-PYV02 HAN 3A | V99: HAN 3A | X99: -X31 | Z99: 2024-06-12 / Panek, P. | AB99: @@UU@@C@@ABCSAAt4UQpTHMc5zmOY5znMY5zoOg6EIQpCEKAhSUJShR0KSpIFKSpKAKAhIAAUoAAAUpKlASBKgJABCkoApSVKUBKVISoAAKAoCkoUACEqQlKgAAAAAAAAAAAAAAAAAAAAAAAAAAAAAAAAAAAAUAAAAAAAFAAAAAAAAAAAAAAAAAAAAAAAAAAAAAAAAAAAAAAAAAAAAAAAAAAAAAAAAAAAAAAAABCr8Pf5+z1CS/oTiE+uBOsT8uyfH6+b6XmW+/hD9v3To8QePq8kvN+tX9+erKfZ+cq/NZ4//uy++iMMUSnYgzlIB/4BM2hCsrkB5EKsQuDB+krorzidEemhfLekr6NAEE4NySEiUoIa4lCHOQwspTgrnqEmgcMMAQt9CGIOgAxwJCEicXoJQSzZZATYIIoeCCkohbosXEOe5+1IUbFwSfG78gN4SL8Nyqd4KCIurlkA22YUaxMaXKY0oUbM6Ni8JJ3dguOzRVcxt8lSCF3ouzMkdsBNYI/wGsTWQsmHfEiURB64SUa/xE5EywkhIE88hJ/DbiAmJ6HDq0+n1ISpI3N9DVp4N69TkEyCvJhHGhrAmJi4sIy4RIOm3pyVEqsHD1CclXy4rRMGLIB8Rs00E0On5qc3a3dePubWHDfwGiJ8Alom+ZL2Xkrov7uDa2+wTJuTTe/enanjzIV/AhapltAp04uCyWc7rJDgz204QSoD35cP88olqFkhLcfs76FgmDLZm26u1DmgKUIc4ENPUd4T5xNQJsiXhKRN473dE+j2iaRNAkCewTSCYgTRj92M26+kBLonXkOsSvjFbATKJ4BLVJgkgT6stwS4JdUgp/zt6s4nugSg1XhPjL/+ie2omJBfKATAJ4QEyCWgkCWCcokCWYCOawTuAnEBygQJ4IjlmHyMOfy+JBBAPeA=
A100: 20097 | B100: B1-SKD-13104-PYV01A-C4001 | C100: Cu | D100: 3 x 1.5 mm² | E100: 20 | F100: B1-SKD-13104-PYV01A HAN 3A | G100: SOL PopV TST HPSV 2 PARTL STROKE | I100: 001 | J100: 001 | K100: B1-SKD-13104-PYV01A -Y01 | L100: SOL PopV TST HPSV 2 PARTL STROKE | O100: DSPW/SKID | P100: -C4001 | Q100: Cu 3 x 1.5 | R100: LOCAL Base Objects|Cable|A30|Z21|1503 | U100: B1-SKD-13104-PYV01A -Y01 | V100: -Y01 | W100: B1-SKD-13104-PYV01A HAN 3A | X100: HAN 3A | Z100: 2024-06-12 / Panek, P. | AB100: @@UU@@C@@ABDuAAuuUQpjoOY5znQc5znOhJ0JQpKEqQhKUqAlKVKQo6VKSpSgKSoCQKSBIEqSAAAAApIAJUkCkqAlSVKUBSgASpIEKSAAAKAoCkpUACUqSlKgAAAAAAAAAAAAAAAAAAAAAAAAAAAAAAAAAAAAUAAAAAAAFAAAAAAAAAAAAAAAAAAAAAAAAAAAAAAAAAAAAAAAAAAAAAAAAAAAAAAAAAAAAAAAAAjzdvsevxvMjxv6R2XIj7ikelF713bfP2+7O3J3546nfWu7x4PR+NvDj8n9/rl0r1Zc3e7//2+3wWpmeJrhMHDYT/hGzKjyZ7Dwo3dCTJNxJPFI8t0n35rJPf3xTFTTaFlrUyrTn1dULpKlqupfd7sb9RgHQRURkRVU/BE0ItMdMFLWfldcKlKVdLVWB0bWkwpNxHi5b2E32BFpHIUONFDIwZFzGqmFLtenLEyo/YxEzwu4Lt+9HMbGCY+LpVuZpjXYQwURfzbrmm3VEbSJ/BtRtVJaVOgilqeeosrb+aOsmqiyKR+lkXdPgaRcjyzTws+EcLnfuisVcPHC90cOdGdJPlTy6EdYWRu6nxa0u6aKcufGz5bcuWvQjrZG7h1IxbugcjDcsizlss5HTx8HVw4+fk+dXGjQjgX+9zd6XL7vWii9wasyPMxcSMJPpzDZqxt5xcevomFF2bbx8xvZWhiURqaBsaLmB/PZRsRssjcep9CNiMW7w4vmqaqMCKmsVODD6HXR2Ec8jmoxovRxOv8aPq9iN9GxFI9SOkRnI2aPbocOblEXo9Ol6UZvgSTWRqR2Eb0i4ixHd1biNxF8imH/OpztiPbSMDnMSOoxv9R7Mq5FMbARkR2hGlG8RSNaO4ika8iu1rR8JHXG0Uj66ruWPklTZ4fskiSB7gA=
A101: 20098 | B101: B1-SKD-13104-PYV01A-C4002 | C101: Cu | D101: 2 x 2.5 mm² | E101: 100 | F101: B1-TCS-1311-X31 | G101: BOX TPC/OPS | H101: B1 | I101: 001 | J101: 001 | K101: B1-SKD-13104-PYV01A HAN 3A | L101: SOL PopV TST HPSV 2 PARTL STROKE | O101: DSPW/SUPP.FI | P101: -C4002 | Q101: Cu 2 x 2.5 | R101: LOCAL Base Objects|Cable|A30|Z21|1502 | U101: B1-SKD-13104-PYV01A HAN 3A | V101: HAN 3A | X101: -X31 | Z101: 2024-06-12 / Panek, P. | AB101: @@UU@@C@@ABC8AAuMSQpjGMcxzHOcxznMc6DnQc6UJAhCDpSpCkqQlJ0nSBSlJUpSkKUBAAAUpQAAAAClKQBSVJUpSUKSlSlJSBSkgOBQAKAoCkoUACEqQlKgAAAAAAAAAAAAAAAAAAAAAAAAAAAAAAAAAAAAUAAAAAAAFAAAAAAAAAAAAAAAAAAAAAAAAAAAAAAAAAAAAAAAAAAAAAAAAAAAAAAAAAAAAAAAABCwcvwfh1bRPH/Qnx8YnhIE6RPyu9U+v01fO8q8zzw/XzTT/UH2dH2y/Hz3v7/S9jLnmlf8mO7//N4fFRFETyy5EGaiQD/wCbmZCwskB4kL+EWuvzyuCvOJ5Y/adfvqkr7W6BBNBbJCRKUEPjiUIWEMLKU0EsHXEmHUhCpdQiIPIAYYEhCTVBPBKX635gOChkQRQlJNC3BYnQ5/RTSE+egSYTW9mQGoSOKuRTNNM1XIIGCS5cl9G+JoShTQhNpmx7tQmc3Sh0XuDE1yiKAQp8tUxi4wE2Aj/AbBNhCyYdQkSiIPTCSjvfmJsTHCSEgTzSEm9vJoxATieh3rKAN7T721CVWeJVakLtB2eGrEJiFbw2Id4DviWY9d9ZuISDbhu0Yb01e04qegTXf9zIJXZjA7potnJkJbYz023K/BRl03qqDJNviYhN0w37SWm5hwdQlkkrw0ZZW40P3v9hCpTud+1CrBXwcFs+U4WSG/uZbtlVMgTFgA3s+qjDTL+eQTOhmkJQer4UNwSqzLm36+1DmgKUIc4ENPQbBPiE3gTriVCUicJs1ifL6xM4mYSBPUJqBLATNh9mE3sG0BLgnTiOkTB3BW0ExieATIpMCSBPox0CUCXFIKf849O4J7IEnNNQnbLv+ieu8TCQXScErE+QBMQmQEgS0T3xIEtrI5LROME7YHdAgT5ojl5A91hzfd9IqiAdY=
A102: 20099 | B102: B1-SKD-13104-PYV01B-C4001 | C102: Cu | D102: 3 x 1.5 mm² | E102: 20 | F102: B1-SKD-13104-PYV01B HAN 3A | G102: SOL PopV TST HPSV 2 FULL STROKE | I102: 001 | J102: 001 | K102: B1-SKD-13104-PYV01B -Y01 | L102: SOL PopV TST HPSV 2 FULL STROKE | O102: DSPW/SKID | P102: -C4001 | Q102: Cu 3 x 1.5 | R102: LOCAL Base Objects|Cable|A30|Z21|1503 | U102: B1-SKD-13104-PYV01B -Y01 | V102: -Y01 | W102: B1-SKD-13104-PYV01B HAN 3A | X102: HAN 3A | Z102: 2024-06-12 / Panek, P. | AB102: @@UU@@C@@ABDqAAunUQpjHOdBjnOdCDoQhB0oOlKUoQlKVKAkCkpUlKEAUlKlJSoCVKApIAKSAAAAApIAJSpSUgSBSUqAlSQASpIEJUAAAKAoCkpUACUqSlSgAAAAAAAAAAAAAAAAAAAAAAAAAAAAAAAAAAAAUAAAAAAAFAAAAAAAAAAAAAAAAAAAAAAAAAAAAAAAAAAAAAAAAAAAAAAAAAAAAAAAAAAAAAAAAAj0dzte/yP2R9TyP5R8yPCUj2oyPfd1vX3O7O5J355KnfWu7x+Hs8tvFh6P68+bSyKzaO94P/t4LrUzsGmEv5thP+EbuVHo0WH4oz7KTLMSSeOR6bpPDosk6O8KbFPLaFlrUzLTm1dULpKlqupbJrRcOeiojBFVT8kTZRabFL6Wsy+a4XylKvlqrE6FrSZEmJHj5MjGal6LSOoUOYihlX5V0xJgXZ9OaJmR+psE/SF2u7lZEbzUvmHDnmwteQrF+eS/ZrpiOIifucSOJUlpU6CKWp66iyuLzI4026LIpHnsi7paBZHpmblt/lvUi2Orhww+R0cedGdJOwnp0I4hZGfq81LdJFOTc2GjLbDkfRg9iOPP2da2JtZd1GfFp2x1l2S9ciz1Wsxrq2tOHK6uFzDst2/hRpRtsfBv6pcyXe9FGvj5SNLJwIzk5egb+7g53Bt8JiRdn39xt4NDIojaaJNVc+5e/jto3kb1kceDI9zso1Iy6Odl7FTcovRU3RU1+xxo7SOcRrRsIxo4XH1kfZ8Ea0akUj3I+MjZI1bX+bTg0cgjIj26XtRo6iSbhG2j6Ubsi4ixHd28SMSMkimP+/l5mpH+Ui9zGwjiYP9R8My5FMF5GVH1iNKN0ikbiOmikbmVXb3EdQj5x1xSPuqvtsdeVNXi++IkgfEA
A103: 20100 | B103: B1-SKD-13104-PYV01B-C4002 | C103: Cu | D103: 2 x 2.5 mm² | E103: 100 | F103: B1-TCS-1311-X31 | G103: BOX TPC/OPS | H103: B1 | I103: 001 | J103: 001 | K103: B1-SKD-13104-PYV01B HAN 3A | L103: SOL PopV TST HPSV 2 FULL STROKE | O103: DSPW/SUPP.FI | P103: -C4002 | Q103: Cu 2 x 2.5 | R103: LOCAL Base Objects|Cable|A30|Z21|1502 | U103: B1-SKD-13104-PYV01B HAN 3A | V103: HAN 3A | X103: -X31 | Z103: 2024-06-12 / Panek, P. | AB103: @@UU@@C@@ABC6AAuLUQhjHOc5zHMg50HMc6DnUc50IQk6UJAlCUgQlCEnQACVJSoCVKApIAAUkAAAABQFKQBSVIApSUJSpSlISACVIQAAAKAoCkoUACEqQlKgAAAAAAAAAAAAAAAAAAAAAAAAAAAAAAAAAAAAUAAAAAAAFAAAAAAAAAAAAAAAAAAAAAAAAAAAAAAAAAAAAAAAAAAAAAAAAAAAAAAAAAAAAAAAABC2PN5Py7OkT5/T/QnAJ6CBOsT9L3ZTxe6rzvmXkeaH7uSin7Q+/q/CfV7L/9/tfxFznmv14p//k9HLajYimb9iDRakB/4BMmVDAYJA5UK8AtVXsm4K8wn5x7aV/G6SAd3MBBRBuShJMwQ+mJhDAQwszRBOkScEJvIQqXkIiD1gGGBIQkuwUwTPqz0AUsEEUpaKIW2LE0oc3726QpzWhKBOJ3pA3BI36pLdFFDbW6krjsrRrEzpaUzoUaKPluCbRmKXPVwatlqJ57gIXc9VGLwAJrBH+A1iayFlh7gkTEQe6EmNf6icaWQkiQJzyJR38mECgT2te3o28/ShRcIpA3d5DTn7nbvYhMQrWOFDvAaxMPDfGd8SDoyXcFU3ujvRe6hNfj0UzjEqwYgOI046ShCenJNy9dxUU+Hjy7deC/V45jJNreEsExlmPITc03c+jsE2ZTcpxTtWIbtfaQxKZrALld7tbNGM1Moasdl2u7bkEwVgaaO3TP8+UTIhjkTVbPf5EN/aEqwZMuqvfhywFtCHMBDb6jWJ3RNsE0iXRLYmo8PCJ9PwEziZhIE94m8CYATLh+OE3djoAS4J17J1ibHCK2AmIT5hMalAJIJ58VoS0JcUgt/5waNoT4wJSaLonGXv9E+F8oEgvFIJUJ9ACbImMEgSwTgEgSyojy2CeAE74HiAgT64j6vIHiYcvL9iKiAfIA==
A104: 20101 | B104: B1-SKD-13105-PYV01-C4001 | C104: Cu | D104: 2 x 2 x 0,75 mm² | E104: 20 | F104: B1-SKD-13105-PYV01 HAN 10A | G104: SERVOVALVE FOR HPCV 2 | I104: 001 | J104: 001 | K104: B1-SKD-13105-PYV01-A01 | L104: SERVOVALVE FOR HPCV 2 | O104: DSPW/SKID | P104: -C4001 | Q104: Cu 2 x 2 x 0,75 | R104: LOCAL Base Objects|Cable|A30|Z20|0522 | U104: B1-SKD-13105-PYV01-A01 | V104: -A01 | W104: B1-SKD-13105-PYV01 HAN 10A | X104: HAN 10A | Z104: 2024-06-14 / Panek, P. | AB104: @@UU@@C@@ABC4AAuNUQpjnOdBzoMc6EHQc6EJQhCUJShKEqUpSlAShKkJUlIFJSBQEpAlIAAUpQAKUBSQJUACgIUpSkqApSVKSBKUqSkAAKAoCkpUACVJSlSgAAAAAAAAAAAAAAAAAAAAAAAAAAAAAAAAAAAAUAAAAAAAFAAAAAAAAAAAAAAAAAAAAAAAAAAAAAAAAAAAAAAAAAAAAAAAAAAAAAAAAAAAAAAAAAjzdzset+Dyo+l9z+UdIj0o9duPz9t8s7cnen6VO8td9Rn9Hf+y7J4f606+yzqvz/Q/+u73rX2VZohKyWE/4Rk8GVHhvsOei/EkysKScsjx3SfXm5tyTxahTJTv2hZa1OVactXVC6SparqW3kWx17istRLCkl0in3omwizWpgpayhaUpVpZVS5VSYElsCOXyYmA22BFv1bZYOcihta9MVl0wplNGzfEvR4jG/OF27d+NIxo0ttdMnf6GxMi2EMtEY8uS7P0hHIRP3ORHIqS0qcSKWp56iyup+SPiTaosikeCyLveziyOGdFfvt/yorFXDDyN7o4uFnRnSTEnjzo+EWRfx5+BLvdRTaftp2b/fXWzX5HoRx2Z8OlGPNsj4GK5ejyVvNzRdm5PNh18nNfHrVdz0bSMG9uX9dj3mD1oo8zg4OZsov6CM6MW6+TdFrtvU4eht8TUxIwY9HFpzkZhkb38dlGpGmyNh10aXE4GpGbT1dya/YqcyjCipqFTX87qI4Uc0jdRrIxI4XJ00dr2I3UepFI/tG+RnI3Nj/Nhzs3lEY0enZelGbjSTaI0I66NMi4ixHz6MKMKMcimL1dPf20f5SMDGj23+o9mRlRTWYCMiO0I2EbRFI0I6yKRoyqdnQjrEciJ81V3LHVlTV9vdJIge0A
A105: 20102 | B105: B1-SKD-13105-PYV02-C4001 | C105: Cu | D105: 3 x 1.5 mm² | E105: 20 | F105: B1-SKD-13105-PYV02 HAN 3A | G105: SOLENOID PopV HPCV 2 | I105: 001 | J105: 001 | K105: B1-SKD-13105-PYV02 -Y01 | L105: SOLENOID PopV HPCV 2 | O105: DSPW/SKID | P105: -C4001 | Q105: Cu 3 x 1.5 | R105: LOCAL Base Objects|Cable|A30|Z21|1503 | U105: B1-SKD-13105-PYV02 -Y01 | V105: -Y01 | W105: B1-SKD-13105-PYV02 HAN 3A | X105: HAN 3A | Z105: 2024-06-12 / Panek, P. | AB105: @@UU@@C@@ABCqAAuCUQpjHQc6DnOc6EHQdCEoShCkpShKEqApQEJQpSEJUhSlASlSgKSlIAKABIAAQACAJUBQEqUpSQKApCgKUlKkqSpQAKAoCkpUACUqSlKgAAAAAAAAAAAAAAAAAAAAAAAAAAAAAAAAAAAAUAAAAAAAFAAAAAAAAAAAAAAAAAAAAAAAAAAAAAAAAAAAAAAAAAAAAAAAAAAAAAAAAAAAAAAAAAjzd3s+rwvKin9I4EcqkehHqtw+bufRO3Jin3VOZa7lO/5/Db6tX8/758mu5VZc/Lf/9ubv2plYGiEvtYT/hGnVR+WWw6iMmZJjmBJPBI8d0n05rJPFpFMVPDaFlrU8C06VXVC6SparqW6KLTFURi6y0oVLSKfaiZ0WYqX0tg571wvlKVaWqsDftaTCktgR9fkwrzoL0W2ih00UMapfjWmBNUsLtGvkiZEeI1OeueF+5dt0jEjZdBdMe9mmJa8hg+/DdrdcRxET+DiRxKktKm+ilqeaosrj/BHYTRRZFI/GyLveziyPFMm42/1RWCt6HTb+CzIjIknjfolZUcYsjJ8G6lvdRTyaM+OY9Xr+dFcWNlmpoRiy5xvcLDesjgrr+Xscf7ZdzGx9krqo0I3mbe3O06F7Ff6kUYX7uls7aMW+jMS2XENfR1d/RyF6LursNGjMRkHW9z+fnRpRpsjBrPS7SOpf29lGbTf8nUy9mps0aiKm0KnR8740Z0e2RuIxI1Ebz4vhR3PWjcR0UUj0o3SM5G3rezWdPN5RGFHo13oRm4Uk2CNCPlRpkXEWI72jAjAjDIpqf57+7tI9lIvbrEjjar/UevIuRTVXkY0d0Rro0kUjYRwIpGxjV3NhHIRyDhFI71V81jklTa+zmiIge0A=
A106: 20103 | B106: B1-SKD-13105-PYV02-C4002 | C106: Cu | D106: 2 x 2.5 mm² | E106: 100 | F106: B1-TCS-1311-X31 | G106: BOX TPC/OPS | H106: B1 | I106: 001 | J106: 001 | K106: B1-SKD-13105-PYV02 HAN 3A | L106: SOLENOID PopV HPCV 2 | O106: DSPW/SUPP.FI | P106: -C4002 | Q106: Cu 2 x 2.5 | R106: LOCAL Base Objects|Cable|A30|Z21|1502 | U106: B1-SKD-13105-PYV02 HAN 3A | V106: HAN 3A | X106: -X31 | Z106: 2024-06-12 / Panek, P. | AB106: @@UU@@C@@ABCSAAt2SQpSnMc5zHQc5znMdKEHQc50JOlJ0JSA6UgSlCTpOlQAAQBQFKSlSgAUkAAAUBKkqUpSgJABCkpUBKUqUBKVISoAAKAoCkoUACEqQlKgAAAAAAAAAAAAAAAAAAAAAAAAAAAAAAAAAAAAUAAAAAAAFAAAAAAAAAAAAAAAAAAAAAAAAAAAAAAAAAAAAAAAAAAAAAAAAAAAAAAAAAAAAAAAABCv/Rx8nR7RJf0J2hPrgTnE9HRPue7w/U+Fbr+UP2eSdPGH3c34S8363v79N7GYfVK/5qeT//t+/8bUX4pKeRBnKQD/wCbuVDAYJAakL2EWuv9JWxXkE88eyi+W5JX15QIJwaZISJSgh3olCHIQwspTgloElggA1wwBC3YYEg84BhgSEJFyCkEjNdpMCjBBEktE4WoWJUQ5P2qoFMtoSfppldVAOsJFeuTclObUttkAZMF8pCl8SWZKjMhTPPfhC4JumUm5r29hbpK0CFX53L1MHbATYCP8BsE2ELJh1CRKIg90JKNnoE7yWQkhIE9UhJ6+nhXvxQT1t/Rn9ntQlURp4UIzdfVbpiExCu28OBDvATEv93cGWsSDlsw1ld3Xy8wkbb3HgyCV4MQGw36qE0NlrR3+11JcWiuu5xlkT4RLBKzBh29Oem5n0dAmKSda9+9WamTIhucKGNTFWBVucOKVhvskOrksqvAlYHBLr/z8wliGOQlmH36ULBK8dmTVr03+xDvQFOzdQm74EN21zG0T5ROAE4BLolsTUbdgng+AmgTMJAnvE0AmAEzYfjhOrf5QEtic+I5xL/EK2AmMTjEyKTBJAnix2hLQltSCr/O5n3RPjAlDPcE2l3/RPheJiQXSgJWJ4AExCZASBLBOyJAllZHz2CcQJ2wOwBAniiPpmHyMO75fGgggHSA=
A107: 20104 | B107: B1-SKD-13106-PYV01A-C4001 | C107: Cu | D107: 3 x 1.5 mm² | E107: 20 | F107: B1-SKD-13106-PYV01A HAN 3A | G107: SOL PopV TST LPSF PARTL STROKE | I107: 001 | J107: 001 | K107: B1-SKD-13106-PYV01A -Y01 | L107: SOL PopV TST LPSF PARTL STROKE | O107: DSPW/SKID | P107: -C4001 | Q107: Cu 3 x 1.5 | R107: LOCAL Base Objects|Cable|A30|Z21|1503 | U107: B1-SKD-13106-PYV01A -Y01 | V107: -Y01 | W107: B1-SKD-13106-PYV01A HAN 3A | X107: HAN 3A | Z107: 2024-06-12 / Panek, P. | AB107: @@UU@@C@@ABDmAAulSQpjHQc5zoQc50nOdCEISlCUpShCVJUBKUoUBKUJAhKlKSkAFKAlKgAAkAAKApKQKSlIFKUlKlKUpSQASpKVJSoAAKAoCkpUACUqSlKgAAAAAAAAAAAAAAAAAAAAAAAAAAAAAAAAAAAAUAAAAAAAFAAAAAAAAAAAAAAAAAAAAAAAAAAAAAAAAAAAAAAAAAAAAAAAAAAAAAAAAAAAAAAAAAjy9rr+30I8T+kdxwI8BSPWj8ntu6fp+jtztSd6ffU7y13dPB6vwtox+T+/Hr8dhVr5fq7v/2+vv2pleFphL+/YT/hG1ro8maw15GZJjl6SeGR5bpPs2LJPg2hTFTPaFlrU1LTlVdULpKlqupbkItMVRvIqIx1UiniRMyLMVL6W83PsLpSlXxaqwOda0mFJbAj7v2wrzbXotI4ChvIoXY1pemK7ToyRMiMHlKmKqfpC/k3X7mJFtlt4EVUyb2WY1ryGD8cN2LgEdQifwdRHUVJaVOcilqemosrh/NHVTRRZFI8dkXdDcZxcjzTdZcA3XJ9CKw1+u9Dmt/WzIzJJ8KebOjhFkbHT5iW6KKefViZcluiyepHocOXW0IxbGcZGzhvXIsutZqZNGv8XQ4Ohy9jbfGtvouRvM/N5OWXMN3tRRhbunbbaMXNRrE7GUbmDRjb7e39POaylIu39TT++RnSNhmRtM1y9/PzI2UbNkex8qNlGHTyOVi61TVRgRU2RU5HW9TiR10cwjdRjRhRvOLqo+f3I3EbiKR7Ec8jMRuZ/fncvL5xGFHr471oy8CSaSNCOwjVIuIsR29GBGBGGRTW/zpbu0j30i9usSOkxv9R7tdcimNeRkR2RHHRqIpGlH0opGnIrs6UdMjiHCKR16r5LHFKm19vckJIHGA==
...

Sheet Query_CSI
A1: COMOS query export Cover sheet
A4: User hint
A5: Ladies and gentlemen, This Excel file contains data, exported via CAE software COMOS. This data can be reimported to COMOS. For a dataflow without any complications, you have to note the items below: - Only cells with white background can be changed. - Do not remove the sheet protection, because this protection is effective only for not editable cells. - Do not use sorting, filter etc., you might lose very important import information for COMOS. - The first row and last column of an exported sheet includes important information in XML format; modifying or deleting this data causes, that the COMOS import does not work anymore.
A21: COMOS system information
A22: COMOS version | B22: 10.4.1 ServicePack 41
A23: User name | B23: PG112342
A24: Database | B24: PT_SQL_SERVER_1
A25: Project | B25: Turkistan CCGT
A26: Date | B26: 22.07.2024 19:08:26
A27: File name | B27: C:\Users\pg112342\Documents\cable_list_240722.xlsx
A28: Table name | B28: QUERY
A29: Working layer | B29: DD_240528
A30: Query information
A31: Name | B31: A63
A32: Description | B32: Cable list
A33: Start object | B33: Turkistan CCGT
A34: SystemFullName | B34: QU10|A63
